6507966;472698;727011;6507966C;6507963;472700;727074;6507963C;LOGITUS Sp. z o.o.;światłowodowe;-;Nie;Nie;-;-;-;podziemny w rurociągu;0.1;Nie
6285562;473229;727026;6285562C;6229005;473263;727041;6229005C;Orange Polska S.A.;światłowodowe;-;Tak;Nie;-;-;-;podziemny w kanalizacji;0.1;Nie
6025661;472955;727231;6025661C;6474846;473039;727132;6474846C;Orange Polska S.A.;światłowodowe;-;Tak;Nie;-;-;-;podziemny w kanalizacji;0.2;Nie
6243431;473235;727444;6243431C;6175276;473198;727435;6175276C;Orange Polska S.A.;światłowodowe;-;Tak;Nie;-;-;-;podziemny w kanalizacji;0.1;Nie
6575376;472995;727015;6575376C;6567949;473083;726804;6567949C;Orange Polska S.A.;światłowodowe;-;Tak;Nie;-;-;-;podziemny w kanalizacji;0.5;Nie
6839116;472733;727034;6839116N;5763736;472609;726866;5763736C;Orange Polska S.A.;światłowodowe;-;Tak;Nie;-;-;-;podziemny w kanalizacji;0.5;Nie
6507966;472698;727011;6507966C;6507959;472602;727013;6507959C;LOGITUS Sp. z o.o.;światłowodowe;-;Nie;Nie;-;-;-;podziemny w rurociągu;0.1;Nie
6507959;472602;727013;6507959C;6507962;472580;727042;6507962C;LOGITUS Sp. z o.o.;światłowodowe;-;Nie;Nie;-;-;-;podziemny w rurociągu;0.1;Nie
6254346;473108;726669;6254346C;6839116;472733;727034;6839116N;Orange Polska S.A.;światłowodowe;-;Tak;Nie;-;-;-;podziemny w kanalizacji;1.1;Nie
6129552;473485;726807;6129552C;6956003;474114;726736;6956003N;T-MOBILE POLSKA S.A.;światłowodowe;-;Nie;Nie;-;-;-;podziemny;0.7;Nie
7173427;474389;726755;7173427N;7174481;472472;726778;7174481N;ENERGA-OPERATOR S.A.;światłowodowe;-;Tak;Nie;-;-;-;napowietrzny;3.2;Nie
5987948;475910;726770;5987948C;6837861;473107;727632;6837861N;Orange Polska S.A.;światłowodowe;-;Tak;Nie;-;-;-;podziemny w kanalizacji;3.9;Nie
6837861;473107;727632;6837861N;5817236;473413;726785;5817236C;Orange Polska S.A.;światłowodowe;-;Tak;Nie;-;-;-;podziemny w kanalizacji;1.3;Nie
6507197;472699;727216;6507197C;6507966;472698;727011;6507966C;LOGITUS Sp. z o.o.;światłowodowe;-;Nie;Nie;-;-;-;podziemny w rurociągu;0.4;Nie
6837861;473107;727632;6837861N;5683977;473284;726757;5683977C;Orange Polska S.A.;światłowodowe;-;Tak;Nie;-;-;-;podziemny w kanalizacji;2;Nie
6278143;473932;726612;6278143C;6837861;473107;727632;6837861N;Orange Polska S.A.;światłowodowe;-;Tak;Nie;-;-;-;podziemny;1.9;Nie
6837861;473107;727632;6837861N;6838756;473912;726615;6838756N;Orange Polska S.A.;światłowodowe;-;Tak;Nie;-;-;-;podziemny w rurociągu;1.9;Nie
5872238;473784;726782;5872238C;5872243;473916;726675;5872243C;EXATEL S.A.;światłowodowe;-;Nie;Nie;-;-;-;podziemny;0.3;Nie
5677203;474601;727208;5677203C;6271739;474852;727123;6271739C;Orange Polska S.A.;światłowodowe;-;Tak;Nie;-;-;-;podziemny w kanalizacji;0.4;Nie
7077537;475905;726771;7077537N;5730767;475771;726721;5730767C;Orange Polska S.A.;światłowodowe;-;Tak;Nie;-;-;-;podziemny w kanalizacji;0.3;Nie
6415180;475891;727276;6415180C;5801074;475855;727241;5801074C;Orange Polska S.A.;światłowodowe;-;Tak;Nie;-;-;-;podziemny;0.1;Nie
6157403;475057;727076;6157403C;5778360;475495;726595;5778360C;T-MOBILE POLSKA S.A.;światłowodowe;-;Nie;Nie;-;-;-;podziemny;0.7;Nie
5757382;474746;726714;5757382C;5699808;474574;726651;5699808C;Orange Polska S.A.;światłowodowe;-;Tak;Nie;-;-;-;podziemny w kanalizacji;0.2;Nie
5686722;474708;726778;5686722C;5682970;474685;726779;5682970C;Orange Polska S.A.;światłowodowe;-;Tak;Nie;-;-;-;podziemny w kanalizacji;0.1;Nie
6129550;473420;726763;6129550C;5777011;472581;726501;5777011C;T-MOBILE POLSKA S.A.;światłowodowe;-;Nie;Nie;-;-;-;podziemny;0.9;Nie
6507347;473389;726757;6507347C;6507162;472584;726522;6507162C;LOGITUS Sp. z o.o.;światłowodowe;-;Nie;Nie;-;-;-;podziemny w kanalizacji;1;Nie
6566784;472698;726533;6566784C;6574839;472779;726562;6574839C;Orange Polska S.A.;światłowodowe;-;Tak;Nie;-;-;-;podziemny w kanalizacji;0.1;Nie
5671330;472838;726615;5671330C;6647096;472860;726571;6647096N;UPC POLSKA sp. z o.o.;światłowodowe;-;Nie;Nie;-;-;-;podziemny w kanalizacji;0.1;Nie
5671330;472838;726615;5671330C;5668780;472949;726883;5668780C;UPC POLSKA sp. z o.o.;światłowodowe;-;Tak;Nie;-;-;-;podziemny w kanalizacji;0.6;Nie
5972903;473187;726685;5972903C;5819961;472958;726813;5819961C;Orange Polska S.A.;światłowodowe;-;Tak;Nie;-;-;-;podziemny w kanalizacji;0.4;Nie
6297409;472901;726788;6297409C;5840732;472809;726841;5840732C;Orange Polska S.A.;światłowodowe;-;Tak;Nie;-;-;-;podziemny w rurociągu;0.2;Nie
6632575;472821;726810;6632575N;6632757;472863;726785;6632757N;UPC POLSKA sp. z o.o.;światłowodowe;-;Tak;Nie;-;-;-;podziemny w kanalizacji;0.1;Nie
6214120;472580;726481;6214120C;6214119;472619;726828;6214119C;NAUKOWA I AKADEMICKA SIEĆ KOMPUTEROWA - PAŃSTWOWY INSTYTUT BADAWCZY;światłowodowe;-;Nie;Nie;-;-;-;podziemny w kanalizacji;0.8;Nie
6507162;472584;726522;6507162C;6746140;472511;726786;6746140N;LOGITUS Sp. z o.o.;światłowodowe;-;Nie;Nie;-;-;-;podziemny w kanalizacji;0.4;Nie
6464663;472584;726522;6464663C;5704961;472568;726936;5704961C;Orange Polska S.A.;światłowodowe;-;Tak;Nie;-;-;-;podziemny w kanalizacji;0.6;Nie
6214119;472619;726828;6214119C;6215854;472568;726936;6215854C;NAUKOWA I AKADEMICKA SIEĆ KOMPUTEROWA - PAŃSTWOWY INSTYTUT BADAWCZY;światłowodowe;-;Nie;Nie;-;-;-;podziemny w kanalizacji;0.8;Nie
5763736;472609;726866;5763736C;7081010;472538;726868;7081010N;Orange Polska S.A.;światłowodowe;-;Tak;Nie;-;-;-;podziemny w kanalizacji;0.3;Nie
7081010;472538;726868;7081010N;6564400;472568;726936;6564400C;Orange Polska S.A.;światłowodowe;-;Tak;Nie;-;-;-;podziemny w kanalizacji;0.1;Nie
7081010;472538;726868;7081010N;5763736;472609;726866;5763736C;Orange Polska S.A.;światłowodowe;-;Tak;Nie;-;-;-;podziemny w kanalizacji;0.2;Nie
6748999;472540;726875;6748999N;6748616;472542;726882;6748616N;NETIA S.A.;światłowodowe;-;Nie;Nie;-;-;-;podziemny;0.1;Nie
5972903;473187;726685;5972903C;5681228;473012;726760;5681228C;Orange Polska S.A.;światłowodowe;-;Tak;Nie;-;-;-;podziemny w kanalizacji;0.4;Nie
6567949;473083;726804;6567949C;5972903;473187;726685;5972903C;Orange Polska S.A.;światłowodowe;-;Tak;Nie;-;-;-;podziemny w kanalizacji;0.2;Nie
5972903;473187;726685;5972903C;5747687;473093;726745;5747687C;Orange Polska S.A.;światłowodowe;-;Tak;Nie;-;-;-;podziemny w kanalizacji;0.3;Nie
6165246;473514;726975;6165246C;6549505;473566;726833;6549505C;Orange Polska S.A.;światłowodowe;-;Tak;Nie;-;-;-;podziemny w kanalizacji;0.3;Nie
6163043;473122;726963;6163043C;6005396;473132;726924;6005396C;Orange Polska S.A.;światłowodowe;-;Tak;Nie;-;-;-;podziemny w kanalizacji;0.1;Nie
6491765;472921;727167;6491765C;5915148;472936;727080;5915148C;Orange Polska S.A.;światłowodowe;-;Tak;Nie;-;-;-;podziemny w kanalizacji;0.2;Nie
6647098;473021;726733;6647098N;6766284;473085;726812;6766284N;UPC POLSKA sp. z o.o.;światłowodowe;-;Tak;Nie;-;-;-;podziemny w kanalizacji;0.1;Nie
6025661;472955;727231;6025661C;5765234;473077;727277;5765234C;Orange Polska S.A.;światłowodowe;-;Tak;Nie;-;-;-;podziemny w kanalizacji;0.2;Nie
6507359;473469;726535;6507359C;6507347;473389;726757;6507347C;LOGITUS Sp. z o.o.;światłowodowe;-;Nie;Nie;-;-;-;podziemny w kanalizacji;0.4;Nie
6507347;473389;726757;6507347C;6507203;473396;727150;6507203C;LOGITUS Sp. z o.o.;światłowodowe;-;Nie;Nie;-;-;-;podziemny w kanalizacji;0.6;Nie
6507203;473396;727150;6507203C;6507405;473760;727347;6507405C;LOGITUS Sp. z o.o.;światłowodowe;-;Nie;Nie;-;-;-;podziemny w kanalizacji;0.6;Nie
5669478;473800;727228;5669478C;6430587;474358;727387;6430587C;UPC POLSKA sp. z o.o.;światłowodowe;-;Tak;Nie;-;-;-;podziemny w kanalizacji;0.1;Nie
5763116;473469;726535;5763116C;5710343;473385;726478;5710343C;Orange Polska S.A.;światłowodowe;-;Tak;Nie;-;-;-;podziemny w kanalizacji;0.2;Nie
6205254;473387;726536;6205254C;6205253;473385;726478;6205253C;MULTIMEDIA  POLSKA  Sp. z o. o.;światłowodowe;-;Nie;Nie;-;-;-;podziemny;0.1;Nie
6507359;473469;726535;6507359C;6507417;473385;726478;6507417C;LOGITUS Sp. z o.o.;światłowodowe;-;Nie;Nie;-;-;-;podziemny w rurociągu;0.1;Nie
5763116;473469;726535;5763116C;6259021;473480;726495;6259021C;Orange Polska S.A.;światłowodowe;-;Tak;Nie;-;-;-;podziemny w kanalizacji;0.4;Nie
6507359;473469;726535;6507359C;6507415;473480;726495;6507415C;LOGITUS Sp. z o.o.;światłowodowe;-;Nie;Nie;-;-;-;podziemny w rurociągu;0.1;Nie
6507359;473469;726535;6507359C;6507418;473387;726536;6507418C;LOGITUS Sp. z o.o.;światłowodowe;-;Nie;Nie;-;-;-;podziemny w rurociągu;0.1;Nie
6507347;473389;726757;6507347C;6507421;473257;726454;6507421C;LOGITUS Sp. z o.o.;światłowodowe;-;Nie;Nie;-;-;-;podziemny w kanalizacji;0.7;Nie
7077537;475905;726771;7077537N;5747312;475939;726831;5747312C;Orange Polska S.A.;światłowodowe;-;Tak;Nie;-;-;-;podziemny w kanalizacji;0.1;Nie
6467918;475987;726900;6467918C;6054375;475822;726876;6054375C;Orange Polska S.A.;światłowodowe;-;Tak;Nie;-;-;-;podziemny w kanalizacji;0.3;Nie
5765409;473614;727774;5765409C;6951069;473588;727785;6951069N;T-MOBILE POLSKA S.A.;światłowodowe;-;Nie;Nie;-;-;-;podziemny;0.1;Nie
6271739;474852;727123;6271739C;5936579;475940;726876;5936579C;Orange Polska S.A.;światłowodowe;-;Tak;Nie;-;-;-;podziemny w kanalizacji;1.6;Nie
5730165;474652;725268;5730165C;5706922;474608;725228;5706922C;Orange Polska S.A.;światłowodowe;-;Tak;Nie;-;-;-;podziemny w kanalizacji;0.1;Nie
5692066;475328;725558;5692066C;5951770;475318;725663;5951770C;Orange Polska S.A.;światłowodowe;-;Tak;Nie;-;-;-;podziemny;0.2;Nie
6118700;475328;725558;6118700C;6375616;475454;725637;6375616C;Światłowód Inwestycje Sp. z o. o.;światłowodowe;-;Tak;Nie;-;-;-;podziemny w kanalizacji;0.3;Nie
6375616;475454;725637;6375616C;6292692;475352;725663;6292692C;Światłowód Inwestycje Sp. z o. o.;światłowodowe;-;Tak;Nie;-;-;-;podziemny w kanalizacji;0.1;Nie
6118700;475328;725558;6118700C;6389314;475454;725637;6389314C;Światłowód Inwestycje Sp. z o. o.;światłowodowe;-;Tak;Nie;-;-;-;podziemny;0.2;Nie
5692066;475328;725558;5692066C;6013083;475169;725485;6013083C;Orange Polska S.A.;światłowodowe;-;Tak;Nie;-;-;-;podziemny w kanalizacji;0.2;Nie
5692066;475328;725558;5692066C;6272026;475224;725594;6272026C;Orange Polska S.A.;światłowodowe;-;Tak;Nie;-;-;-;podziemny w kanalizacji;0.2;Nie
6507356;474333;726115;6507356C;6746708;474396;726127;6746708N;LOGITUS Sp. z o.o.;światłowodowe;-;Nie;Tak;-;-;-;podziemny w rurociągu;0.1;Nie
6507356;474333;726115;6507356C;6746741;474446;726207;6746741N;LOGITUS Sp. z o.o.;światłowodowe;-;Nie;Tak;-;-;-;podziemny w rurociągu;0.1;Nie
6507356;474333;726115;6507356C;6746708;474396;726127;6746708N;LOGITUS Sp. z o.o.;światłowodowe;-;Nie;Nie;-;-;-;podziemny w rurociągu;0.1;Nie
6507356;474333;726115;6507356C;7008775;474772;726424;7008775N;LOGITUS Sp. z o.o.;światłowodowe;-;Nie;Nie;-;-;-;podziemny w rurociągu;1;Nie
6645681;474523;726201;6645681N;6633100;474750;726389;6633100N;UPC POLSKA sp. z o.o.;światłowodowe;-;Tak;Nie;-;-;-;podziemny w kanalizacji;0.7;Nie
6452662;474728;725980;6452662C;5874591;474753;725861;5874591C;Orange Polska S.A.;światłowodowe;-;Tak;Nie;-;-;-;podziemny w kanalizacji;0.2;Nie
5782818;474565;726178;5782818C;6502265;474839;726399;6502265C;Światłowód Inwestycje Sp. z o. o.;światłowodowe;-;Tak;Nie;-;-;-;podziemny w kanalizacji;0.6;Nie
6600133;474495;726052;6600133C;5675218;474477;725951;5675218C;Orange Polska S.A.;światłowodowe;-;Tak;Nie;-;-;-;podziemny w kanalizacji;0.3;Nie
5926928;474418;725366;5926928C;6406439;473935;725611;6406439C;Orange Polska S.A.;światłowodowe;-;Tak;Nie;-;-;-;podziemny w kanalizacji;0.6;Nie
6746901;474116;725363;6746901N;6746906;474000;725221;6746906N;LOGITUS Sp. z o.o.;światłowodowe;-;Nie;Nie;-;-;-;podziemny w rurociągu;0.2;Nie
6746901;474116;725363;6746901N;6746282;474018;725385;6746282N;LOGITUS Sp. z o.o.;światłowodowe;-;Nie;Nie;-;-;-;podziemny w rurociągu;0.2;Nie
6645774;474240;725460;6645774N;6645772;474094;725278;6645772N;UPC POLSKA sp. z o.o.;światłowodowe;-;Nie;Nie;-;-;-;podziemny w kanalizacji;0.4;Nie
6746901;474116;725363;6746901N;6746899;474291;725388;6746899N;LOGITUS Sp. z o.o.;światłowodowe;-;Nie;Nie;-;-;-;podziemny w rurociągu;0.2;Nie
5926928;474418;725366;5926928C;5906780;474569;725557;5906780C;Orange Polska S.A.;światłowodowe;-;Tak;Nie;-;-;-;podziemny w kanalizacji;0.4;Nie
7008913;473749;725403;7008913N;6746280;473623;725344;6746280N;LOGITUS Sp. z o.o.;światłowodowe;-;Nie;Nie;-;-;-;podziemny w rurociągu;0.2;Nie
7008921;473917;725738;7008921N;7008913;473749;725403;7008913N;LOGITUS Sp. z o.o.;światłowodowe;-;Nie;Nie;-;-;-;podziemny w rurociągu;0.7;Nie
6540260;473798;725437;6540260C;6554025;473770;725375;6554025C;Orange Polska S.A.;światłowodowe;-;Tak;Nie;-;-;-;podziemny w kanalizacji;0.1;Nie
7008921;473917;725738;7008921N;6746901;474116;725363;6746901N;LOGITUS Sp. z o.o.;światłowodowe;-;Nie;Nie;-;-;-;podziemny w rurociągu;0.7;Nie
6090129;474004;725580;6090129C;6052133;473997;725580;6052133C;T-MOBILE POLSKA S.A.;światłowodowe;-;Nie;Nie;-;-;-;podziemny;0.1;Nie
6540260;473798;725437;6540260C;6554025;473770;725375;6554025C;Orange Polska S.A.;światłowodowe;-;Tak;Nie;-;-;-;podziemny w kanalizacji;0.1;Nie
5725514;473749;725403;5725514C;6007891;473623;725344;6007891C;Orange Polska S.A.;światłowodowe;-;Tak;Nie;-;-;-;podziemny w kanalizacji;0.1;Nie
6746530;473737;725943;6746530N;7008923;473619;726018;7008923N;LOGITUS Sp. z o.o.;światłowodowe;-;Nie;Nie;-;-;-;podziemny w rurociągu;0.2;Nie
6746527;473668;725879;6746527N;6746529;473621;725803;6746529N;LOGITUS Sp. z o.o.;światłowodowe;-;Nie;Nie;-;-;-;podziemny w rurociągu;0.2;Nie
6746530;473737;725943;6746530N;6746527;473668;725879;6746527N;LOGITUS Sp. z o.o.;światłowodowe;-;Nie;Nie;-;-;-;podziemny w rurociągu;0.2;Nie
7008921;473917;725738;7008921N;6746530;473737;725943;6746530N;LOGITUS Sp. z o.o.;światłowodowe;-;Nie;Nie;-;-;-;podziemny w rurociągu;0.4;Nie
5690454;473785;726015;5690454C;5919998;473862;725877;5919998C;Orange Polska S.A.;światłowodowe;-;Tak;Nie;-;-;-;podziemny w kanalizacji;0.2;Nie
6746280;473623;725344;6746280N;6746279;473487;725390;6746279N;LOGITUS Sp. z o.o.;światłowodowe;-;Nie;Nie;-;-;-;podziemny w rurociągu;0.2;Nie
7008915;473436;725502;7008915N;7008917;473419;725612;7008917N;LOGITUS Sp. z o.o.;światłowodowe;-;Nie;Nie;-;-;-;podziemny w rurociągu;0.2;Nie
7008917;473419;725612;7008917N;6746278;473415;725722;6746278N;LOGITUS Sp. z o.o.;światłowodowe;-;Nie;Nie;-;-;-;podziemny w rurociągu;0.2;Nie
6746529;473621;725803;6746529N;6746278;473415;725722;6746278N;LOGITUS Sp. z o.o.;światłowodowe;-;Nie;Nie;-;-;-;podziemny w rurociągu;0.3;Nie
6645773;473758;725989;6645773N;5671329;473483;725438;5671329C;UPC POLSKA sp. z o.o.;światłowodowe;-;Nie;Nie;-;-;-;podziemny w kanalizacji;0.8;Nie
6198245;472949;726579;6198245C;7119431;473769;725757;7119431N;NETIA S.A.;światłowodowe;-;Nie;Nie;-;-;-;podziemny;2.1;Nie
6059205;473541;726361;6059205C;6129550;473420;726763;6129550C;T-MOBILE POLSKA S.A.;światłowodowe;-;Nie;Nie;-;-;-;podziemny;0.4;Nie
6507360;473862;725877;6507360C;6507359;473469;726535;6507359C;LOGITUS Sp. z o.o.;światłowodowe;-;Nie;Nie;-;-;-;podziemny w kanalizacji;0.9;Nie
7008923;473619;726018;7008923N;6746525;473553;726061;6746525N;LOGITUS Sp. z o.o.;światłowodowe;-;Nie;Nie;-;-;-;podziemny w rurociągu;0.2;Nie
6746529;473621;725803;6746529N;6746528;473588;725846;6746528N;LOGITUS Sp. z o.o.;światłowodowe;-;Nie;Nie;-;-;-;podziemny w rurociągu;0.2;Nie
5690454;473785;726015;5690454C;5713939;473606;726119;5713939C;Orange Polska S.A.;światłowodowe;-;Tak;Nie;-;-;-;podziemny w kanalizacji;0.4;Nie
6645773;473758;725989;6645773N;6634121;473381;725879;6634121N;UPC POLSKA sp. z o.o.;światłowodowe;-;Tak;Nie;-;-;-;podziemny w kanalizacji;0.8;Nie
5758317;473553;726061;5758317C;5922248;473345;725901;5922248C;Orange Polska S.A.;światłowodowe;-;Tak;Nie;-;-;-;podziemny w kanalizacji;0.4;Nie
7174062;473069;725248;7174062N;7174481;472472;726778;7174481N;ENERGA-OPERATOR S.A.;światłowodowe;-;Tak;Nie;-;-;-;napowietrzny na linii energetycznej;2.7;Nie
5893316;472681;725788;5893316C;7133956;472744;725510;7133956N;T-MOBILE POLSKA S.A.;światłowodowe;-;Nie;Nie;-;-;-;podziemny;0.4;Nie
7133215;472805;725700;7133215N;5893316;472681;725788;5893316C;T-MOBILE POLSKA S.A.;światłowodowe;-;Nie;Nie;-;-;-;podziemny;0.3;Nie
6141462;472623;725889;6141462C;5893316;472681;725788;5893316C;T-MOBILE POLSKA S.A.;światłowodowe;-;Nie;Nie;-;-;-;podziemny;0.1;Nie
5737264;472526;726056;5737264C;6060878;472623;725966;6060878C;T-MOBILE POLSKA S.A.;światłowodowe;-;Nie;Nie;-;-;-;podziemny;0.2;Nie
6448353;472628;725852;6448353C;5756095;472685;725988;5756095C;Orange Polska S.A.;światłowodowe;-;Tak;Nie;-;-;-;podziemny w kanalizacji;0.2;Nie
5693684;472502;726188;5693684C;6005727;473351;724954;6005727C;Orange Polska S.A.;światłowodowe;-;Tak;Nie;-;-;-;podziemny w kanalizacji;0.7;Nie
5694563;472662;726339;5694563C;5913741;472825;726385;5913741C;Orange Polska S.A.;światłowodowe;-;Tak;Nie;-;-;-;podziemny w kanalizacji;0.3;Nie
6566784;472698;726533;6566784C;5694563;472662;726339;5694563C;Orange Polska S.A.;światłowodowe;-;Tak;Nie;-;-;-;podziemny w kanalizacji;0.4;Nie
5694563;472662;726339;5694563C;6532034;472698;726503;6532034C;Orange Polska S.A.;światłowodowe;-;Tak;Nie;-;-;-;podziemny w kanalizacji;0.3;Nie
7112253;472445;726929;7112253N;6198531;472903;726352;6198531C;NETIA S.A.;światłowodowe;-;Nie;Nie;-;-;-;podziemny;1.3;Nie
6507421;473257;726454;6507421C;6507420;473306;726481;6507420C;LOGITUS Sp. z o.o.;światłowodowe;-;Nie;Nie;-;-;-;podziemny w rurociągu;0.1;Nie
6004694;473217;726486;6004694C;5931383;473248;726657;5931383C;Orange Polska S.A.;światłowodowe;-;Tak;Nie;-;-;-;podziemny w kanalizacji;0.2;Nie
6214131;472320;726457;6214131C;6214120;472580;726481;6214120C;NAUKOWA I AKADEMICKA SIEĆ KOMPUTEROWA - PAŃSTWOWY INSTYTUT BADAWCZY;światłowodowe;-;Nie;Nie;-;-;-;podziemny w kanalizacji;0.4;Nie
7133175;472502;726188;7133175N;7134798;472427;726356;7134798N;T-MOBILE POLSKA S.A.;światłowodowe;-;Nie;Nie;-;-;-;podziemny;0.2;Nie
7133606;472685;726500;7133606N;6113139;472464;726446;6113139C;T-MOBILE POLSKA S.A.;światłowodowe;-;Nie;Nie;-;-;-;podziemny;0.5;Nie
7133175;472502;726188;7133175N;7134188;472542;726132;7134188N;T-MOBILE POLSKA S.A.;światłowodowe;-;Nie;Nie;-;-;-;podziemny;0.1;Nie
6198531;472903;726352;6198531C;7119421;473005;726328;7119421N;NETIA S.A.;światłowodowe;-;Nie;Nie;-;-;-;podziemny;0.2;Nie
7133175;472502;726188;7133175N;7133598;472462;726284;7133598N;T-MOBILE POLSKA S.A.;światłowodowe;-;Nie;Nie;-;-;-;podziemny;0.1;Nie
6205141;472938;726345;6205141C;6205142;472980;726374;6205142C;MULTIMEDIA  POLSKA  Sp. z o. o.;światłowodowe;-;Nie;Nie;-;-;-;podziemny;0.1;Nie
5694563;472662;726339;5694563C;6562787;472691;726419;6562787C;Orange Polska S.A.;światłowodowe;-;Tak;Nie;-;-;-;podziemny w kanalizacji;0.2;Nie
5824528;472662;726339;5824528C;6312308;472980;726374;6312308C;Światłowód Inwestycje Sp. z o. o.;światłowodowe;-;Tak;Nie;-;-;-;podziemny w kanalizacji;0.4;Nie
6950870;475545;725118;6950870N;6226932;475577;724915;6226932C;T-MOBILE POLSKA S.A.;światłowodowe;-;Nie;Nie;-;-;-;podziemny;0.2;Nie
5764455;475577;724915;5764455C;7133188;475611;724808;7133188N;T-MOBILE POLSKA S.A.;światłowodowe;-;Nie;Nie;-;-;-;podziemny;0.1;Nie
5730767;475771;726721;5730767C;6280484;475613;726632;6280484C;Orange Polska S.A.;światłowodowe;-;Tak;Nie;-;-;-;podziemny w kanalizacji;0.3;Nie
6750095;475917;724264;6750095N;6198568;475910;724203;6198568C;NETIA S.A.;światłowodowe;-;Nie;Nie;-;-;-;podziemny;0.1;Nie
7133378;474402;725978;7133378N;6157403;475057;727076;6157403C;T-MOBILE POLSKA S.A.;światłowodowe;-;Nie;Nie;-;-;-;podziemny;1.8;Nie
6634684;474621;724594;6634684N;6634681;474718;724250;6634681N;UPC POLSKA sp. z o.o.;światłowodowe;-;Nie;Nie;-;-;-;podziemny w kanalizacji;0.4;Nie
5663289;474872;724276;5663289C;6634681;474718;724250;6634681N;UPC POLSKA sp. z o.o.;światłowodowe;-;Tak;Nie;-;-;-;podziemny w kanalizacji;0.1;Nie
6157414;475165;725529;6157414C;5778360;475495;726595;5778360C;T-MOBILE POLSKA S.A.;światłowodowe;-;Nie;Nie;-;-;-;podziemny;1.3;Nie
6219762;475178;724408;6219762C;6128446;475136;724406;6128446C;Światłowód Inwestycje Sp. z o. o.;światłowodowe;-;Tak;Nie;-;-;-;podziemny w kanalizacji;0.1;Nie
5863725;475241;724927;5863725C;6153406;475330;724930;6153406C;Orange Polska S.A.;światłowodowe;-;Tak;Nie;-;-;-;podziemny w kanalizacji;0.2;Nie
6766300;474494;724400;6766300N;6423890;474543;724365;6423890C;UPC POLSKA sp. z o.o.;światłowodowe;-;Tak;Nie;-;-;-;podziemny w kanalizacji;0.1;Nie
5686739;474746;726714;5686739C;5700146;474783;726776;5700146C;Orange Polska S.A.;światłowodowe;-;Tak;Nie;-;-;-;podziemny;0.2;Nie
7173427;474389;726755;7173427N;7173410;474133;724796;7173410N;ENERGA-OPERATOR S.A.;światłowodowe;-;Tak;Nie;-;-;-;napowietrzny;3.2;Nie
6017288;474216;725124;6017288C;5707362;474181;725180;5707362C;Orange Polska S.A.;światłowodowe;-;Tak;Nie;-;-;-;podziemny;0.1;Nie
5920513;474309;725280;5920513C;5753996;474318;725213;5753996C;Orange Polska S.A.;światłowodowe;-;Tak;Nie;-;-;-;podziemny w kanalizacji;0.3;Nie
7002988;475607;724681;7002988N;5939940;475042;724384;5939940C;Orange Polska S.A.;światłowodowe;-;Tak;Nie;-;-;-;podziemny w kanalizacji;0.9;Nie
5920104;475062;724322;5920104C;5858846;475055;724232;5858846C;Orange Polska S.A.;światłowodowe;-;Tak;Nie;-;-;-;podziemny w kanalizacji;0.3;Nie
5764455;475577;724915;5764455C;7133642;475527;724965;7133642N;T-MOBILE POLSKA S.A.;światłowodowe;-;Nie;Nie;-;-;-;podziemny;0.1;Nie
7002988;475607;724681;7002988N;5729237;474662;725034;5729237C;Orange Polska S.A.;światłowodowe;-;Tak;Nie;-;-;-;podziemny w kanalizacji;1.5;Nie
6633853;473561;724686;6633853N;6633855;473609;724657;6633855N;UPC POLSKA sp. z o.o.;światłowodowe;-;Tak;Nie;-;-;-;podziemny w kanalizacji;0.1;Nie
6566485;473688;724870;6566485C;5759262;473581;724913;5759262C;Orange Polska S.A.;światłowodowe;-;Tak;Nie;-;-;-;podziemny w rurociągu;0.1;Nie
5759262;473581;724913;5759262C;6597811;473591;724960;6597811C;Orange Polska S.A.;światłowodowe;-;Tak;Nie;-;-;-;podziemny w rurociągu;0.1;Nie
6954676;474097;724812;6954676N;7133628;475446;725873;7133628N;T-MOBILE POLSKA S.A.;światłowodowe;-;Nie;Nie;-;-;-;podziemny;1.7;Nie
7061921;471936;727205;7061921N;6541372;472220;725835;6541372C;Orange Polska S.A.;światłowodowe;-;Tak;Nie;-;-;-;podziemny w kanalizacji;1.8;Nie
6541238;474623;726068;6541238C;6837861;473107;727632;6837861N;Orange Polska S.A.;światłowodowe;-;Tak;Nie;-;-;-;podziemny w kanalizacji;2.8;Nie
5715427;471759;727885;5715427C;5925944;471777;727786;5925944C;Orange Polska S.A.;światłowodowe;-;Tak;Nie;-;-;-;podziemny w kanalizacji;0.2;Nie
5709340;471780;728698;5709340C;6568539;471820;728834;6568539C;Orange Polska S.A.;światłowodowe;-;Tak;Nie;-;-;-;podziemny w kanalizacji;0.3;Nie
6279263;472297;727566;6279263C;6577836;472323;727577;6577836C;Orange Polska S.A.;światłowodowe;-;Tak;Nie;-;-;-;podziemny w kanalizacji;0.1;Nie
6258937;472290;728583;6258937C;5833672;472151;728609;5833672C;Orange Polska S.A.;światłowodowe;-;Tak;Nie;-;-;-;podziemny w kanalizacji;0.2;Nie
6766297;472226;728593;6766297N;6634474;472186;728630;6634474N;UPC POLSKA sp. z o.o.;światłowodowe;-;Tak;Nie;-;-;-;podziemny w kanalizacji;0.2;Nie
5709340;471780;728698;5709340C;6247014;471825;728610;6247014C;Orange Polska S.A.;światłowodowe;-;Tak;Nie;-;-;-;podziemny w kanalizacji;0.2;Nie
6837861;473107;727632;6837861N;7077537;475905;726771;7077537N;Orange Polska S.A.;światłowodowe;-;Tak;Nie;-;-;-;podziemny w kanalizacji;4;Nie
6271614;473002;727900;6271614C;5990236;472988;727918;5990236C;Orange Polska S.A.;światłowodowe;-;Tak;Nie;-;-;-;podziemny w rurociągu;0.2;Nie
5698527;474449;728458;5698527C;6163051;474455;728388;6163051C;Orange Polska S.A.;światłowodowe;-;Tak;Nie;-;-;-;podziemny;0.2;Nie
5698527;474449;728458;5698527C;6418502;474473;728417;6418502C;Orange Polska S.A.;światłowodowe;-;Tak;Nie;-;-;-;podziemny;0.2;Nie
5919400;475591;726909;5919400C;6426350;475492;726979;6426350C;Orange Polska S.A.;światłowodowe;-;Tak;Nie;-;-;-;podziemny w kanalizacji;0.3;Nie
7077537;475905;726771;7077537N;6837861;473107;727632;6837861N;Orange Polska S.A.;światłowodowe;-;Tak;Nie;-;-;-;podziemny w kanalizacji;3.9;Nie
6647072;473677;728176;6647072N;6430581;473804;728271;6430581C;UPC POLSKA sp. z o.o.;światłowodowe;-;Tak;Nie;-;-;-;podziemny w kanalizacji;0.4;Nie
6634263;474279;728437;6634263N;6634264;474393;728305;6634264N;UPC POLSKA sp. z o.o.;światłowodowe;-;Tak;Nie;-;-;-;podziemny w kanalizacji;0.2;Nie
5972903;473187;726685;5972903C;6593124;473529;726327;6593124C;Orange Polska S.A.;światłowodowe;-;Tak;Nie;-;-;-;podziemny w kanalizacji;0.9;Nie
5913741;472825;726385;5913741C;5676057;472840;726353;5676057C;Orange Polska S.A.;światłowodowe;-;Tak;Nie;-;-;-;podziemny w kanalizacji;0.2;Nie
5676057;472840;726353;5676057C;6051430;472855;726360;6051430C;Orange Polska S.A.;światłowodowe;-;Tak;Nie;-;-;-;podziemny w rurociągu;0.1;Nie
6507359;473469;726535;6507359C;6507416;473382;726428;6507416C;LOGITUS Sp. z o.o.;światłowodowe;-;Nie;Nie;-;-;-;podziemny w rurociągu;0.1;Nie
6837861;473107;727632;6837861N;6829641;474604;726155;6829641N;Orange Polska S.A.;światłowodowe;-;Tak;Nie;-;-;-;podziemny w kanalizacji;3;Nie
5856200;473747;727833;5856200C;6258016;473854;727864;6258016C;Orange Polska S.A.;światłowodowe;-;Tak;Nie;-;-;-;podziemny w kanalizacji;0.2;Nie
5670480;473287;728007;5670480C;6647071;473373;727971;6647071N;UPC POLSKA sp. z o.o.;światłowodowe;-;Tak;Nie;-;-;-;podziemny w kanalizacji;0.2;Nie
6545620;473358;728033;6545620C;6406972;473339;727990;6406972C;Orange Polska S.A.;światłowodowe;-;Tak;Nie;-;-;-;podziemny w kanalizacji;0.2;Nie
5723485;473873;728013;5723485C;6578454;473905;728026;6578454C;Orange Polska S.A.;światłowodowe;-;Tak;Nie;-;-;-;podziemny w kanalizacji;0.1;Nie
5723485;473873;728013;5723485C;6578454;473905;728026;6578454C;Orange Polska S.A.;światłowodowe;-;Tak;Nie;-;-;-;podziemny w kanalizacji;0.1;Nie
6594014;473776;725986;6594014C;6837861;473107;727632;6837861N;Orange Polska S.A.;światłowodowe;-;Tak;Nie;-;-;-;podziemny w kanalizacji;2.5;Nie
6591909;472472;726442;6591909C;7050298;473002;727377;7050298N;Towerlink Poland Sp. z o. o.;światłowodowe;-;Tak;Tak;-;-;-;podziemny;0.7;Nie
6578975;472387;726452;6578975C;6578957;472178;727415;6578957C;GDAŃSK-MIASTO NA PRAWACH POWIATU;światłowodowe;-;Nie;Nie;-;-;-;podziemny w kanalizacji;0.3;Nie
6577414;472363;726514;6577414C;5694999;471840;728311;5694999C;Orange Polska S.A.;światłowodowe;-;Tak;Nie;-;-;-;podziemny w kanalizacji;0.5;Nie
6491765;472921;727167;6491765C;6575376;472995;727015;6575376C;Orange Polska S.A.;światłowodowe;-;Tak;Nie;-;-;-;podziemny w kanalizacji;0.3;Nie
7061921;471936;727205;7061921N;6837861;473107;727632;6837861N;Orange Polska S.A.;światłowodowe;-;Tak;Nie;-;-;-;podziemny w kanalizacji;2.2;Nie
6591739;473149;728188;6591739C;6591909;472472;726442;6591909C;Towerlink Poland Sp. z o. o.;światłowodowe;-;Tak;Tak;-;-;-;podziemny;1.2;Nie
6634642;472985;724788;6634642N;6766429;472934;724930;6766429N;UPC POLSKA sp. z o.o.;światłowodowe;-;Tak;Nie;-;-;-;podziemny w kanalizacji;0.1;Nie
7174062;473069;725248;7174062N;7173410;474133;724796;7173410N;ENERGA-OPERATOR S.A.;światłowodowe;-;Tak;Nie;-;-;-;napowietrzny na linii energetycznej;2;Nie
6280484;475613;726632;6280484C;5919400;475591;726909;5919400C;Orange Polska S.A.;światłowodowe;-;Tak;Nie;-;-;-;podziemny w kanalizacji;0.4;Nie
6467918;475987;726900;6467918C;5729210;475904;726926;5729210C;Orange Polska S.A.;światłowodowe;-;Tak;Nie;-;-;-;podziemny w kanalizacji;0.2;Nie
5851661;472065;724796;5851661C;5851660;475365;723496;5851660C;Ensemble Sp. z o.o.;światłowodowe;-;Tak;Tak;-;-;-;podziemny w kanalizacji;6.6;Nie
6500749;471754;728938;6500749C;6500737;475042;723627;6500737C;3s Spółka Akcyjna;światłowodowe;-;Tak;Nie;-;-;-;podziemny w kanalizacji;6.5;Nie
6837743;474286;723932;6837743N;7061921;471936;727205;7061921N;Orange Polska S.A.;światłowodowe;-;Tak;Nie;-;-;-;podziemny w kanalizacji;4.3;Nie
6954864;475989;724168;6954864N;6060414;473027;728378;6060414C;T-MOBILE POLSKA S.A.;światłowodowe;-;Nie;Nie;-;-;-;podziemny;7;Nie
6954864;475989;724168;6954864N;6060414;473027;728378;6060414C;T-MOBILE POLSKA S.A.;światłowodowe;-;Nie;Nie;-;-;-;podziemny;7.1;Nie
6235656;473526;724513;6235656C;5973095;473379;724389;5973095C;Orange Polska S.A.;światłowodowe;-;Tak;Nie;-;-;-;podziemny w kanalizacji;0.4;Nie
6579010;474245;727472;6579010C;6579004;475449;725875;6579004C;GDAŃSK-MIASTO NA PRAWACH POWIATU;światłowodowe;-;Nie;Nie;-;-;-;podziemny w kanalizacji;1.7;Nie
5703304;475911;724179;5703304C;6274321;475956;724112;6274321C;Orange Polska S.A.;światłowodowe;-;Tak;Nie;-;-;-;podziemny w kanalizacji;0.2;Nie
5703304;475911;724179;5703304C;5862435;475957;724190;5862435C;Orange Polska S.A.;światłowodowe;-;Tak;Nie;-;-;-;podziemny w kanalizacji;0.1;Nie
5699010;476279;724509;5699010C;6414835;476036;724524;6414835C;Orange Polska S.A.;światłowodowe;-;Tak;Nie;-;-;-;podziemny w kanalizacji;0.4;Nie
5699010;476279;724509;5699010C;5710907;476057;724672;5710907C;Orange Polska S.A.;światłowodowe;-;Tak;Nie;-;-;-;podziemny w kanalizacji;0.3;Nie
5946176;475416;723971;5946176C;7002988;475607;724681;7002988N;Orange Polska S.A.;światłowodowe;-;Tak;Nie;-;-;-;podziemny w kanalizacji;1;Nie
6634685;475732;724098;6634685N;5663628;475436;724427;5663628C;UPC POLSKA sp. z o.o.;światłowodowe;-;Tak;Nie;-;-;-;podziemny w kanalizacji;0.1;Nie
7002988;475607;724681;7002988N;5698194;475520;724670;5698194C;Orange Polska S.A.;światłowodowe;-;Tak;Nie;-;-;-;podziemny w kanalizacji;0.1;Nie
6569406;476215;723989;6569406C;7002988;475607;724681;7002988N;Orange Polska S.A.;światłowodowe;-;Tak;Nie;-;-;-;podziemny w kanalizacji;1.4;Nie
5823082;475732;724098;5823082C;5826930;475653;723812;5826930C;Orange Polska S.A.;światłowodowe;-;Tak;Nie;-;-;-;podziemny w kanalizacji;0.5;Nie
6634685;475732;724098;6634685N;6634683;476127;723897;6634683N;UPC POLSKA sp. z o.o.;światłowodowe;-;Nie;Nie;-;-;-;podziemny w kanalizacji;0.7;Nie
5967766;475891;724157;5967766C;6560366;475866;724168;6560366C;Orange Polska S.A.;światłowodowe;-;Tak;Nie;-;-;-;podziemny w kanalizacji;0.1;Nie
6591962;475815;724099;6591962C;6593024;475996;724176;6593024C;Emitel S.A.;światłowodowe;-;Nie;Nie;-;-;-;podziemny w kanalizacji;0.3;Nie
6593274;475548;724108;6593274C;6593275;475969;724035;6593275C;Towerlink Poland Sp. z o. o.;światłowodowe;-;Tak;Tak;-;-;-;podziemny;0.5;Nie
6591963;475103;724675;6591963C;6591962;475815;724099;6591962C;Emitel S.A.;światłowodowe;-;Nie;Nie;-;-;-;podziemny w kanalizacji;1.3;Nie
5920104;475062;724322;5920104C;6582787;475345;724461;6582787C;Orange Polska S.A.;światłowodowe;-;Tak;Nie;-;-;-;podziemny w kanalizacji;0.5;Nie
6561560;475530;724444;6561560C;5658509;475593;724652;5658509C;Orange Polska S.A.;światłowodowe;-;Tak;Nie;-;-;-;podziemny w kanalizacji;0.4;Nie
7002988;475607;724681;7002988N;6413283;475239;724669;6413283C;Orange Polska S.A.;światłowodowe;-;Tak;Nie;-;-;-;podziemny w kanalizacji;0.5;Nie
6593270;475541;724668;6593270C;7056899;475537;724641;7056899N;Towerlink Poland Sp. z o. o.;światłowodowe;-;Tak;Tak;-;-;-;podziemny;0.1;Nie
6593270;475541;724668;6593270C;6593274;475548;724108;6593274C;Towerlink Poland Sp. z o. o.;światłowodowe;-;Tak;Tak;-;-;-;podziemny;0.8;Nie
5800386;475749;724181;5800386C;6419121;475103;724675;6419121C;Orange Polska S.A.;światłowodowe;-;Tak;Nie;-;-;-;podziemny w kanalizacji;1.2;Nie
6969109;475144;723972;6969109N;6579011;475510;723622;6579011C;GDAŃSK-MIASTO NA PRAWACH POWIATU;światłowodowe;-;Nie;Nie;-;-;-;podziemny w kanalizacji;0.9;Nie
5664707;474972;723703;5664707C;7002988;475607;724681;7002988N;Orange Polska S.A.;światłowodowe;-;Tak;Nie;-;-;-;podziemny w kanalizacji;1.6;Nie
5703363;475052;723828;5703363C;7002988;475607;724681;7002988N;Orange Polska S.A.;światłowodowe;-;Tak;Nie;-;-;-;podziemny;1.5;Nie
6383938;475236;723994;6383938C;6193065;475362;723869;6193065C;Światłowód Inwestycje Sp. z o. o.;światłowodowe;-;Tak;Nie;-;-;-;podziemny w kanalizacji;0.2;Nie
7002988;475607;724681;7002988N;5940167;475362;723869;5940167C;Orange Polska S.A.;światłowodowe;-;Tak;Nie;-;-;-;podziemny w kanalizacji;1.8;Nie
5920104;475062;724322;5920104C;6234769;475236;723994;6234769C;Orange Polska S.A.;światłowodowe;-;Tak;Nie;-;-;-;podziemny w kanalizacji;0.6;Nie
6593274;475548;724108;6593274C;6591738;475345;723885;6591738C;Towerlink Poland Sp. z o. o.;światłowodowe;-;Tak;Tak;-;-;-;podziemny;0.4;Nie
5920104;475062;724322;5920104C;5912508;475498;723715;5912508C;Orange Polska S.A.;światłowodowe;-;Tak;Nie;-;-;-;podziemny;1;Nie
6234769;475236;723994;6234769C;5727368;475113;724072;5727368C;Orange Polska S.A.;światłowodowe;-;Tak;Nie;-;-;-;podziemny w kanalizacji;0.3;Nie
6487083;474920;724156;6487083C;6355929;474989;724137;6355929C;Światłowód Inwestycje Sp. z o. o.;światłowodowe;-;Tak;Nie;-;-;-;podziemny w kanalizacji;0.3;Nie
6022290;474920;724156;6022290C;5932057;474994;724337;5932057C;Orange Polska S.A.;światłowodowe;-;Tak;Nie;-;-;-;podziemny w kanalizacji;0.3;Nie
6022290;474920;724156;6022290C;5733373;475062;724322;5733373C;Orange Polska S.A.;światłowodowe;-;Tak;Nie;-;-;-;podziemny w kanalizacji;0.3;Nie
5920104;475062;724322;5920104C;6566905;475094;724212;6566905C;Orange Polska S.A.;światłowodowe;-;Tak;Nie;-;-;-;podziemny w kanalizacji;0.2;Nie
6561560;475530;724444;6561560C;5729308;475230;724357;5729308C;Orange Polska S.A.;światłowodowe;-;Tak;Nie;-;-;-;podziemny w kanalizacji;0.4;Nie
5663628;475436;724427;5663628C;6766418;475019;724427;6766418N;UPC POLSKA sp. z o.o.;światłowodowe;-;Tak;Nie;-;-;-;podziemny w kanalizacji;0.1;Nie
5936579;475940;726876;5936579C;6545018;476536;727046;6545018C;Orange Polska S.A.;światłowodowe;-;Tak;Nie;-;-;-;podziemny w kanalizacji;0.8;Nie
6547448;476317;726951;6547448C;6251132;476274;726959;6251132C;Orange Polska S.A.;światłowodowe;-;Tak;Nie;-;-;-;podziemny;0.1;Nie
5934502;476061;727068;5934502C;6406164;476136;727039;6406164C;Orange Polska S.A.;światłowodowe;-;Tak;Nie;-;-;-;podziemny w kanalizacji;0.1;Nie
5702877;476237;727135;5702877C;6560428;476333;727135;6560428C;Orange Polska S.A.;światłowodowe;-;Tak;Nie;-;-;-;podziemny;0.2;Nie
5908158;476204;727099;5908158C;5927775;476217;727096;5927775C;Orange Polska S.A.;światłowodowe;-;Tak;Nie;-;-;-;podziemny w rurociągu;0.1;Nie
6593266;476403;726939;6593266C;7048586;476321;726891;7048586N;Towerlink Poland Sp. z o. o.;światłowodowe;-;Tak;Tak;-;-;-;podziemny;0.2;Nie
5734102;476236;726736;5734102C;6951068;476126;726587;6951068N;T-MOBILE POLSKA S.A.;światłowodowe;-;Nie;Nie;-;-;-;podziemny;0.5;Nie
5831453;476126;726587;5831453C;5703002;476220;726643;5703002C;Orange Polska S.A.;światłowodowe;-;Tak;Nie;-;-;-;podziemny w kanalizacji;0.2;Nie
6280484;475613;726632;6280484C;6557532;475648;726620;6557532C;Orange Polska S.A.;światłowodowe;-;Tak;Nie;-;-;-;podziemny w kanalizacji;0.3;Nie
6571702;475891;726716;6571702C;5975292;475734;726735;5975292C;Orange Polska S.A.;światłowodowe;-;Tak;Nie;-;-;-;podziemny w kanalizacji;0.2;Nie
6275695;477805;726784;6275695C;7077537;475905;726771;7077537N;Orange Polska S.A.;światłowodowe;-;Tak;Nie;-;-;-;podziemny w kanalizacji;2.1;Nie
5675218;474477;725951;5675218C;5675258;474481;725970;5675258C;Orange Polska S.A.;światłowodowe;-;Tak;Nie;-;-;-;podziemny w rurociągu;0.1;Nie
5973208;476095;726074;5973208C;6173165;476335;725976;6173165C;Orange Polska S.A.;światłowodowe;-;Tak;Nie;-;-;-;podziemny w kanalizacji;1.1;Nie
7173427;474389;726755;7173427N;7173434;476952;725988;7173434N;ENERGA-OPERATOR S.A.;światłowodowe;-;Tak;Nie;-;-;-;napowietrzny;3.1;Nie
6584806;475612;726282;6584806C;5830348;475206;726014;5830348C;Orange Polska S.A.;światłowodowe;-;Tak;Nie;-;-;-;podziemny w kanalizacji;0.5;Nie
6561204;475863;726289;6561204C;5730515;476095;726074;5730515C;Orange Polska S.A.;światłowodowe;-;Tak;Nie;-;-;-;podziemny;0.6;Nie
6561204;475863;726289;6561204C;6274809;475777;726357;6274809C;Orange Polska S.A.;światłowodowe;-;Tak;Nie;-;-;-;podziemny w kanalizacji;0.2;Nie
7077537;475905;726771;7077537N;6676977;476524;725911;6676977N;Orange Polska S.A.;światłowodowe;-;Tak;Nie;-;-;-;podziemny w kanalizacji;2.1;Nie
5747312;475939;726831;5747312C;6261039;476148;726764;6261039C;Orange Polska S.A.;światłowodowe;-;Tak;Nie;-;-;-;podziemny w kanalizacji;0.3;Nie
5973208;476095;726074;5973208C;6676977;476524;725911;6676977N;Orange Polska S.A.;światłowodowe;-;Tak;Nie;-;-;-;podziemny w kanalizacji;0.8;Nie
6533288;476279;726755;6533288C;5831453;476126;726587;5831453C;Orange Polska S.A.;światłowodowe;-;Tak;Nie;-;-;-;podziemny w kanalizacji;0.3;Nie
5764455;475577;724915;5764455C;7133216;476025;724903;7133216N;T-MOBILE POLSKA S.A.;światłowodowe;-;Nie;Nie;-;-;-;podziemny;0.5;Nie
7002988;475607;724681;7002988N;6676977;476524;725911;6676977N;Orange Polska S.A.;światłowodowe;-;Tak;Nie;-;-;-;podziemny w rurociągu;1.9;Nie
6301793;477471;726712;6301793C;7077537;475905;726771;7077537N;Orange Polska S.A.;światłowodowe;-;Tak;Nie;-;-;-;podziemny w kanalizacji;2.1;Nie
6079250;476769;724625;6079250C;6569406;476215;723989;6569406C;Orange Polska S.A.;światłowodowe;-;Tak;Nie;-;-;-;podziemny w kanalizacji;0.8;Nie
6533288;476279;726755;6533288C;6533280;476430;726651;6533280C;Orange Polska S.A.;światłowodowe;-;Tak;Nie;-;-;-;podziemny w kanalizacji;0.3;Nie
6581753;477057;726009;6581753C;6581741;477039;726104;6581741C;Orange Polska S.A.;światłowodowe;-;Tak;Nie;-;-;-;podziemny w kanalizacji;0.1;Nie
5668782;477039;726097;5668782C;5670665;477132;726430;5670665C;UPC POLSKA sp. z o.o.;światłowodowe;-;Tak;Nie;-;-;-;podziemny w kanalizacji;0.1;Nie
6533922;477042;725753;6533922C;6452172;477078;726376;6452172C;Orange Polska S.A.;światłowodowe;-;Tak;Nie;-;-;-;podziemny w kanalizacji;0.8;Nie
6545018;476536;727046;6545018C;6566607;476920;726879;6566607C;Orange Polska S.A.;światłowodowe;-;Tak;Nie;-;-;-;podziemny w kanalizacji;0.6;Nie
6533280;476430;726651;6533280C;6547524;476528;726602;6547524C;Orange Polska S.A.;światłowodowe;-;Tak;Nie;-;-;-;podziemny w kanalizacji;0.2;Nie
6596117;474765;726675;6596117C;6591051;474780;727152;6591051C;Towerlink Poland Sp. z o. o.;światłowodowe;-;Tak;Tak;-;-;-;podziemny;0.6;Nie
6596119;475455;725510;6596119C;6591051;474780;727152;6591051C;Towerlink Poland Sp. z o. o.;światłowodowe;-;Tak;Tak;-;-;-;podziemny;1.7;Nie
5908677;474815;725713;5908677C;5696684;474913;725675;5696684C;Orange Polska S.A.;światłowodowe;-;Tak;Nie;-;-;-;podziemny w kanalizacji;0.1;Nie
6579004;475449;725875;6579004C;6579008;476574;727137;6579008C;GDAŃSK-MIASTO NA PRAWACH POWIATU;światłowodowe;-;Nie;Nie;-;-;-;podziemny w kanalizacji;1.7;Nie
7077537;475905;726771;7077537N;6584806;475612;726282;6584806C;Orange Polska S.A.;światłowodowe;-;Tak;Nie;-;-;-;podziemny;1;Nie
6547453;475887;726591;6547453C;6547448;476317;726951;6547448C;Orange Polska S.A.;światłowodowe;-;Tak;Nie;-;-;-;podziemny w kanalizacji;0.4;Nie
6593268;476379;725578;6593268C;6593269;475863;726289;6593269C;Towerlink Poland Sp. z o. o.;światłowodowe;-;Tak;Tak;-;-;-;podziemny;1.3;Nie
6593266;476403;726939;6593266C;6593269;475863;726289;6593269C;Towerlink Poland Sp. z o. o.;światłowodowe;-;Tak;Tak;-;-;-;podziemny;1;Nie
5920104;475062;724322;5920104C;5675199;475183;724435;5675199C;Orange Polska S.A.;światłowodowe;-;Tak;Nie;-;-;-;podziemny;0.3;Nie
5920104;475062;724322;5920104C;6297788;475132;724996;6297788C;Orange Polska S.A.;światłowodowe;-;Tak;Nie;-;-;-;podziemny w kanalizacji;0.7;Nie
6297788;475132;724996;6297788C;5757426;475297;725051;5757426C;Orange Polska S.A.;światłowodowe;-;Tak;Nie;-;-;-;podziemny;0.3;Nie
6025448;475875;724962;6025448C;6025441;475708;724923;6025441C;Orange Polska S.A.;światłowodowe;-;Tak;Nie;-;-;-;podziemny w kanalizacji;0.2;Nie
6023791;476011;724942;6023791C;6023606;476025;724903;6023606C;Orange Polska S.A.;światłowodowe;-;Tak;Nie;-;-;-;podziemny w kanalizacji;0.2;Nie
6831063;476634;724531;6831063N;6592028;476427;724755;6592028C;Orange Polska S.A.;światłowodowe;-;Tak;Nie;-;-;-;podziemny w kanalizacji;0.4;Nie
6593267;476427;724338;6593267C;7057077;477153;724518;7057077N;Towerlink Poland Sp. z o. o.;światłowodowe;-;Tak;Tak;-;-;-;podziemny;1.2;Nie
6263821;476651;724544;6263821C;6276005;476466;724777;6276005C;Orange Polska S.A.;światłowodowe;-;Tak;Nie;-;-;-;podziemny w kanalizacji;0.5;Nie
5920569;476655;724374;5920569C;5688590;476780;724278;5688590C;Orange Polska S.A.;światłowodowe;-;Tak;Nie;-;-;-;podziemny w kanalizacji;0.3;Nie
6133122;476222;724022;6133122C;6137601;477331;724995;6137601C;T-MOBILE POLSKA S.A.;światłowodowe;-;Nie;Nie;-;-;-;podziemny;1.6;Nie
6020175;476234;724054;6020175C;5938029;476815;724785;5938029C;Orange Polska S.A.;światłowodowe;-;Tak;Nie;-;-;-;podziemny w kanalizacji;1.2;Nie
7174484;476315;723897;7174484N;7173434;476952;725988;7173434N;ENERGA-OPERATOR S.A.;światłowodowe;-;Tak;Nie;-;-;-;napowietrzny;2.8;Nie
6595857;476347;724349;6595857C;6593268;476379;725578;6593268C;Towerlink Poland Sp. z o. o.;światłowodowe;-;Tak;Tak;-;-;-;podziemny;1.9;Nie
6593268;476379;725578;6593268C;7058738;476559;725155;7058738N;Towerlink Poland Sp. z o. o.;światłowodowe;-;Tak;Tak;-;-;-;podziemny;0.7;Nie
5670462;476384;724777;5670462C;6430455;476406;724228;6430455C;UPC POLSKA sp. z o.o.;światłowodowe;-;Tak;Nie;-;-;-;podziemny w kanalizacji;0.8;Nie
7020302;474359;725941;7020302N;7020338;476655;724374;7020338N;TB TELECOM Sp.z o.o.;światłowodowe;-;Tak;Tak;-;-;-;podziemny w kanalizacji;6;Nie
7174484;476315;723897;7174484N;7173427;474389;726755;7173427N;ENERGA-OPERATOR S.A.;światłowodowe;-;Tak;Nie;-;-;-;napowietrzny;5.1;Nie
5675690;474928;725401;5675690C;5808881;474655;725456;5808881C;Orange Polska S.A.;światłowodowe;-;Tak;Nie;-;-;-;podziemny w kanalizacji;0.4;Nie
6500737;475042;723627;6500737C;6483869;477304;725014;6483869C;3s Spółka Akcyjna;światłowodowe;-;Tak;Nie;-;-;-;podziemny w kanalizacji;3.1;Nie
6224337;475875;724962;6224337C;5703363;475052;723828;5703363C;Orange Polska S.A.;światłowodowe;-;Tak;Nie;-;-;-;podziemny w kanalizacji;0.8;Nie
6579011;475510;723622;6579011C;6969000;476605;725232;6969000N;GDAŃSK-MIASTO NA PRAWACH POWIATU;światłowodowe;-;Nie;Nie;-;-;-;podziemny w kanalizacji;3.3;Nie
6584550;475276;725529;6584550C;6584515;475181;725540;6584515C;Orange Polska S.A.;światłowodowe;-;Tak;Nie;-;-;-;podziemny w rurociągu;0.2;Nie
6632555;475334;725643;6632555N;6632553;475326;725548;6632553N;UPC POLSKA sp. z o.o.;światłowodowe;-;Tak;Nie;-;-;-;podziemny w kanalizacji;0.2;Nie
6507944;475260;725615;6507944C;6507943;475224;725594;6507943C;LOGITUS Sp. z o.o.;światłowodowe;-;Nie;Nie;-;-;-;podziemny w rurociągu;0.2;Nie
6389314;475454;725637;6389314C;5980778;475352;725663;5980778C;Światłowód Inwestycje Sp. z o. o.;światłowodowe;-;Tak;Nie;-;-;-;podziemny w kanalizacji;0.2;Nie
5692066;475328;725558;5692066C;6233645;475415;725560;6233645C;Orange Polska S.A.;światłowodowe;-;Tak;Nie;-;-;-;podziemny w kanalizacji;1;Nie
5692066;475328;725558;5692066C;6029308;475352;725663;6029308C;Orange Polska S.A.;światłowodowe;-;Tak;Nie;-;-;-;podziemny;0.2;Nie
5692066;475328;725558;5692066C;6591242;475415;725560;6591242C;Orange Polska S.A.;światłowodowe;-;Tak;Nie;-;-;-;podziemny w kanalizacji;0.1;Nie
5692066;475328;725558;5692066C;6273471;475224;725594;6273471C;Orange Polska S.A.;światłowodowe;-;Tak;Nie;-;-;-;podziemny w kanalizacji;2;Nie
5926231;475186;725685;5926231C;5692066;475328;725558;5692066C;Orange Polska S.A.;światłowodowe;-;Tak;Nie;-;-;-;podziemny w kanalizacji;0.2;Nie
7002988;475607;724681;7002988N;5957120;475222;725668;5957120C;Orange Polska S.A.;światłowodowe;-;Tak;Nie;-;-;-;podziemny w kanalizacji;2;Nie
6580715;475561;724912;6580715C;6580711;475455;724731;6580711C;Orange Polska S.A.;światłowodowe;-;Tak;Nie;-;-;-;podziemny w kanalizacji;0.4;Nie
5658509;475593;724652;5658509C;6580715;475561;724912;6580715C;Orange Polska S.A.;światłowodowe;-;Tak;Nie;-;-;-;podziemny w kanalizacji;1.3;Nie
7002988;475607;724681;7002988N;5769650;475239;725180;5769650C;Orange Polska S.A.;światłowodowe;-;Tak;Nie;-;-;-;podziemny w kanalizacji;1.2;Nie
6580715;475561;724912;6580715C;6598557;475528;725013;6598557C;Orange Polska S.A.;światłowodowe;-;Tak;Nie;-;-;-;podziemny;0.2;Nie
6593272;475561;724912;6593272C;7048599;475610;725015;7048599N;Towerlink Poland Sp. z o. o.;światłowodowe;-;Tak;Tak;-;-;-;podziemny;0.2;Nie
6593272;475561;724912;6593272C;6596119;475455;725510;6596119C;Towerlink Poland Sp. z o. o.;światłowodowe;-;Tak;Tak;-;-;-;podziemny;0.8;Nie
6593270;475541;724668;6593270C;6593272;475561;724912;6593272C;Towerlink Poland Sp. z o. o.;światłowodowe;-;Tak;Tak;-;-;-;podziemny;0.4;Nie
6406439;473935;725611;6406439C;5725514;473749;725403;5725514C;Orange Polska S.A.;światłowodowe;-;Tak;Nie;-;-;-;podziemny w kanalizacji;0.6;Nie
6507355;474219;725421;6507355C;6507360;473862;725877;6507360C;LOGITUS Sp. z o.o.;światłowodowe;-;Nie;Nie;-;-;-;podziemny w kanalizacji;0.8;Nie
5830348;475206;726014;5830348C;5926231;475186;725685;5926231C;Orange Polska S.A.;światłowodowe;-;Tak;Nie;-;-;-;podziemny w kanalizacji;0.3;Nie
6507360;473862;725877;6507360C;6746671;473917;725738;6746671N;LOGITUS Sp. z o.o.;światłowodowe;-;Nie;Nie;-;-;-;podziemny w kanalizacji;0.6;Nie
6429634;475111;724769;6429634C;6645656;475037;724834;6645656N;UPC POLSKA sp. z o.o.;światłowodowe;-;Tak;Nie;-;-;-;podziemny w kanalizacji;0.1;Nie
5663288;474611;725012;5663288C;5669466;474496;725484;5669466C;UPC POLSKA sp. z o.o.;światłowodowe;-;Tak;Nie;-;-;-;podziemny w kanalizacji;0.5;Nie
5675690;474928;725401;5675690C;5967270;474970;725347;5967270C;Orange Polska S.A.;światłowodowe;-;Tak;Nie;-;-;-;podziemny w kanalizacji;0.2;Nie
5670455;474883;725480;5670455C;5670456;474883;725531;5670456C;UPC POLSKA sp. z o.o.;światłowodowe;-;Tak;Nie;-;-;-;podziemny w kanalizacji;0.1;Nie
5669466;474496;725484;5669466C;5669468;474562;725508;5669468C;UPC POLSKA sp. z o.o.;światłowodowe;-;Tak;Nie;-;-;-;podziemny w kanalizacji;0.3;Nie
5675690;474928;725401;5675690C;5692669;474825;725429;5692669C;Orange Polska S.A.;światłowodowe;-;Tak;Nie;-;-;-;podziemny w kanalizacji;0.1;Nie
6507350;474984;723559;6507350C;6507352;475157;724978;6507352C;LOGITUS Sp. z o.o.;światłowodowe;-;Nie;Nie;-;-;-;podziemny w kanalizacji;1.7;Nie
6579011;475510;723622;6579011C;6579004;475449;725875;6579004C;GDAŃSK-MIASTO NA PRAWACH POWIATU;światłowodowe;-;Nie;Nie;-;-;-;podziemny w kanalizacji;3.5;Nie
5863725;475241;724927;5863725C;6472913;475420;724923;6472913C;Orange Polska S.A.;światłowodowe;-;Tak;Nie;-;-;-;podziemny w kanalizacji;0.3;Nie
5863725;475241;724927;5863725C;6451146;475222;724940;6451146C;Orange Polska S.A.;światłowodowe;-;Tak;Nie;-;-;-;podziemny w kanalizacji;0.1;Nie
6507352;475157;724978;6507352C;6507944;475260;725615;6507944C;LOGITUS Sp. z o.o.;światłowodowe;-;Nie;Nie;-;-;-;podziemny w kanalizacji;1.1;Nie
6297788;475132;724996;6297788C;5829586;475315;725005;5829586C;Orange Polska S.A.;światłowodowe;-;Tak;Nie;-;-;-;podziemny w kanalizacji;0.3;Nie
6591974;475175;723558;6591974C;6591963;475103;724675;6591963C;Emitel S.A.;światłowodowe;-;Nie;Nie;-;-;-;podziemny w kanalizacji;1.5;Nie
6837743;474286;723932;6837743N;5937120;475684;723605;5937120C;Orange Polska S.A.;światłowodowe;-;Tak;Nie;-;-;-;podziemny;1.9;Nie
6082037;473891;724280;6082037C;6082036;474749;723690;6082036C;Atman sp. z o.o.;światłowodowe;-;Nie;Nie;-;-;-;podziemny;2.4;Nie
6082036;474749;723690;6082036C;6082035;474571;723819;6082035C;Atman sp. z o.o.;światłowodowe;-;Nie;Nie;-;-;-;podziemny;1.9;Nie
6567458;474366;723784;6567458C;6439266;474343;723750;6439266C;Orange Polska S.A.;światłowodowe;-;Tak;Nie;-;-;-;podziemny w kanalizacji;0.2;Nie
6950960;474530;723788;6950960N;5776723;474571;723786;5776723C;T-MOBILE POLSKA S.A.;światłowodowe;-;Nie;Nie;-;-;-;podziemny;0.1;Nie
5691160;474312;723951;5691160C;6223692;474551;723709;6223692C;Orange Polska S.A.;światłowodowe;-;Tak;Nie;-;-;-;podziemny w kanalizacji;0.5;Nie
6415167;474432;723519;6415167C;5652530;474360;723554;5652530C;Orange Polska S.A.;światłowodowe;-;Tak;Nie;-;-;-;podziemny w kanalizacji;0.2;Nie
6969001;474904;724029;6969001N;6579011;475510;723622;6579011C;GDAŃSK-MIASTO NA PRAWACH POWIATU;światłowodowe;-;Nie;Nie;-;-;-;podziemny w kanalizacji;1.2;Nie
6288120;475024;723303;6288120C;6288119;474692;723536;6288119C;HAWE TELEKOM Sp. z o.o. w restrukturyzacji;światłowodowe;-;Nie;Nie;-;-;-;podziemny w kanalizacji;0.3;Nie
6746702;474078;725956;6746702N;6507358;474060;725998;6507358C;LOGITUS Sp. z o.o.;światłowodowe;-;Nie;Tak;-;-;-;podziemny w kanalizacji;0.2;Nie
6507358;474060;725998;6507358C;6746702;474078;725956;6746702N;LOGITUS Sp. z o.o.;światłowodowe;-;Nie;Nie;-;-;-;podziemny w rurociągu;0.1;Nie
6746708;474396;726127;6746708N;6746702;474078;725956;6746702N;LOGITUS Sp. z o.o.;światłowodowe;-;Nie;Tak;-;-;-;podziemny w rurociągu;0.1;Nie
6507356;474333;726115;6507356C;6507414;474295;725969;6507414C;LOGITUS Sp. z o.o.;światłowodowe;-;Nie;Nie;-;-;-;podziemny w rurociągu;0.1;Nie
6507358;474060;725998;6507358C;6507356;474333;726115;6507356C;LOGITUS Sp. z o.o.;światłowodowe;-;Nie;Nie;-;-;-;podziemny w rurociągu;0.5;Nie
6507356;474333;726115;6507356C;6746691;474345;726048;6746691N;LOGITUS Sp. z o.o.;światłowodowe;-;Nie;Tak;-;-;-;podziemny w rurociągu;0.1;Nie
6507356;474333;726115;6507356C;6746540;474809;725833;6746540N;LOGITUS Sp. z o.o.;światłowodowe;-;Nie;Nie;-;-;-;podziemny w kanalizacji;1.1;Nie
6746702;474078;725956;6746702N;6746704;474069;725883;6746704N;LOGITUS Sp. z o.o.;światłowodowe;-;Nie;Tak;-;-;-;podziemny w rurociągu;0.1;Nie
6746704;474069;725883;6746704N;6746703;474121;725887;6746703N;LOGITUS Sp. z o.o.;światłowodowe;-;Nie;Tak;-;-;-;podziemny w rurociągu;0.1;Nie
6746703;474121;725887;6746703N;6746692;474173;725896;6746692N;LOGITUS Sp. z o.o.;światłowodowe;-;Nie;Nie;-;-;-;podziemny w rurociągu;0.1;Nie
6746702;474078;725956;6746702N;6746742;474027;725951;6746742N;LOGITUS Sp. z o.o.;światłowodowe;-;Nie;Tak;-;-;-;podziemny w rurociągu;0.1;Nie
6746702;474078;725956;6746702N;6746701;474129;725954;6746701N;LOGITUS Sp. z o.o.;światłowodowe;-;Nie;Tak;-;-;-;podziemny w rurociągu;0.1;Nie
6838740;473746;725982;6838740N;7002988;475607;724681;7002988N;Orange Polska S.A.;światłowodowe;-;Tak;Nie;-;-;-;podziemny w kanalizacji;3.1;Nie
6507355;474219;725421;6507355C;6507955;473968;724978;6507955C;LOGITUS Sp. z o.o.;światłowodowe;-;Nie;Nie;-;-;-;podziemny w kanalizacji;0.9;Nie
6028648;474334;725400;6028648C;7074071;474074;725335;7074071N;Orange Polska S.A.;światłowodowe;-;Tak;Nie;-;-;-;podziemny w kanalizacji;0.5;Nie
6507352;475157;724978;6507352C;6507355;474219;725421;6507355C;LOGITUS Sp. z o.o.;światłowodowe;-;Nie;Nie;-;-;-;podziemny w kanalizacji;1.3;Nie
5926928;474418;725366;5926928C;5675690;474928;725401;5675690C;Orange Polska S.A.;światłowodowe;-;Tak;Nie;-;-;-;podziemny w kanalizacji;0.7;Nie
5679083;474425;724784;5679083C;7052477;474563;724665;7052477N;Orange Polska S.A.;światłowodowe;-;Tak;Nie;-;-;-;podziemny w kanalizacji;0.4;Nie
7164761;474933;724976;7164761N;7164759;475202;725283;7164759N;VL Media;światłowodowe;-;Nie;Nie;-;-;-;podziemny w kanalizacji;0.6;Nie
7164761;474933;724976;7164761N;7164760;475607;724681;7164760N;VL Media;światłowodowe;-;Nie;Nie;-;-;-;podziemny w kanalizacji;1;Nie
5702207;476181;727132;5702207C;5747453;476194;727128;5747453C;Orange Polska S.A.;światłowodowe;-;Tak;Nie;-;-;-;podziemny w rurociągu;0.1;Nie
6540631;476286;727210;6540631C;6242192;476274;727213;6242192C;Orange Polska S.A.;światłowodowe;-;Tak;Nie;-;-;-;podziemny w rurociągu;0.1;Nie
6560428;476333;727135;6560428C;6560439;476333;727149;6560439C;Orange Polska S.A.;światłowodowe;-;Tak;Nie;-;-;-;podziemny;0.1;Nie
6560428;476333;727135;6560428C;6241267;476333;727119;6241267C;Orange Polska S.A.;światłowodowe;-;Tak;Nie;-;-;-;podziemny w rurociągu;0.1;Nie
5680957;474439;727017;5680957C;6265673;474468;726954;6265673C;Orange Polska S.A.;światłowodowe;-;Tak;Nie;-;-;-;podziemny w kanalizacji;0.1;Nie
5808498;474783;727035;5808498C;5738461;474676;727120;5738461C;Orange Polska S.A.;światłowodowe;-;Tak;Nie;-;-;-;podziemny w kanalizacji;0.3;Nie
6831068;474836;727055;6831068N;5913740;474644;727191;5913740C;Orange Polska S.A.;światłowodowe;-;Tak;Nie;-;-;-;podziemny w kanalizacji;0.5;Nie
6271739;474852;727123;6271739C;6221071;474906;727103;6221071C;Orange Polska S.A.;światłowodowe;-;Tak;Nie;-;-;-;podziemny w kanalizacji;0.2;Nie
5934502;476061;727068;5934502C;6558191;476146;727323;6558191C;Orange Polska S.A.;światłowodowe;-;Tak;Nie;-;-;-;podziemny w kanalizacji;0.3;Nie
5704674;476125;727148;5704674C;5702207;476181;727132;5702207C;Orange Polska S.A.;światłowodowe;-;Tak;Nie;-;-;-;podziemny;0.2;Nie
5914210;476154;727121;5914210C;6252482;476141;727125;6252482C;Orange Polska S.A.;światłowodowe;-;Tak;Nie;-;-;-;podziemny w rurociągu;0.1;Nie
6558191;476146;727323;6558191C;5702877;476237;727135;5702877C;Orange Polska S.A.;światłowodowe;-;Tak;Nie;-;-;-;podziemny w kanalizacji;0.3;Nie
6558191;476146;727323;6558191C;6271334;476312;727202;6271334C;Orange Polska S.A.;światłowodowe;-;Tak;Nie;-;-;-;podziemny w kanalizacji;0.3;Nie
5702877;476237;727135;5702877C;5922926;476178;727152;5922926C;Orange Polska S.A.;światłowodowe;-;Tak;Nie;-;-;-;podziemny;0.2;Nie
6558191;476146;727323;6558191C;5734911;476145;727211;5734911C;Orange Polska S.A.;światłowodowe;-;Tak;Nie;-;-;-;podziemny w kanalizacji;0.2;Nie
6558191;476146;727323;6558191C;6052212;476373;727146;6052212C;Orange Polska S.A.;światłowodowe;-;Tak;Nie;-;-;-;podziemny w kanalizacji;0.5;Nie
7077537;475905;726771;7077537N;5694391;475818;726615;5694391C;Orange Polska S.A.;światłowodowe;-;Tak;Nie;-;-;-;podziemny w rurociągu;0.4;Tak
6571702;475891;726716;6571702C;6597000;475887;726591;6597000C;Orange Polska S.A.;światłowodowe;-;Tak;Nie;-;-;-;podziemny w kanalizacji;0.3;Nie
5792816;475887;726591;5792816C;6324584;476184;726973;6324584C;Światłowód Inwestycje Sp. z o. o.;światłowodowe;-;Tak;Nie;-;-;-;podziemny w kanalizacji;0.2;Nie
5936280;475903;726354;5936280C;5727140;475888;726310;5727140C;Orange Polska S.A.;światłowodowe;-;Tak;Nie;-;-;-;podziemny w kanalizacji;0.1;Tak
7077537;475905;726771;7077537N;6695759;476082;727026;6695759N;Orange Polska S.A.;światłowodowe;-;Tak;Nie;-;-;-;podziemny w kanalizacji;0.5;Nie
6467918;475987;726900;6467918C;6547453;475887;726591;6547453C;Orange Polska S.A.;światłowodowe;-;Tak;Nie;-;-;-;podziemny w kanalizacji;0.2;Nie
6547453;475887;726591;6547453C;6435659;476328;726897;6435659C;Orange Polska S.A.;światłowodowe;-;Tak;Nie;-;-;-;podziemny w kanalizacji;0.4;Nie
6324584;476184;726973;6324584C;6324586;476142;726990;6324586C;Światłowód Inwestycje Sp. z o. o.;światłowodowe;-;Tak;Nie;-;-;-;podziemny w kanalizacji;0.1;Nie
6324584;476184;726973;6324584C;6338440;476228;726965;6338440C;Światłowód Inwestycje Sp. z o. o.;światłowodowe;-;Tak;Nie;-;-;-;podziemny w kanalizacji;0.1;Nie
5945936;476349;727047;5945936C;6468570;476350;727078;6468570C;Orange Polska S.A.;światłowodowe;-;Tak;Nie;-;-;-;podziemny;0.1;Nie
6545018;476536;727046;6545018C;6175392;476653;726983;6175392C;Orange Polska S.A.;światłowodowe;-;Tak;Nie;-;-;-;podziemny w kanalizacji;0.3;Nie
6024200;473941;727269;6024200C;5656813;473950;726890;5656813C;Orange Polska S.A.;światłowodowe;-;Tak;Nie;-;-;-;podziemny w kanalizacji;0.5;Nie
6024200;473941;727269;6024200C;5857753;474002;727034;5857753C;Orange Polska S.A.;światłowodowe;-;Tak;Nie;-;-;-;podziemny w kanalizacji;0.4;Nie
6577981;474071;727332;6577981C;6271739;474852;727123;6271739C;Orange Polska S.A.;światłowodowe;-;Tak;Nie;-;-;-;podziemny w kanalizacji;0.9;Nie
5724522;475869;727187;5724522C;5759376;475843;727200;5759376C;Orange Polska S.A.;światłowodowe;-;Tak;Nie;-;-;-;podziemny w rurociągu;0.1;Nie
5669478;473800;727228;5669478C;5669474;473512;726801;5669474C;UPC POLSKA sp. z o.o.;światłowodowe;-;Tak;Nie;-;-;-;podziemny w kanalizacji;0.7;Nie
6471290;475897;727208;6471290C;6550011;475914;727225;6550011C;Orange Polska S.A.;światłowodowe;-;Tak;Nie;-;-;-;podziemny w rurociągu;0.1;Nie
7077537;475905;726771;7077537N;6533288;476279;726755;6533288C;Orange Polska S.A.;światłowodowe;-;Tak;Nie;-;-;-;podziemny w kanalizacji;0.5;Nie
7077537;475905;726771;7077537N;5682217;476617;727117;5682217C;Orange Polska S.A.;światłowodowe;-;Tak;Nie;-;-;-;podziemny w kanalizacji;1.1;Nie
7077537;475905;726771;7077537N;6467918;475987;726900;6467918C;Orange Polska S.A.;światłowodowe;-;Tak;Nie;-;-;-;podziemny w kanalizacji;0.2;Nie
6467918;475987;726900;6467918C;6230868;476045;726878;6230868C;Orange Polska S.A.;światłowodowe;-;Tak;Nie;-;-;-;podziemny w kanalizacji;0.2;Nie
5934502;476061;727068;5934502C;5945936;476349;727047;5945936C;Orange Polska S.A.;światłowodowe;-;Tak;Nie;-;-;-;podziemny w kanalizacji;0.4;Nie
5934502;476061;727068;5934502C;5704674;476125;727148;5704674C;Orange Polska S.A.;światłowodowe;-;Tak;Nie;-;-;-;podziemny w kanalizacji;0.2;Nie
5936579;475940;726876;5936579C;6262236;476014;726861;6262236C;Orange Polska S.A.;światłowodowe;-;Tak;Nie;-;-;-;podziemny w kanalizacji;0.2;Nie
7020302;474359;725941;7020302N;7020301;473714;727206;7020301N;TB TELECOM Sp.z o.o.;światłowodowe;-;Nie;Tak;-;-;-;podziemny w kanalizacji;1.8;Nie
6502265;474839;726399;6502265C;6369442;474772;726424;6369442C;Światłowód Inwestycje Sp. z o. o.;światłowodowe;-;Tak;Nie;-;-;-;podziemny w kanalizacji;0.4;Nie
6254689;474395;726413;6254689C;5757382;474746;726714;5757382C;Orange Polska S.A.;światłowodowe;-;Tak;Nie;-;-;-;podziemny w kanalizacji;0.8;Nie
7020301;473714;727206;7020301N;7020299;473762;726438;7020299N;TB TELECOM Sp.z o.o.;światłowodowe;-;Nie;Tak;-;-;-;podziemny w kanalizacji;1.1;Nie
6634120;474527;726825;6634120N;6634256;474732;727099;6634256N;UPC POLSKA sp. z o.o.;światłowodowe;-;Nie;Nie;-;-;-;podziemny;0.1;Nie
6425993;474567;726940;6425993C;6600180;474530;726923;6600180C;Orange Polska S.A.;światłowodowe;-;Tak;Nie;-;-;-;podziemny w kanalizacji;0.1;Nie
5718719;475613;726632;5718719C;6126232;475635;726879;6126232C;Światłowód Inwestycje Sp. z o. o.;światłowodowe;-;Tak;Nie;-;-;-;podziemny w kanalizacji;0.3;Nie
6430810;475675;726726;6430810C;6632578;475618;726626;6632578N;UPC POLSKA sp. z o.o.;światłowodowe;-;Tak;Nie;-;-;-;podziemny w kanalizacji;0.1;Nie
6632578;475618;726626;6632578N;6632549;475634;726886;6632549N;UPC POLSKA sp. z o.o.;światłowodowe;-;Tak;Nie;-;-;-;podziemny w kanalizacji;0.4;Nie
6226905;475675;726726;6226905C;5772066;475633;726714;5772066C;Orange Polska S.A.;światłowodowe;-;Tak;Nie;-;-;-;podziemny;0.4;Nie
5975292;475734;726735;5975292C;5720112;475715;726682;5720112C;Orange Polska S.A.;światłowodowe;-;Tak;Nie;-;-;-;podziemny w kanalizacji;0.1;Nie
5872512;474312;723951;5872512C;6874306;473604;724541;6874306N;EXATEL S.A.;światłowodowe;-;Nie;Nie;-;-;-;podziemny;1.5;Nie
6175576;473757;723874;6175576C;6440586;473801;723913;6440586C;Orange Polska S.A.;światłowodowe;-;Tak;Nie;-;-;-;podziemny w kanalizacji;0.2;Nie
5964603;473838;723854;5964603C;6446986;473871;723849;6446986C;Orange Polska S.A.;światłowodowe;-;Tak;Nie;-;-;-;podziemny w kanalizacji;0.2;Nie
6543488;473891;724280;6543488C;5935247;473888;724224;5935247C;Orange Polska S.A.;światłowodowe;-;Tak;Nie;-;-;-;podziemny w kanalizacji;0.2;Nie
6104115;474306;723977;6104115C;6951099;474041;724281;6951099N;T-MOBILE POLSKA S.A.;światłowodowe;-;Nie;Nie;-;-;-;podziemny;0.8;Nie
5805395;474062;724153;5805395C;6253785;474042;723995;6253785C;Orange Polska S.A.;światłowodowe;-;Tak;Nie;-;-;-;podziemny;0.3;Nie
5768702;474666;723902;5768702C;6406794;474782;723967;6406794C;Orange Polska S.A.;światłowodowe;-;Tak;Nie;-;-;-;podziemny;0.3;Nie
6029248;474618;723922;6029248C;5934033;474701;724019;5934033C;Orange Polska S.A.;światłowodowe;-;Tak;Nie;-;-;-;podziemny w kanalizacji;0.3;Nie
6022290;474920;724156;6022290C;5972529;474985;723974;5972529C;Orange Polska S.A.;światłowodowe;-;Tak;Nie;-;-;-;podziemny w kanalizacji;0.4;Nie
6056075;475008;724152;6056075C;6587057;474985;723974;6587057C;Orange Polska S.A.;światłowodowe;-;Tak;Nie;-;-;-;podziemny w kanalizacji;0.3;Nie
6022290;474920;724156;6022290C;6561563;475088;724036;6561563C;Orange Polska S.A.;światłowodowe;-;Tak;Nie;-;-;-;podziemny w kanalizacji;0.4;Nie
6022290;474920;724156;6022290C;6257881;474722;724086;6257881C;Orange Polska S.A.;światłowodowe;-;Tak;Nie;-;-;-;podziemny w kanalizacji;0.4;Nie
6406794;474782;723967;6406794C;5943555;474796;723960;5943555C;Orange Polska S.A.;światłowodowe;-;Tak;Nie;-;-;-;podziemny w kanalizacji;0.1;Nie
6750424;474952;724006;6750424N;7009142;474950;724008;7009142N;NETIA S.A.;światłowodowe;-;Nie;Nie;-;-;-;podziemny;0.1;Nie
6969109;475144;723972;6969109N;6969001;474904;724029;6969001N;GDAŃSK-MIASTO NA PRAWACH POWIATU;światłowodowe;-;Nie;Nie;-;-;-;podziemny w kanalizacji;0.8;Nie
6837743;474286;723932;6837743N;6575782;474530;723788;6575782C;Orange Polska S.A.;światłowodowe;-;Tak;Nie;-;-;-;podziemny w kanalizacji;0.6;Nie
6064931;474508;724020;6064931C;6954865;474446;723845;6954865N;T-MOBILE POLSKA S.A.;światłowodowe;-;Nie;Nie;-;-;-;podziemny;0.2;Nie
6837743;474286;723932;6837743N;5854371;474536;723987;5854371C;Orange Polska S.A.;światłowodowe;-;Tak;Nie;-;-;-;podziemny w kanalizacji;2;Nie
6837743;474286;723932;6837743N;6258516;474376;723973;6258516C;Orange Polska S.A.;światłowodowe;-;Tak;Nie;-;-;-;podziemny w kanalizacji;0.5;Nie
5737268;474345;723988;5737268C;6954865;474446;723845;6954865N;T-MOBILE POLSKA S.A.;światłowodowe;-;Nie;Nie;-;-;-;podziemny;0.2;Nie
6104115;474306;723977;6104115C;7133437;474350;723999;7133437N;T-MOBILE POLSKA S.A.;światłowodowe;-;Nie;Nie;-;-;-;podziemny;0.1;Nie
6104115;474306;723977;6104115C;6104117;474326;724010;6104117C;T-MOBILE POLSKA S.A.;światłowodowe;-;Nie;Nie;-;-;-;podziemny;0.1;Nie
5780532;474480;723895;5780532C;6056696;474538;723957;6056696C;Orange Polska S.A.;światłowodowe;-;Tak;Nie;-;-;-;podziemny w kanalizacji;0.2;Nie
5780532;474480;723895;5780532C;6546026;474438;723926;6546026C;Orange Polska S.A.;światłowodowe;-;Tak;Nie;-;-;-;podziemny w kanalizacji;0.2;Nie
6430807;474310;723983;6430807C;6634681;474718;724250;6634681N;UPC POLSKA sp. z o.o.;światłowodowe;-;Tak;Nie;-;-;-;podziemny w kanalizacji;0.9;Nie
5968959;474350;723999;5968959C;6002893;474210;724123;6002893C;Orange Polska S.A.;światłowodowe;-;Tak;Nie;-;-;-;podziemny w kanalizacji;0.2;Nie
6374344;474350;723999;6374344C;6004021;474566;724220;6004021C;Światłowód Inwestycje Sp. z o. o.;światłowodowe;-;Tak;Nie;-;-;-;podziemny w kanalizacji;0.6;Nie
6064931;474508;724020;6064931C;6951101;474326;724097;6951101N;T-MOBILE POLSKA S.A.;światłowodowe;-;Nie;Nie;-;-;-;podziemny;0.2;Nie
5731094;474451;724031;5731094C;5679123;474433;724039;5679123C;Orange Polska S.A.;światłowodowe;-;Tak;Nie;-;-;-;podziemny;0.1;Nie
5705625;474484;724060;5705625C;5736818;474432;724060;5736818C;Orange Polska S.A.;światłowodowe;-;Tak;Nie;-;-;-;podziemny w kanalizacji;0.2;Nie
7174054;476234;724054;7174054N;7173410;474133;724796;7173410N;ENERGA-OPERATOR S.A.;światłowodowe;-;Nie;Nie;-;-;-;napowietrzny;3.6;Nie
5748044;474530;724651;5748044C;5834866;474552;724635;5834866C;Orange Polska S.A.;światłowodowe;-;Tak;Nie;-;-;-;podziemny;0.2;Nie
5765242;474602;724157;5765242C;6552134;474596;724182;6552134C;Orange Polska S.A.;światłowodowe;-;Tak;Nie;-;-;-;podziemny w kanalizacji;0.1;Nie
6271380;474821;724626;6271380C;5861638;474775;724423;5861638C;Orange Polska S.A.;światłowodowe;-;Tak;Nie;-;-;-;podziemny w kanalizacji;0.5;Nie
6022290;474920;724156;6022290C;6157847;474899;724223;6157847C;Orange Polska S.A.;światłowodowe;-;Tak;Nie;-;-;-;podziemny w kanalizacji;0.1;Nie
6022290;474920;724156;6022290C;6301136;475056;724576;6301136C;Orange Polska S.A.;światłowodowe;-;Tak;Nie;-;-;-;podziemny w kanalizacji;0.6;Nie
7002988;475607;724681;7002988N;6837743;474286;723932;6837743N;Orange Polska S.A.;światłowodowe;-;Tak;Nie;-;-;-;podziemny w kanalizacji;2.7;Nie
6837743;474286;723932;6837743N;6561560;475530;724444;6561560C;Orange Polska S.A.;światłowodowe;-;Tak;Nie;-;-;-;podziemny w kanalizacji;1.9;Nie
6845673;474054;723808;6845673N;5874420;474143;723885;5874420C;EXATEL S.A.;światłowodowe;-;Nie;Nie;-;-;-;podziemny;0.2;Nie
6837743;474286;723932;6837743N;5805395;474062;724153;5805395C;Orange Polska S.A.;światłowodowe;-;Tak;Nie;-;-;-;podziemny w kanalizacji;0.4;Nie
5683827;474169;723877;5683827C;5769089;474314;723845;5769089C;Orange Polska S.A.;światłowodowe;-;Tak;Nie;-;-;-;podziemny w kanalizacji;0.2;Nie
5968959;474350;723999;5968959C;5756171;474450;724492;5756171C;Orange Polska S.A.;światłowodowe;-;Tak;Nie;-;-;-;podziemny w kanalizacji;0.7;Nie
6549122;474429;724621;6549122C;5995430;474428;724632;5995430C;Orange Polska S.A.;światłowodowe;-;Tak;Nie;-;-;-;podziemny w kanalizacji;0.1;Nie
6562615;473561;724686;6562615C;6431935;473485;724627;6431935C;Orange Polska S.A.;światłowodowe;-;Tak;Nie;-;-;-;podziemny w kanalizacji;0.2;Nie
6251156;473549;724496;6251156C;5726129;473526;724408;5726129C;Orange Polska S.A.;światłowodowe;-;Tak;Nie;-;-;-;podziemny;0.2;Nie
5683489;473647;723991;5683489C;5683498;473530;724712;5683498C;Orange Polska S.A.;światłowodowe;-;Tak;Nie;-;-;-;podziemny w kanalizacji;1.1;Nie
5920369;473765;724569;5920369C;5909311;473595;724770;5909311C;Orange Polska S.A.;światłowodowe;-;Tak;Nie;-;-;-;podziemny w kanalizacji;0.3;Nie
6423047;476876;726985;6423047C;6431358;476609;727023;6431358C;UPC POLSKA sp. z o.o.;światłowodowe;-;Tak;Nie;-;-;-;podziemny w kanalizacji;0.4;Nie
5682217;476617;727117;5682217C;6595977;477982;726727;6595977C;Orange Polska S.A.;światłowodowe;-;Tak;Nie;-;-;-;podziemny w kanalizacji;1.6;Nie
6585470;476864;726946;6585470C;5687125;476897;726932;5687125C;Orange Polska S.A.;światłowodowe;-;Tak;Nie;-;-;-;podziemny w kanalizacji;0.1;Nie
6423048;477471;726712;6423048C;6423047;476876;726985;6423047C;UPC POLSKA sp. z o.o.;światłowodowe;-;Tak;Nie;-;-;-;podziemny w kanalizacji;0.7;Nie
6321156;476720;726734;6321156C;6000688;476799;726816;6000688C;Orange Polska S.A.;światłowodowe;-;Tak;Nie;-;-;-;podziemny w kanalizacji;0.2;Nie
6545018;476536;727046;6545018C;6585470;476864;726946;6585470C;Orange Polska S.A.;światłowodowe;-;Tak;Nie;-;-;-;podziemny w kanalizacji;0.4;Nie
6595977;477982;726727;6595977C;6991816;477696;726762;6991816N;Orange Polska S.A.;światłowodowe;-;Tak;Nie;-;-;-;podziemny w kanalizacji;0.5;Nie
6569878;477537;726618;6569878C;6569888;477486;726609;6569888C;Orange Polska S.A.;światłowodowe;-;Tak;Nie;-;-;-;podziemny w kanalizacji;0.1;Nie
6569878;477537;726618;6569878C;6257528;477512;726565;6257528C;Orange Polska S.A.;światłowodowe;-;Tak;Nie;-;-;-;podziemny w kanalizacji;0.1;Nie
5973515;477782;726466;5973515C;6569878;477537;726618;6569878C;Orange Polska S.A.;światłowodowe;-;Tak;Nie;-;-;-;podziemny w kanalizacji;0.4;Nie
6569878;477537;726618;6569878C;5906201;477723;726523;5906201C;Orange Polska S.A.;światłowodowe;-;Tak;Nie;-;-;-;podziemny w kanalizacji;0.1;Nie
6634672;478049;726297;6634672N;6430462;477983;726737;6430462C;UPC POLSKA sp. z o.o.;światłowodowe;-;Tak;Nie;-;-;-;podziemny w kanalizacji;0.1;Nie
6595977;477982;726727;6595977C;6326935;478184;726355;6326935C;Orange Polska S.A.;światłowodowe;-;Tak;Nie;-;-;-;podziemny w kanalizacji;0.6;Nie
5973515;477782;726466;5973515C;5682058;477866;726396;5682058C;Orange Polska S.A.;światłowodowe;-;Tak;Nie;-;-;-;podziemny w kanalizacji;0.3;Nie
6595977;477982;726727;6595977C;5973515;477782;726466;5973515C;Orange Polska S.A.;światłowodowe;-;Tak;Nie;-;-;-;podziemny w kanalizacji;0.4;Nie
6593266;476403;726939;6593266C;7057808;477927;726260;7057808N;Towerlink Poland Sp. z o. o.;światłowodowe;-;Tak;Tak;-;-;-;podziemny;2.4;Nie
5858675;476710;726711;5858675C;5858665;478135;726277;5858665C;"VECTRA Investments" Spółka z ograniczoną odpowiedzialnością Spółka jawna;światłowodowe;-;Nie;Nie;-;-;-;podziemny w kanalizacji;2.7;Nie
6581741;477039;726104;6581741C;6405760;477028;726134;6405760C;Orange Polska S.A.;światłowodowe;-;Tak;Nie;-;-;-;podziemny w kanalizacji;0.2;Nie
6467558;477471;726712;6467558C;6273643;477417;726695;6273643C;Orange Polska S.A.;światłowodowe;-;Tak;Nie;-;-;-;podziemny w kanalizacji;0.1;Tak
6430462;477983;726737;6430462C;6423048;477471;726712;6423048C;UPC POLSKA sp. z o.o.;światłowodowe;-;Tak;Nie;-;-;-;podziemny w kanalizacji;0.1;Nie
5765407;477476;726741;5765407C;6954683;477987;726405;6954683N;T-MOBILE POLSKA S.A.;światłowodowe;-;Nie;Nie;-;-;-;podziemny;0.7;Nie
6532364;477851;725563;6532364C;6532362;478136;726090;6532362C;Orange Polska S.A.;światłowodowe;-;Tak;Nie;-;-;-;podziemny w kanalizacji;0.2;Nie
5973515;477782;726466;5973515C;5654799;478032;726268;5654799C;Orange Polska S.A.;światłowodowe;-;Tak;Nie;-;-;-;podziemny w kanalizacji;0.4;Nie
5654799;478032;726268;5654799C;5724145;477913;726368;5724145C;Orange Polska S.A.;światłowodowe;-;Tak;Nie;-;-;-;podziemny w kanalizacji;0.2;Nie
5654799;478032;726268;5654799C;6161085;478096;726316;6161085C;Orange Polska S.A.;światłowodowe;-;Tak;Nie;-;-;-;podziemny;0.3;Nie
5654799;478032;726268;5654799C;5924537;478034;726365;5924537C;Orange Polska S.A.;światłowodowe;-;Tak;Nie;-;-;-;podziemny w kanalizacji;0.2;Nie
6634672;478049;726297;6634672N;5661926;478135;726277;5661926C;UPC POLSKA sp. z o.o.;światłowodowe;-;Tak;Nie;-;-;-;podziemny w kanalizacji;0.2;Nie
5654799;478032;726268;5654799C;5919701;478072;726241;5919701C;Orange Polska S.A.;światłowodowe;-;Tak;Nie;-;-;-;podziemny w kanalizacji;0.3;Nie
5924509;477213;724907;5924509C;5954070;477309;724595;5954070C;Orange Polska S.A.;światłowodowe;-;Tak;Nie;-;-;-;podziemny w kanalizacji;0.5;Nie
6198510;477076;724715;6198510C;6749176;476910;724611;6749176N;NETIA S.A.;światłowodowe;-;Nie;Nie;-;-;-;podziemny;0.2;Nie
5924509;477213;724907;5924509C;6628361;477004;724674;6628361N;Orange Polska S.A.;światłowodowe;-;Tak;Nie;-;-;-;podziemny w kanalizacji;0.4;Nie
6011465;477235;725136;6011465C;5977936;477286;725141;5977936C;Światłowód Inwestycje Sp. z o. o.;światłowodowe;-;Tak;Nie;-;-;-;podziemny;0.2;Nie
7119432;477296;724805;7119432N;7119448;477033;724700;7119448N;NETIA S.A.;światłowodowe;-;Nie;Nie;-;-;-;podziemny;0.4;Nie
6534274;477235;725136;6534274C;5920976;477170;725318;5920976C;Orange Polska S.A.;światłowodowe;-;Tak;Nie;-;-;-;podziemny w kanalizacji;0.3;Nie
6534274;477235;725136;6534274C;5828800;477270;725210;5828800C;Orange Polska S.A.;światłowodowe;-;Tak;Nie;-;-;-;podziemny w kanalizacji;0.3;Nie
6007145;477102;725657;6007145C;6021552;477116;725619;6021552C;Światłowód Inwestycje Sp. z o. o.;światłowodowe;-;Tak;Nie;-;-;-;podziemny w kanalizacji;0.2;Nie
6533922;477042;725753;6533922C;6533934;477054;725709;6533934C;Orange Polska S.A.;światłowodowe;-;Tak;Nie;-;-;-;podziemny w rurociągu;0.1;Nie
5933772;477102;725657;5933772C;6231746;477081;725720;6231746C;Orange Polska S.A.;światłowodowe;-;Tak;Nie;-;-;-;podziemny w kanalizacji;0.2;Nie
6634614;477235;725136;6634614N;6766420;477208;725239;6766420N;UPC POLSKA sp. z o.o.;światłowodowe;-;Tak;Nie;-;-;-;podziemny w kanalizacji;0.1;Nie
6534274;477235;725136;6534274C;6581730;477045;725192;6581730C;Orange Polska S.A.;światłowodowe;-;Tak;Nie;-;-;-;podziemny w kanalizacji;0.4;Nie
5924509;477213;724907;5924509C;6558346;477321;724793;6558346C;Orange Polska S.A.;światłowodowe;-;Tak;Nie;-;-;-;podziemny w kanalizacji;0.3;Nie
5756528;476921;725495;5756528C;6536615;476834;725623;6536615C;Orange Polska S.A.;światłowodowe;-;Tak;Nie;-;-;-;podziemny w kanalizacji;0.3;Nie
6632569;476953;725754;6632569N;6632572;477076;725632;6632572N;UPC POLSKA sp. z o.o.;światłowodowe;-;Tak;Nie;-;-;-;podziemny w kanalizacji;0.2;Nie
6632569;476953;725754;6632569N;6765396;476822;725772;6765396N;UPC POLSKA sp. z o.o.;światłowodowe;-;Tak;Nie;-;-;-;podziemny w kanalizacji;0.1;Nie
5920976;477170;725318;5920976C;5756528;476921;725495;5756528C;Orange Polska S.A.;światłowodowe;-;Tak;Nie;-;-;-;podziemny w kanalizacji;0.4;Nie
5756528;476921;725495;5756528C;5946301;476958;725417;5946301C;Orange Polska S.A.;światłowodowe;-;Tak;Nie;-;-;-;podziemny w kanalizacji;0.2;Nie
5697129;476581;724484;5697129C;6079250;476769;724625;6079250C;Orange Polska S.A.;światłowodowe;-;Tak;Nie;-;-;-;podziemny w kanalizacji;0.7;Nie
6079250;476769;724625;6079250C;5925720;476581;724484;5925720C;Orange Polska S.A.;światłowodowe;-;Tak;Nie;-;-;-;podziemny w kanalizacji;0.2;Nie
5938029;476815;724785;5938029C;5999530;476581;724484;5999530C;Orange Polska S.A.;światłowodowe;-;Tak;Nie;-;-;-;podziemny w kanalizacji;0.6;Nie
6079250;476769;724625;6079250C;6831063;476634;724531;6831063N;Orange Polska S.A.;światłowodowe;-;Tak;Nie;-;-;-;podziemny w kanalizacji;0.1;Nie
6009475;476769;724625;6009475C;5720415;476651;724544;5720415C;Orange Polska S.A.;światłowodowe;-;Tak;Nie;-;-;-;podziemny w kanalizacji;0.4;Nie
6009475;476769;724625;6009475C;6450828;476835;724572;6450828C;Orange Polska S.A.;światłowodowe;-;Tak;Nie;-;-;-;podziemny w kanalizacji;0.5;Nie
7012537;476643;724652;7012537N;6199071;476769;724625;6199071C;NETIA S.A.;światłowodowe;-;Nie;Nie;-;-;-;podziemny;0.1;Nie
6198524;476581;724484;6198524C;6749126;476578;724487;6749126N;NETIA S.A.;światłowodowe;-;Nie;Nie;-;-;-;podziemny;0.1;Nie
6079250;476769;724625;6079250C;6276005;476466;724777;6276005C;Orange Polska S.A.;światłowodowe;-;Tak;Nie;-;-;-;podziemny w kanalizacji;0.5;Nie
6079250;476769;724625;6079250C;6587699;476499;725289;6587699C;Orange Polska S.A.;światłowodowe;-;Tak;Nie;-;-;-;podziemny w kanalizacji;1.2;Nie
6169399;476966;724730;6169399C;6958055;476466;724766;6958055N;T-MOBILE POLSKA S.A.;światłowodowe;-;Nie;Nie;-;-;-;podziemny;1;Nie
6592028;476427;724755;6592028C;6551484;476384;724777;6551484C;Orange Polska S.A.;światłowodowe;-;Tak;Nie;-;-;-;podziemny;0.2;Nie
7144646;476630;725357;7144646N;6198488;476870;725385;6198488C;NETIA S.A.;światłowodowe;-;Nie;Nie;-;-;-;podziemny;0.2;Nie
6199107;476409;725193;6199107C;6199108;476499;725289;6199108C;NETIA S.A.;światłowodowe;-;Nie;Nie;-;-;-;podziemny;0.2;Nie
6749497;476822;724712;6749497N;6749531;476894;724768;6749531N;NETIA S.A.;światłowodowe;-;Nie;Nie;-;-;-;podziemny;0.2;Nie
5697129;476581;724484;5697129C;6446626;477416;724977;6446626C;Orange Polska S.A.;światłowodowe;-;Tak;Nie;-;-;-;podziemny w kanalizacji;0.7;Nie
6198510;477076;724715;6198510C;6750046;476988;724663;6750046N;NETIA S.A.;światłowodowe;-;Nie;Nie;-;-;-;podziemny;0.3;Nie
6169399;476966;724730;6169399C;6137601;477331;724995;6137601C;T-MOBILE POLSKA S.A.;światłowodowe;-;Nie;Nie;-;-;-;podziemny;0.5;Nie
6199106;476277;725004;6199106C;6888817;476353;724769;6888817N;NETIA S.A.;światłowodowe;-;Nie;Nie;-;-;-;podziemny;0.3;Nie
6198557;477851;725334;6198557C;7148091;477923;725294;7148091N;NETIA S.A.;światłowodowe;-;Nie;Nie;-;-;-;podziemny;0.3;Nie
7009873;477920;725283;7009873N;7148091;477923;725294;7148091N;NETIA S.A.;światłowodowe;-;Nie;Nie;-;-;-;podziemny;0.1;Nie
7148091;477923;725294;7148091N;7009764;477928;725294;7009764N;NETIA S.A.;światłowodowe;-;Nie;Nie;-;-;-;podziemny;0.1;Nie
7148091;477923;725294;7148091N;7008211;477988;725384;7008211N;NETIA S.A.;światłowodowe;-;Nie;Nie;-;-;-;podziemny;0.1;Nie
6024776;477505;725130;6024776C;6534274;477235;725136;6534274C;Orange Polska S.A.;światłowodowe;-;Tak;Nie;-;-;-;podziemny w kanalizacji;0.5;Nie
5920976;477170;725318;5920976C;5933772;477102;725657;5933772C;Orange Polska S.A.;światłowodowe;-;Tak;Nie;-;-;-;podziemny w kanalizacji;0.4;Nie
6632430;476892;725622;6632430N;6632572;477076;725632;6632572N;UPC POLSKA sp. z o.o.;światłowodowe;-;Tak;Nie;-;-;-;podziemny w kanalizacji;0.3;Nie
6632571;477054;725709;6632571N;6632572;477076;725632;6632572N;UPC POLSKA sp. z o.o.;światłowodowe;-;Tak;Nie;-;-;-;podziemny w kanalizacji;0.1;Nie
5671332;477404;725071;5671332C;5671331;477879;725325;5671331C;UPC POLSKA sp. z o.o.;światłowodowe;-;Tak;Nie;-;-;-;podziemny w kanalizacji;0.1;Nie
6461374;477748;725394;6461374C;6047404;477416;724977;6047404C;Orange Polska S.A.;światłowodowe;-;Tak;Nie;-;-;-;podziemny w kanalizacji;0.2;Nie
6125140;477461;725084;6125140C;5776729;477813;725349;5776729C;T-MOBILE POLSKA S.A.;światłowodowe;-;Nie;Nie;-;-;-;podziemny;0.5;Nie
6024776;477505;725130;6024776C;5753422;477467;725115;5753422C;Orange Polska S.A.;światłowodowe;-;Tak;Nie;-;-;-;podziemny w kanalizacji;0.1;Nie
6429632;477679;725096;6429632C;6765401;477637;725026;6765401N;UPC POLSKA sp. z o.o.;światłowodowe;-;Tak;Nie;-;-;-;podziemny;0.1;Nie
6748959;477682;725094;6748959N;7009153;477679;725083;7009153N;NETIA S.A.;światłowodowe;-;Nie;Nie;-;-;-;podziemny;0.1;Nie
7119432;477296;724805;7119432N;6198557;477851;725334;6198557C;NETIA S.A.;światłowodowe;-;Nie;Nie;-;-;-;podziemny;0.8;Nie
6634614;477235;725136;6634614N;5671332;477404;725071;5671332C;UPC POLSKA sp. z o.o.;światłowodowe;-;Tak;Nie;-;-;-;podziemny w kanalizacji;0.1;Nie
6125140;477461;725084;6125140C;7133448;476934;725553;7133448N;T-MOBILE POLSKA S.A.;światłowodowe;-;Nie;Nie;-;-;-;podziemny;1;Nie
7144649;477838;725563;7144649N;6198557;477851;725334;6198557C;NETIA S.A.;światłowodowe;-;Nie;Nie;-;-;-;podziemny;0.3;Tak
7119432;477296;724805;7119432N;6748065;477428;724933;6748065N;NETIA S.A.;światłowodowe;-;Nie;Nie;-;-;-;podziemny;0.2;Nie
5735244;477321;724395;5735244C;6259970;477770;724449;6259970C;Orange Polska S.A.;światłowodowe;-;Tak;Nie;-;-;-;podziemny w kanalizacji;0.7;Nie
6956741;477441;724972;6956741N;6137601;477331;724995;6137601C;T-MOBILE POLSKA S.A.;światłowodowe;-;Nie;Nie;-;-;-;podziemny;0.3;Nie
6137601;477331;724995;6137601C;7134144;477441;724972;7134144N;T-MOBILE POLSKA S.A.;światłowodowe;-;Nie;Nie;-;-;-;podziemny;0.2;Nie
6024776;477505;725130;6024776C;5761730;477416;724977;5761730C;Orange Polska S.A.;światłowodowe;-;Tak;Nie;-;-;-;podziemny w kanalizacji;0.2;Nie
6024776;477505;725130;6024776C;5735244;477321;724395;5735244C;Orange Polska S.A.;światłowodowe;-;Tak;Nie;-;-;-;podziemny w kanalizacji;1;Nie
7007822;477487;724873;7007822N;6198540;477416;724977;6198540C;NETIA S.A.;światłowodowe;-;Nie;Nie;-;-;-;podziemny;0.1;Nie
6575630;476240;723160;6575630C;6532364;477851;725563;6532364C;Orange Polska S.A.;światłowodowe;-;Tak;Nie;-;-;-;podziemny w kanalizacji;1;Nie
6019169;476240;723160;6019169C;6568811;477211;724199;6568811C;Orange Polska S.A.;światłowodowe;-;Tak;Nie;-;-;-;podziemny w kanalizacji;1.7;Nie
6575630;476240;723160;6575630C;6237426;477416;724977;6237426C;Orange Polska S.A.;światłowodowe;-;Tak;Nie;-;-;-;podziemny w kanalizacji;0.6;Nie
6198466;476691;724259;6198466C;6198452;476302;723994;6198452C;NETIA S.A.;światłowodowe;-;Nie;Nie;-;-;-;podziemny;0.5;Nie
6645372;476268;724127;6645372N;6749180;476385;724767;6749180N;NETIA S.A.;światłowodowe;-;Nie;Nie;-;-;-;podziemny;1.1;Nie
6198466;476691;724259;6198466C;6749179;476655;724360;6749179N;NETIA S.A.;światłowodowe;-;Nie;Nie;-;-;-;podziemny;0.1;Nie
6199106;476277;725004;6199106C;6199107;476409;725193;6199107C;NETIA S.A.;światłowodowe;-;Nie;Nie;-;-;-;podziemny;0.2;Nie
6749710;475999;724191;6749710N;7144524;476231;724059;7144524N;NETIA S.A.;światłowodowe;-;Nie;Nie;-;-;-;podziemny;0.3;Nie
6593267;476427;724338;6593267C;6590787;476006;724119;6590787C;Towerlink Poland Sp. z o. o.;światłowodowe;-;Tak;Tak;-;-;-;podziemny;0.8;Nie
5870693;476164;724184;5870693C;6860424;476230;724060;6860424N;EXATEL S.A.;światłowodowe;-;Nie;Nie;-;-;-;podziemny;0.1;Nie
6569406;476215;723989;6569406C;5839167;476470;724299;5839167C;Orange Polska S.A.;światłowodowe;-;Tak;Nie;-;-;-;podziemny w kanalizacji;0.5;Nie
7056185;476229;724055;7056185N;6590788;476347;724349;6590788C;Towerlink Poland Sp. z o. o.;światłowodowe;-;Tak;Tak;-;-;-;podziemny;0.8;Nie
6198879;476526;724233;6198879C;6645372;476268;724127;6645372N;NETIA S.A.;światłowodowe;-;Nie;Nie;-;-;-;podziemny;0.1;Nie
5839167;476470;724299;5839167C;5699215;476347;724349;5699215C;Orange Polska S.A.;światłowodowe;-;Tak;Nie;-;-;-;podziemny w kanalizacji;0.2;Nie
6593267;476427;724338;6593267C;6590788;476347;724349;6590788C;Towerlink Poland Sp. z o. o.;światłowodowe;-;Tak;Tak;-;-;-;podziemny;0.2;Nie
5839167;476470;724299;5839167C;6172816;476581;724484;6172816C;Orange Polska S.A.;światłowodowe;-;Tak;Nie;-;-;-;podziemny w kanalizacji;0.3;Nie
6263821;476651;724544;6263821C;5761218;476544;724581;5761218C;Orange Polska S.A.;światłowodowe;-;Tak;Nie;-;-;-;podziemny w kanalizacji;0.2;Nie
5670663;476651;724544;5670663C;6632769;476563;724506;6632769N;UPC POLSKA sp. z o.o.;światłowodowe;-;Tak;Nie;-;-;-;podziemny w kanalizacji;0.1;Nie
6198568;475910;724203;6198568C;7008224;475866;724216;7008224N;NETIA S.A.;światłowodowe;-;Nie;Nie;-;-;-;podziemny;0.1;Nie
7010111;475919;724271;7010111N;6198568;475910;724203;6198568C;NETIA S.A.;światłowodowe;-;Nie;Nie;-;-;-;podziemny;0.1;Nie
6645372;476268;724127;6645372N;6198530;475996;724176;6198530C;NETIA S.A.;światłowodowe;-;Nie;Nie;-;-;-;podziemny;0.4;Nie
7007652;476007;724205;7007652N;6198530;475996;724176;6198530C;NETIA S.A.;światłowodowe;-;Nie;Nie;-;-;-;podziemny;0.2;Nie
6133122;476222;724022;6133122C;7133212;476295;724289;7133212N;T-MOBILE POLSKA S.A.;światłowodowe;-;Nie;Nie;-;-;-;podziemny;0.7;Nie
7147905;476260;724160;7147905N;6645372;476268;724127;6645372N;NETIA S.A.;światłowodowe;-;Nie;Nie;-;-;-;podziemny;0.1;Nie
6645372;476268;724127;6645372N;7147905;476260;724160;7147905N;NETIA S.A.;światłowodowe;-;Nie;Nie;-;-;-;podziemny;0.1;Nie
6645372;476268;724127;6645372N;7147905;476260;724160;7147905N;NETIA S.A.;światłowodowe;-;Nie;Nie;-;-;-;podziemny;0.1;Nie
6133122;476222;724022;6133122C;6954861;476229;724055;6954861N;T-MOBILE POLSKA S.A.;światłowodowe;-;Nie;Nie;-;-;-;podziemny;0.1;Nie
6133122;476222;724022;6133122C;6954861;476229;724055;6954861N;T-MOBILE POLSKA S.A.;światłowodowe;-;Nie;Nie;-;-;-;podziemny;0.1;Nie
5856830;476186;723559;5856830C;6548559;476289;723706;6548559C;Orange Polska S.A.;światłowodowe;-;Tak;Nie;-;-;-;podziemny w kanalizacji;0.2;Nie
6645372;476268;724127;6645372N;6198533;476233;724525;6198533C;NETIA S.A.;światłowodowe;-;Nie;Nie;-;-;-;podziemny;0.6;Nie
6645372;476268;724127;6645372N;6198514;476320;723694;6198514C;NETIA S.A.;światłowodowe;-;Nie;Nie;-;-;-;podziemny;0.7;Nie
6198533;476233;724525;6198533C;7006347;476020;724514;7006347N;NETIA S.A.;światłowodowe;-;Nie;Nie;-;-;-;podziemny;0.3;Nie
6198533;476233;724525;6198533C;7144656;476135;724637;7144656N;NETIA S.A.;światłowodowe;-;Nie;Nie;-;-;-;podziemny;0.1;Nie
6430455;476406;724228;6430455C;6429320;476182;724578;6429320C;UPC POLSKA sp. z o.o.;światłowodowe;-;Tak;Nie;-;-;-;podziemny w kanalizacji;0.5;Nie
7007650;476290;724300;7007650N;6198533;476233;724525;6198533C;NETIA S.A.;światłowodowe;-;Nie;Nie;-;-;-;podziemny;0.3;Nie
5699215;476347;724349;5699215C;5699010;476279;724509;5699010C;Orange Polska S.A.;światłowodowe;-;Tak;Nie;-;-;-;podziemny w kanalizacji;0.2;Nie
6198533;476233;724525;6198533C;7011920;476177;724704;7011920N;NETIA S.A.;światłowodowe;-;Nie;Nie;-;-;-;podziemny;0.2;Nie
6198533;476233;724525;6198533C;7144659;476246;724696;7144659N;NETIA S.A.;światłowodowe;-;Nie;Nie;-;-;-;podziemny;0.2;Nie
6198533;476233;724525;6198533C;6750382;476208;724325;6750382N;NETIA S.A.;światłowodowe;-;Nie;Nie;-;-;-;podziemny;0.3;Nie
7056185;476229;724055;7056185N;6596108;476006;724119;6596108C;Towerlink Poland Sp. z o. o.;światłowodowe;-;Tak;Tak;-;-;-;podziemny;0.2;Nie
7056185;476229;724055;7056185N;6590787;476006;724119;6590787C;Towerlink Poland Sp. z o. o.;światłowodowe;-;Tak;Tak;-;-;-;podziemny;0.6;Nie
6682975;476047;724123;6682975N;6667612;476229;724055;6667612N;Orange Polska S.A.;światłowodowe;-;Tak;Nie;-;-;-;podziemny w kanalizacji;0.5;Nie
6954864;475989;724168;6954864N;6069003;476333;724066;6069003C;T-MOBILE POLSKA S.A.;światłowodowe;-;Nie;Nie;-;-;-;podziemny;0.6;Nie
6954864;475989;724168;6954864N;6069003;476333;724066;6069003C;T-MOBILE POLSKA S.A.;światłowodowe;-;Nie;Nie;-;-;-;podziemny;0.8;Nie
6954864;475989;724168;6954864N;6959578;476066;724089;6959578N;T-MOBILE POLSKA S.A.;światłowodowe;-;Nie;Nie;-;-;-;podziemny;0.4;Nie
6645372;476268;724127;6645372N;6748777;476229;724161;6748777N;NETIA S.A.;światłowodowe;-;Nie;Nie;-;-;-;podziemny;0.1;Nie
7144524;476231;724059;7144524N;6645372;476268;724127;6645372N;NETIA S.A.;światłowodowe;-;Nie;Nie;-;-;-;podziemny;0.4;Nie
7144524;476231;724059;7144524N;7149163;476092;724135;7149163N;NETIA S.A.;światłowodowe;-;Nie;Nie;-;-;-;podziemny;0.2;Nie
6454381;475969;724035;6454381C;6682975;476047;724123;6682975N;Orange Polska S.A.;światłowodowe;-;Tak;Nie;-;-;-;podziemny w kanalizacji;0.4;Nie
6454381;475969;724035;6454381C;6020175;476234;724054;6020175C;Orange Polska S.A.;światłowodowe;-;Tak;Nie;-;-;-;podziemny w kanalizacji;0.4;Nie
6590787;476006;724119;6590787C;6593275;475969;724035;6593275C;Towerlink Poland Sp. z o. o.;światłowodowe;-;Tak;Tak;-;-;-;podziemny;0.1;Nie
6596114;476234;724054;6596114C;6590787;476006;724119;6590787C;Towerlink Poland Sp. z o. o.;światłowodowe;-;Tak;Tak;-;-;-;podziemny;0.3;Nie
7056185;476229;724055;7056185N;6596118;476234;724054;6596118C;Towerlink Poland Sp. z o. o.;światłowodowe;-;Tak;Tak;-;-;-;podziemny;0.2;Nie
6568650;476240;723160;6568650C;5800386;475749;724181;5800386C;Orange Polska S.A.;światłowodowe;-;Tak;Nie;-;-;-;podziemny w kanalizacji;1.6;Nie
6198261;475753;724094;6198261C;6645372;476268;724127;6645372N;NETIA S.A.;światłowodowe;-;Nie;Nie;-;-;-;podziemny;0.7;Nie
6198840;475859;724057;6198840C;6198530;475996;724176;6198530C;NETIA S.A.;światłowodowe;-;Nie;Nie;-;-;-;podziemny;0.2;Nie
6645372;476268;724127;6645372N;6198840;475859;724057;6198840C;NETIA S.A.;światłowodowe;-;Nie;Nie;-;-;-;podziemny;0.7;Nie
6133122;476222;724022;6133122C;7133625;475951;723659;7133625N;T-MOBILE POLSKA S.A.;światłowodowe;-;Nie;Nie;-;-;-;podziemny;0.5;Nie
6454381;475969;724035;6454381C;5860461;475951;723659;5860461C;Orange Polska S.A.;światłowodowe;-;Tak;Nie;-;-;-;podziemny w kanalizacji;0.8;Nie
7174054;476234;724054;7174054N;7174484;476315;723897;7174484N;ENERGA-OPERATOR S.A.;światłowodowe;-;Tak;Nie;-;-;-;podziemny;0.2;Nie
6569406;476215;723989;6569406C;5928429;476065;723964;5928429C;Orange Polska S.A.;światłowodowe;-;Tak;Nie;-;-;-;podziemny w kanalizacji;0.3;Nie
6543488;473891;724280;6543488C;6543675;473899;724182;6543675C;Orange Polska S.A.;światłowodowe;-;Tak;Nie;-;-;-;podziemny w kanalizacji;0.2;Nie
6398262;473217;724249;6398262C;6301071;473180;724277;6301071C;Światłowód Inwestycje Sp. z o. o.;światłowodowe;-;Tak;Nie;-;-;-;podziemny w kanalizacji;0.2;Nie
6398262;473217;724249;6398262C;5976317;473212;724321;5976317C;Światłowód Inwestycje Sp. z o. o.;światłowodowe;-;Tak;Nie;-;-;-;podziemny w kanalizacji;0.2;Nie
5691463;473140;724321;5691463C;6159469;473233;724365;6159469C;Orange Polska S.A.;światłowodowe;-;Tak;Nie;-;-;-;podziemny w kanalizacji;0.2;Nie
6578970;473912;724324;6578970C;6578914;472749;723830;6578914C;GDAŃSK-MIASTO NA PRAWACH POWIATU;światłowodowe;-;Nie;Nie;-;-;-;podziemny w rurociągu;1.4;Nie
6440586;473801;723913;6440586C;6550660;473796;723897;6550660C;Orange Polska S.A.;światłowodowe;-;Tak;Nie;-;-;-;podziemny w kanalizacji;0.1;Nie
6557318;473714;723946;6557318C;6548957;473742;723959;6548957C;Orange Polska S.A.;światłowodowe;-;Tak;Nie;-;-;-;podziemny w kanalizacji;0.2;Nie
5692959;472956;724096;5692959C;6594665;472993;724058;6594665C;Orange Polska S.A.;światłowodowe;-;Tak;Nie;-;-;-;podziemny w kanalizacji;0.1;Nie
5692959;472956;724096;5692959C;5862541;473080;724193;5862541C;Orange Polska S.A.;światłowodowe;-;Tak;Nie;-;-;-;podziemny w kanalizacji;0.2;Nie
6513381;473891;724280;6513381C;6179014;473017;724167;6179014C;MULTIMEDIA  POLSKA  Sp. z o. o.;światłowodowe;-;Nie;Nie;-;-;-;podziemny w kanalizacji;1.7;Nie
6175576;473757;723874;6175576C;6557318;473714;723946;6557318C;Orange Polska S.A.;światłowodowe;-;Tak;Nie;-;-;-;podziemny w kanalizacji;0.2;Nie
5794507;472953;723912;5794507C;5831432;472919;723905;5831432C;Światłowód Inwestycje Sp. z o. o.;światłowodowe;-;Tak;Nie;-;-;-;podziemny w kanalizacji;0.1;Nie
5813796;472953;723912;5813796C;5687311;473134;724024;5687311C;Orange Polska S.A.;światłowodowe;-;Tak;Nie;-;-;-;podziemny w kanalizacji;0.4;Nie
5683489;473647;723991;5683489C;5813796;472953;723912;5813796C;Orange Polska S.A.;światłowodowe;-;Tak;Nie;-;-;-;podziemny w kanalizacji;0.7;Nie
5663278;473579;723996;5663278C;5663279;472754;723945;5663279C;UPC POLSKA sp. z o.o.;światłowodowe;-;Tak;Nie;-;-;-;podziemny w kanalizacji;0.9;Nie
5683489;473647;723991;5683489C;6576549;473714;723982;6576549C;Orange Polska S.A.;światłowodowe;-;Tak;Nie;-;-;-;podziemny w kanalizacji;0.2;Nie
6023274;473333;723965;6023274C;6279361;472865;724005;6279361C;Orange Polska S.A.;światłowodowe;-;Tak;Nie;-;-;-;podziemny w kanalizacji;1;Nie
6576986;472935;723822;6576986C;5808496;472984;723780;5808496C;Orange Polska S.A.;światłowodowe;-;Tak;Nie;-;-;-;podziemny w kanalizacji;0.1;Nie
5813796;472953;723912;5813796C;6261204;473102;723889;6261204C;Orange Polska S.A.;światłowodowe;-;Tak;Nie;-;-;-;podziemny w kanalizacji;0.2;Nie
5703057;473423;723839;5703057C;5986757;473240;723745;5986757C;Orange Polska S.A.;światłowodowe;-;Tak;Nie;-;-;-;podziemny w kanalizacji;0.3;Nie
6550931;473253;723800;6550931C;6052958;473241;723790;6052958C;Orange Polska S.A.;światłowodowe;-;Tak;Nie;-;-;-;podziemny w rurociągu;0.1;Nie
6534325;473293;723779;6534325C;6249493;473303;723789;6249493C;Orange Polska S.A.;światłowodowe;-;Tak;Nie;-;-;-;podziemny w rurociągu;0.1;Nie
6269893;473133;723901;6269893C;7076847;473169;723883;7076847N;Orange Polska S.A.;światłowodowe;-;Tak;Nie;-;-;-;podziemny w kanalizacji;0.2;Nie
6576986;472935;723822;6576986C;5723806;472885;723771;5723806C;Orange Polska S.A.;światłowodowe;-;Tak;Nie;-;-;-;podziemny w kanalizacji;0.1;Nie
6269893;473133;723901;6269893C;7076847;473169;723883;7076847N;Orange Polska S.A.;światłowodowe;-;Tak;Nie;-;-;-;podziemny w kanalizacji;0.2;Nie
5703057;473423;723839;5703057C;6163359;473308;723851;6163359C;Orange Polska S.A.;światłowodowe;-;Tak;Nie;-;-;-;podziemny w kanalizacji;0.1;Nie
6526294;471941;723695;6526294C;5964935;471836;723868;5964935C;Orange Polska S.A.;światłowodowe;-;Tak;Nie;-;-;-;podziemny w kanalizacji;0.3;Nie
6270070;472421;723861;6270070C;5755159;472375;723896;5755159C;Orange Polska S.A.;światłowodowe;-;Tak;Nie;-;-;-;podziemny w kanalizacji;0.2;Nie
6839076;472375;723896;6839076N;6466894;472465;723905;6466894C;Orange Polska S.A.;światłowodowe;-;Tak;Nie;-;-;-;podziemny w kanalizacji;0.6;Nie
5671333;472751;723704;5671333C;6634033;472652;723659;6634033N;UPC POLSKA sp. z o.o.;światłowodowe;-;Tak;Nie;-;-;-;podziemny w kanalizacji;0.1;Nie
5671333;472751;723704;5671333C;6633321;472673;723694;6633321N;UPC POLSKA sp. z o.o.;światłowodowe;-;Tak;Nie;-;-;-;podziemny w kanalizacji;0.2;Nie
6548442;471844;723967;6548442C;5997663;471872;723992;5997663C;Orange Polska S.A.;światłowodowe;-;Tak;Nie;-;-;-;podziemny w rurociągu;0.1;Nie
5770306;471842;723943;5770306C;6548442;471844;723967;6548442C;Orange Polska S.A.;światłowodowe;-;Tak;Nie;-;-;-;podziemny w kanalizacji;0.2;Nie
6571147;473587;722023;6571147C;5993960;473643;721972;5993960C;Orange Polska S.A.;światłowodowe;-;Tak;Nie;-;-;-;podziemny w kanalizacji;0.1;Nie
6571147;473587;722023;6571147C;5829031;473613;722067;5829031C;Orange Polska S.A.;światłowodowe;-;Tak;Nie;-;-;-;podziemny w kanalizacji;0.1;Nie
5993960;473643;721972;5993960C;6427276;473610;721978;6427276C;Orange Polska S.A.;światłowodowe;-;Tak;Nie;-;-;-;podziemny w kanalizacji;0.2;Nie
5829031;473613;722067;5829031C;5933949;473612;722103;5933949C;Orange Polska S.A.;światłowodowe;-;Tak;Nie;-;-;-;podziemny w kanalizacji;0.1;Nie
5993960;473643;721972;5993960C;6005405;473618;721925;6005405C;Orange Polska S.A.;światłowodowe;-;Tak;Nie;-;-;-;podziemny w kanalizacji;0.1;Nie
5782884;473919;722398;5782884C;6323763;473905;722366;6323763C;Światłowód Inwestycje Sp. z o. o.;światłowodowe;-;Tak;Nie;-;-;-;podziemny w kanalizacji;0.1;Nie
5782884;473919;722398;5782884C;6117474;473941;722395;6117474C;Światłowód Inwestycje Sp. z o. o.;światłowodowe;-;Tak;Nie;-;-;-;podziemny w kanalizacji;0.1;Nie
6284321;473832;724113;6284321C;5867866;473802;724204;5867866C;Orange Polska S.A.;światłowodowe;-;Tak;Nie;-;-;-;podziemny w kanalizacji;0.2;Nie
6284321;473832;724113;6284321C;5763439;473958;724114;5763439C;Orange Polska S.A.;światłowodowe;-;Tak;Nie;-;-;-;podziemny;0.3;Nie
6006025;473944;723839;6006025C;5886116;473908;723844;5886116C;Orange Polska S.A.;światłowodowe;-;Tak;Nie;-;-;-;podziemny w kanalizacji;0.2;Nie
5972699;473773;722237;5972699C;5830394;473795;722276;5830394C;Światłowód Inwestycje Sp. z o. o.;światłowodowe;-;Tak;Nie;-;-;-;podziemny w kanalizacji;0.1;Nie
6283743;473798;722300;6283743C;6124005;473775;722329;6124005C;Światłowód Inwestycje Sp. z o. o.;światłowodowe;-;Tak;Nie;-;-;-;podziemny w kanalizacji;0.1;Nie
5830394;473795;722276;5830394C;6283743;473798;722300;6283743C;Światłowód Inwestycje Sp. z o. o.;światłowodowe;-;Tak;Nie;-;-;-;podziemny w kanalizacji;0.1;Nie
6558112;473919;723044;6558112C;5664630;473845;723036;5664630C;Orange Polska S.A.;światłowodowe;-;Tak;Nie;-;-;-;podziemny w kanalizacji;0.2;Nie
5973898;473800;722148;5973898C;6327264;473750;722180;6327264C;Światłowód Inwestycje Sp. z o. o.;światłowodowe;-;Tak;Nie;-;-;-;podziemny w kanalizacji;0.2;Nie
6226227;473800;722148;6226227C;5769150;473975;722324;5769150C;Orange Polska S.A.;światłowodowe;-;Tak;Nie;-;-;-;podziemny w kanalizacji;0.6;Nie
6226227;473800;722148;6226227C;6564655;473957;722284;6564655C;Orange Polska S.A.;światłowodowe;-;Tak;Nie;-;-;-;podziemny w kanalizacji;0.4;Nie
6226227;473800;722148;6226227C;6259041;473922;722211;6259041C;Orange Polska S.A.;światłowodowe;-;Tak;Nie;-;-;-;podziemny w kanalizacji;0.2;Nie
5973898;473800;722148;5973898C;6384221;473840;722165;6384221C;Światłowód Inwestycje Sp. z o. o.;światłowodowe;-;Tak;Nie;-;-;-;podziemny w kanalizacji;0.1;Nie
6564655;473957;722284;6564655C;5757678;473898;722313;5757678C;Orange Polska S.A.;światłowodowe;-;Tak;Nie;-;-;-;podziemny w kanalizacji;0.2;Nie
5830394;473795;722276;5830394C;6366717;473799;722288;6366717C;Światłowód Inwestycje Sp. z o. o.;światłowodowe;-;Tak;Nie;-;-;-;podziemny w kanalizacji;0.1;Nie
5677467;473409;721922;5677467C;5942440;473416;721814;5942440C;Orange Polska S.A.;światłowodowe;-;Tak;Nie;-;-;-;podziemny w kanalizacji;0.4;Nie
5677467;473409;721922;5677467C;6547061;473459;721831;6547061C;Orange Polska S.A.;światłowodowe;-;Tak;Nie;-;-;-;podziemny w kanalizacji;0.3;Nie
5677467;473409;721922;5677467C;6571147;473587;722023;6571147C;Orange Polska S.A.;światłowodowe;-;Tak;Nie;-;-;-;podziemny w kanalizacji;0.3;Nie
5677467;473409;721922;5677467C;5914531;473489;721946;5914531C;Orange Polska S.A.;światłowodowe;-;Tak;Nie;-;-;-;podziemny w kanalizacji;0.2;Nie
6271286;473547;721988;6271286C;5669609;473537;721974;5669609C;Orange Polska S.A.;światłowodowe;-;Tak;Nie;-;-;-;podziemny w rurociągu;0.1;Nie
6214113;473916;723081;6214113C;6214132;473302;722175;6214132C;NAUKOWA I AKADEMICKA SIEĆ KOMPUTEROWA - PAŃSTWOWY INSTYTUT BADAWCZY;światłowodowe;-;Nie;Nie;-;-;-;podziemny w kanalizacji;1.3;Nie
6558112;473919;723044;6558112C;6532714;473359;721891;6532714C;Orange Polska S.A.;światłowodowe;-;Tak;Nie;-;-;-;podziemny w kanalizacji;1.6;Nie
5993960;473643;721972;5993960C;6272936;473803;722016;6272936C;Orange Polska S.A.;światłowodowe;-;Tak;Nie;-;-;-;podziemny w kanalizacji;0.3;Nie
6766291;473656;722797;6766291N;6430588;473690;722808;6430588C;UPC POLSKA sp. z o.o.;światłowodowe;-;Tak;Nie;-;-;-;podziemny w kanalizacji;0.1;Nie
6327264;473750;722180;6327264C;6395648;473736;722204;6395648C;Światłowód Inwestycje Sp. z o. o.;światłowodowe;-;Tak;Nie;-;-;-;podziemny w kanalizacji;0.1;Nie
6395648;473736;722204;6395648C;5972699;473773;722237;5972699C;Światłowód Inwestycje Sp. z o. o.;światłowodowe;-;Tak;Nie;-;-;-;podziemny w kanalizacji;0.1;Nie
5972699;473773;722237;5972699C;6368177;473758;722222;6368177C;Światłowód Inwestycje Sp. z o. o.;światłowodowe;-;Tak;Nie;-;-;-;podziemny;0.1;Nie
5972699;473773;722237;5972699C;6357140;473767;722230;6357140C;Światłowód Inwestycje Sp. z o. o.;światłowodowe;-;Tak;Nie;-;-;-;podziemny;0.1;Nie
6214134;473745;722093;6214134C;6214132;473302;722175;6214132C;NAUKOWA I AKADEMICKA SIEĆ KOMPUTEROWA - PAŃSTWOWY INSTYTUT BADAWCZY;światłowodowe;-;Nie;Nie;-;-;-;podziemny w kanalizacji;1;Nie
7088282;473400;721840;7088282N;5693585;473745;722093;5693585C;Orange Polska S.A.;światłowodowe;-;Tak;Nie;-;-;-;podziemny w kanalizacji;0.7;Nie
6647089;473681;722102;6647089N;6765397;473558;722314;6765397N;UPC POLSKA sp. z o.o.;światłowodowe;-;Tak;Nie;-;-;-;podziemny w kanalizacji;0.6;Nie
5993960;473643;721972;5993960C;5910878;473720;722030;5910878C;Orange Polska S.A.;światłowodowe;-;Tak;Nie;-;-;-;podziemny w kanalizacji;0.2;Nie
6216027;473758;722222;6216027C;6214134;473745;722093;6214134C;NAUKOWA I AKADEMICKA SIEĆ KOMPUTEROWA - PAŃSTWOWY INSTYTUT BADAWCZY;światłowodowe;-;Nie;Nie;-;-;-;podziemny w kanalizacji;0.2;Nie
6327264;473750;722180;6327264C;6366061;473754;722153;6366061C;Światłowód Inwestycje Sp. z o. o.;światłowodowe;-;Tak;Nie;-;-;-;podziemny w kanalizacji;0.1;Nie
5993960;473643;721972;5993960C;6292762;473707;721909;6292762C;Orange Polska S.A.;światłowodowe;-;Tak;Nie;-;-;-;podziemny w kanalizacji;0.2;Nie
7003549;473207;721656;7003549N;5725682;473238;724265;5725682C;JMDI.PL Spółka z ograniczoną odpowiedzialnością;światłowodowe;-;Tak;Tak;-;-;-;podziemny w kanalizacji;6.9;Nie
7003549;473207;721656;7003549N;5725681;473265;724287;5725681C;JMDI.PL Spółka z ograniczoną odpowiedzialnością;światłowodowe;-;Tak;Tak;-;-;-;podziemny w kanalizacji;7.7;Nie
6695969;473207;721656;6695969N;5726855;473238;724265;5726855C;JMDI Sp. z o.o.;światłowodowe;-;Tak;Tak;-;-;-;podziemny w kanalizacji;6.9;Nie
6695969;473207;721656;6695969N;5726854;473265;724287;5726854C;JMDI Sp. z o.o.;światłowodowe;-;Tak;Tak;-;-;-;podziemny w kanalizacji;7.7;Nie
5986757;473240;723745;5986757C;6534325;473293;723779;6534325C;Orange Polska S.A.;światłowodowe;-;Tak;Nie;-;-;-;podziemny w kanalizacji;0.2;Nie
6550931;473253;723800;6550931C;6230032;473262;723810;6230032C;Orange Polska S.A.;światłowodowe;-;Tak;Nie;-;-;-;podziemny w rurociągu;0.1;Nie
5919628;473235;723846;5919628C;6550931;473253;723800;6550931C;Orange Polska S.A.;światłowodowe;-;Tak;Nie;-;-;-;podziemny w kanalizacji;0.3;Nie
5911782;473322;724134;5911782C;5971255;473208;724108;5971255C;Orange Polska S.A.;światłowodowe;-;Tak;Nie;-;-;-;podziemny w kanalizacji;0.2;Nie
7003549;473207;721656;7003549N;5725683;473217;724249;5725683C;JMDI.PL Spółka z ograniczoną odpowiedzialnością;światłowodowe;-;Tak;Tak;-;-;-;podziemny w kanalizacji;6.9;Nie
6695969;473207;721656;6695969N;5726856;473217;724249;5726856C;JMDI Sp. z o.o.;światłowodowe;-;Tak;Tak;-;-;-;podziemny w kanalizacji;6.9;Nie
6766450;473207;721656;6766450N;6428369;473341;722442;6428369C;UPC POLSKA sp. z o.o.;światłowodowe;-;Tak;Nie;-;-;-;podziemny w kanalizacji;1;Nie
6398262;473217;724249;6398262C;5843051;473238;724265;5843051C;Światłowód Inwestycje Sp. z o. o.;światłowodowe;-;Tak;Nie;-;-;-;podziemny w kanalizacji;0.1;Nie
6023264;473333;723965;6023264C;6599742;473319;723938;6599742C;Orange Polska S.A.;światłowodowe;-;Tak;Nie;-;-;-;podziemny w rurociągu;0.1;Nie
5788601;473400;721840;5788601C;5842905;472902;722451;5842905C;Światłowód Inwestycje Sp. z o. o.;światłowodowe;-;Tak;Nie;-;-;-;podziemny w kanalizacji;1.7;Nie
6465691;472912;721897;6465691C;5966803;472924;721889;5966803C;Orange Polska S.A.;światłowodowe;-;Tak;Nie;-;-;-;podziemny w rurociągu;0.1;Nie
5677467;473409;721922;5677467C;5836934;473098;721737;5836934C;Orange Polska S.A.;światłowodowe;-;Tak;Nie;-;-;-;podziemny w kanalizacji;0.5;Nie
6214132;473302;722175;6214132C;6216028;473163;722169;6216028C;NAUKOWA I AKADEMICKA SIEĆ KOMPUTEROWA - PAŃSTWOWY INSTYTUT BADAWCZY;światłowodowe;-;Nie;Nie;-;-;-;podziemny w kanalizacji;1;Nie
5677332;473267;722290;5677332C;6548623;473206;722172;6548623C;Orange Polska S.A.;światłowodowe;-;Tak;Nie;-;-;-;podziemny w kanalizacji;0.2;Nie
5677467;473409;721922;5677467C;5677332;473267;722290;5677332C;Orange Polska S.A.;światłowodowe;-;Tak;Nie;-;-;-;podziemny w kanalizacji;0.4;Nie
6198855;473267;722290;6198855C;6198501;473400;721840;6198501C;NETIA S.A.;światłowodowe;-;Nie;Nie;-;-;-;podziemny;0.5;Tak
6198501;473400;721840;6198501C;6198856;473267;722290;6198856C;NETIA S.A.;światłowodowe;-;Nie;Nie;-;-;-;podziemny;0.4;Tak
5842905;472902;722451;5842905C;6115282;472913;722449;6115282C;Światłowód Inwestycje Sp. z o. o.;światłowodowe;-;Tak;Nie;-;-;-;podziemny w kanalizacji;0.3;Nie
7003549;473207;721656;7003549N;5725679;473180;724277;5725679C;JMDI.PL Spółka z ograniczoną odpowiedzialnością;światłowodowe;-;Tak;Tak;-;-;-;podziemny w kanalizacji;8.9;Nie
7003549;473207;721656;7003549N;5725680;473212;724321;5725680C;JMDI.PL Spółka z ograniczoną odpowiedzialnością;światłowodowe;-;Tak;Tak;-;-;-;podziemny w kanalizacji;6.8;Nie
6695969;473207;721656;6695969N;5726853;473212;724321;5726853C;JMDI Sp. z o.o.;światłowodowe;-;Tak;Tak;-;-;-;podziemny w kanalizacji;6.8;Nie
6695969;473207;721656;6695969N;5726852;473180;724277;5726852C;JMDI Sp. z o.o.;światłowodowe;-;Tak;Tak;-;-;-;podziemny w kanalizacji;8.9;Nie
5813796;472953;723912;5813796C;6277132;473184;724036;6277132C;Orange Polska S.A.;światłowodowe;-;Tak;Nie;-;-;-;podziemny w kanalizacji;0.4;Nie
6304257;472332;723940;6304257C;6839076;472375;723896;6839076N;Orange Polska S.A.;światłowodowe;-;Tak;Nie;-;-;-;podziemny w kanalizacji;0.1;Nie
5813796;472953;723912;5813796C;5936190;472465;723905;5936190C;Orange Polska S.A.;światłowodowe;-;Tak;Nie;-;-;-;podziemny w kanalizacji;0.6;Nie
6593262;472465;723905;6593262C;6593264;473039;724073;6593264C;Towerlink Poland Sp. z o. o.;światłowodowe;-;Tak;Tak;-;-;-;podziemny;0.9;Nie
6010169;472465;723905;6010169C;5844903;472510;723925;5844903C;Światłowód Inwestycje Sp. z o. o.;światłowodowe;-;Tak;Nie;-;-;-;podziemny w kanalizacji;0.1;Nie
6020471;472874;721823;6020471C;6426578;472962;721889;6426578C;Orange Polska S.A.;światłowodowe;-;Tak;Nie;-;-;-;podziemny w kanalizacji;0.2;Nie
6020471;472874;721823;6020471C;5684770;472896;721901;5684770C;Orange Polska S.A.;światłowodowe;-;Tak;Nie;-;-;-;podziemny w kanalizacji;0.3;Nie
6020471;472874;721823;6020471C;5696635;472883;721936;5696635C;Orange Polska S.A.;światłowodowe;-;Tak;Nie;-;-;-;podziemny w kanalizacji;0.3;Nie
5684770;472896;721901;5684770C;6465691;472912;721897;6465691C;Orange Polska S.A.;światłowodowe;-;Tak;Nie;-;-;-;podziemny w kanalizacji;0.1;Nie
6695969;473207;721656;6695969N;5727529;472830;722473;5727529C;JMDI Sp. z o.o.;światłowodowe;-;Tak;Tak;-;-;-;podziemny w kanalizacji;4.5;Nie
6078963;472856;721835;6078963C;5668672;472834;721844;5668672C;Orange Polska S.A.;światłowodowe;-;Tak;Nie;-;-;-;podziemny w kanalizacji;0.1;Nie
6695969;473207;721656;6695969N;5727267;472844;722419;5727267C;JMDI Sp. z o.o.;światłowodowe;-;Tak;Tak;-;-;-;podziemny w kanalizacji;4.5;Nie
6542426;473119;723953;6542426C;6542434;473081;723944;6542434C;Orange Polska S.A.;światłowodowe;-;Tak;Nie;-;-;-;podziemny w kanalizacji;0.1;Nie
6240155;472323;721939;6240155C;5689912;472251;721897;5689912C;Orange Polska S.A.;światłowodowe;-;Tak;Nie;-;-;-;podziemny w kanalizacji;0.2;Nie
6240155;472323;721939;6240155C;6586622;472295;721900;6586622C;Orange Polska S.A.;światłowodowe;-;Tak;Nie;-;-;-;podziemny w kanalizacji;0.1;Nie
6153490;472597;721967;6153490C;6584446;472633;721949;6584446C;Orange Polska S.A.;światłowodowe;-;Tak;Nie;-;-;-;podziemny w kanalizacji;0.2;Nie
6153490;472597;721967;6153490C;5668997;472608;722024;5668997C;Orange Polska S.A.;światłowodowe;-;Tak;Nie;-;-;-;podziemny w kanalizacji;0.2;Nie
6240155;472323;721939;6240155C;5708525;472341;722008;5708525C;Orange Polska S.A.;światłowodowe;-;Tak;Nie;-;-;-;podziemny w kanalizacji;0.1;Nie
6578963;472961;721634;6578963C;6578962;472290;722309;6578962C;GDAŃSK-MIASTO NA PRAWACH POWIATU;światłowodowe;-;Nie;Nie;-;-;-;podziemny w kanalizacji;1.1;Nie
6564932;472494;721839;6564932C;6564075;472286;721772;6564075C;Orange Polska S.A.;światłowodowe;-;Tak;Nie;-;-;-;podziemny w kanalizacji;0.4;Nie
6579473;472756;721833;6579473C;5651561;472879;722287;5651561C;Orange Polska S.A.;światłowodowe;-;Tak;Nie;-;-;-;podziemny w kanalizacji;0.6;Nie
5829410;472553;721851;5829410C;6425734;472171;722406;6425734C;Orange Polska S.A.;światłowodowe;-;Tak;Nie;-;-;-;podziemny w kanalizacji;0.7;Nie
6019414;472700;721859;6019414C;6153490;472597;721967;6153490C;Orange Polska S.A.;światłowodowe;-;Tak;Nie;-;-;-;podziemny w kanalizacji;0.2;Nie
5689912;472251;721897;5689912C;6251498;472249;721933;6251498C;Orange Polska S.A.;światłowodowe;-;Tak;Nie;-;-;-;podziemny w kanalizacji;0.1;Nie
7003549;473207;721656;7003549N;5725668;472510;723925;5725668C;JMDI.PL Spółka z ograniczoną odpowiedzialnością;światłowodowe;-;Tak;Tak;-;-;-;podziemny w kanalizacji;8.9;Nie
6695969;473207;721656;6695969N;5726841;472510;723925;5726841C;JMDI Sp. z o.o.;światłowodowe;-;Tak;Tak;-;-;-;podziemny w kanalizacji;8.9;Nie
7003549;473207;721656;7003549N;5725669;472514;723968;5725669C;JMDI.PL Spółka z ograniczoną odpowiedzialnością;światłowodowe;-;Tak;Tak;-;-;-;podziemny w kanalizacji;8.5;Nie
6695969;473207;721656;6695969N;5726842;472514;723968;5726842C;JMDI Sp. z o.o.;światłowodowe;-;Tak;Tak;-;-;-;podziemny w kanalizacji;8.5;Nie
6020471;472874;721823;6020471C;6277770;472807;721938;6277770C;Orange Polska S.A.;światłowodowe;-;Tak;Nie;-;-;-;podziemny w kanalizacji;0.3;Nie
6154336;472953;723912;6154336C;6302172;472067;723650;6302172C;Orange Polska S.A.;światłowodowe;-;Tak;Nie;-;-;-;podziemny w kanalizacji;0.9;Nie
5725470;471960;721711;5725470C;5809785;471910;721679;5809785C;Orange Polska S.A.;światłowodowe;-;Tak;Nie;-;-;-;podziemny w rurociągu;0.1;Nie
5913920;471910;721679;5913920C;5921524;471960;721711;5921524C;Orange Polska S.A.;światłowodowe;-;Tak;Nie;-;-;-;podziemny w rurociągu;0.1;Nie
5913920;471910;721679;5913920C;5725470;471960;721711;5725470C;Orange Polska S.A.;światłowodowe;-;Tak;Nie;-;-;-;podziemny w rurociągu;0.1;Nie
6227044;472164;723010;6227044C;5788568;472285;723004;5788568C;Światłowód Inwestycje Sp. z o. o.;światłowodowe;-;Tak;Nie;-;-;-;podziemny w kanalizacji;0.2;Nie
6593261;471753;723464;6593261C;6593262;472465;723905;6593262C;Towerlink Poland Sp. z o. o.;światłowodowe;-;Tak;Tak;-;-;-;podziemny;1.3;Nie
6303107;471827;723541;6303107C;6405807;471874;723506;6405807C;Orange Polska S.A.;światłowodowe;-;Tak;Nie;-;-;-;podziemny w kanalizacji;0.1;Nie
5703417;471724;722240;5703417C;6829645;471725;722284;6829645N;Orange Polska S.A.;światłowodowe;-;Tak;Nie;-;-;-;podziemny w rurociągu;0.1;Nie
6198583;476780;724511;6198583C;6198584;476315;723875;6198584C;NETIA S.A.;światłowodowe;-;Nie;Nie;-;-;-;podziemny;1;Nie
7144635;476678;724170;7144635N;6199078;476526;724233;6199078C;NETIA S.A.;światłowodowe;-;Nie;Nie;-;-;-;podziemny;0.1;Nie
6198466;476691;724259;6198466C;6199078;476526;724233;6199078C;NETIA S.A.;światłowodowe;-;Nie;Nie;-;-;-;podziemny;0.1;Nie
6198466;476691;724259;6198466C;6748057;476533;724240;6748057N;NETIA S.A.;światłowodowe;-;Nie;Nie;-;-;-;podziemny;0.3;Nie
6634683;476127;723897;6634683N;6430455;476406;724228;6430455C;UPC POLSKA sp. z o.o.;światłowodowe;-;Tak;Nie;-;-;-;podziemny w kanalizacji;0.4;Nie
6645372;476268;724127;6645372N;6198452;476302;723994;6198452C;NETIA S.A.;światłowodowe;-;Nie;Nie;-;-;-;podziemny;0.2;Nie
6645372;476268;724127;6645372N;6198524;476581;724484;6198524C;NETIA S.A.;światłowodowe;-;Nie;Nie;-;-;-;podziemny;0.6;Nie
6748057;476533;724240;6748057N;6198466;476691;724259;6198466C;NETIA S.A.;światłowodowe;-;Nie;Nie;-;-;-;podziemny;0.7;Nie
6749126;476578;724487;6749126N;6645372;476268;724127;6645372N;NETIA S.A.;światłowodowe;-;Nie;Nie;-;-;-;podziemny;0.8;Nie
6198524;476581;724484;6198524C;6062859;476522;724609;6062859C;NETIA S.A.;światłowodowe;-;Nie;Nie;-;-;-;podziemny;0.3;Nie
7007792;476334;724621;7007792N;6198533;476233;724525;6198533C;NETIA S.A.;światłowodowe;-;Nie;Nie;-;-;-;podziemny;0.2;Nie
6062859;476522;724609;6062859C;6199071;476769;724625;6199071C;NETIA S.A.;światłowodowe;-;Nie;Nie;-;-;-;podziemny;0.1;Nie
7144524;476231;724059;7144524N;7009883;476029;724147;7009883N;NETIA S.A.;światłowodowe;-;Nie;Nie;-;-;-;podziemny;0.2;Nie
5839167;476470;724299;5839167C;6294678;476363;724387;6294678C;Orange Polska S.A.;światłowodowe;-;Tak;Nie;-;-;-;podziemny w kanalizacji;0.2;Nie
5670663;476651;724544;5670663C;6634274;476647;724548;6634274N;UPC POLSKA sp. z o.o.;światłowodowe;-;Tak;Nie;-;-;-;podziemny w kanalizacji;0.1;Nie
5670663;476651;724544;5670663C;6430456;476909;724613;6430456C;UPC POLSKA sp. z o.o.;światłowodowe;-;Tak;Nie;-;-;-;podziemny w kanalizacji;0.3;Nie
6198841;476909;724613;6198841C;6198752;476127;723897;6198752C;NETIA S.A.;światłowodowe;-;Nie;Nie;-;-;-;podziemny;1.2;Nie
6954864;475989;724168;6954864N;6099183;476269;723098;6099183C;T-MOBILE POLSKA S.A.;światłowodowe;-;Nie;Nie;-;-;-;podziemny;1.5;Nie
6019169;476240;723160;6019169C;6263821;476651;724544;6263821C;Orange Polska S.A.;światłowodowe;-;Tak;Nie;-;-;-;podziemny w kanalizacji;0.1;Nie
6019169;476240;723160;6019169C;6009475;476769;724625;6009475C;Orange Polska S.A.;światłowodowe;-;Tak;Nie;-;-;-;podziemny w kanalizacji;0.3;Nie
5856830;476186;723559;5856830C;6599054;476178;723794;6599054C;Orange Polska S.A.;światłowodowe;-;Tak;Nie;-;-;-;podziemny w kanalizacji;0.4;Nie
6198452;476302;723994;6198452C;6198516;476357;723629;6198516C;NETIA S.A.;światłowodowe;-;Nie;Nie;-;-;-;podziemny;0.4;Nie
6645372;476268;724127;6645372N;6198514;476320;723694;6198514C;NETIA S.A.;światłowodowe;-;Nie;Nie;-;-;-;podziemny;0.7;Nie
6645372;476268;724127;6645372N;6198538;475969;724035;6198538C;NETIA S.A.;światłowodowe;-;Nie;Nie;-;-;-;podziemny;0.1;Nie
7119423;476079;724106;7119423N;7144524;476231;724059;7144524N;NETIA S.A.;światłowodowe;-;Nie;Nie;-;-;-;podziemny;0.2;Nie
7119422;475994;724155;7119422N;6198530;475996;724176;6198530C;NETIA S.A.;światłowodowe;-;Nie;Nie;-;-;-;podziemny;0.1;Nie
7009938;476664;724157;7009938N;6199078;476526;724233;6199078C;NETIA S.A.;światłowodowe;-;Nie;Nie;-;-;-;podziemny;0.1;Nie
6198568;475910;724203;6198568C;6198530;475996;724176;6198530C;NETIA S.A.;światłowodowe;-;Nie;Nie;-;-;-;podziemny;0.2;Nie
6198261;475753;724094;6198261C;6749171;475910;724385;6749171N;NETIA S.A.;światłowodowe;-;Nie;Nie;-;-;-;podziemny;0.4;Nie
5969216;474990;723575;5969216C;6158720;475180;723560;6158720C;Orange Polska S.A.;światłowodowe;-;Tak;Nie;-;-;-;podziemny w kanalizacji;0.3;Nie
5969216;474990;723575;5969216C;5816807;475052;723561;5816807C;Orange Polska S.A.;światłowodowe;-;Tak;Nie;-;-;-;podziemny w kanalizacji;0.2;Nie
6158720;475180;723560;6158720C;5975975;475234;723563;5975975C;Orange Polska S.A.;światłowodowe;-;Tak;Nie;-;-;-;podziemny w kanalizacji;0.1;Nie
7174484;476315;723897;7174484N;7173432;477311;723484;7173432N;ENERGA-OPERATOR S.A.;światłowodowe;-;Tak;Nie;-;-;-;napowietrzny;1.3;Nie
6695969;473207;721656;6695969N;5726850;477116;725619;5726850C;JMDI Sp. z o.o.;światłowodowe;-;Tak;Tak;-;-;-;podziemny w kanalizacji;8.7;Nie
6695969;473207;721656;6695969N;5726849;476973;726131;5726849C;JMDI Sp. z o.o.;światłowodowe;-;Tak;Tak;-;-;-;podziemny w kanalizacji;5.7;Nie
6695969;473207;721656;6695969N;5726848;477028;726134;5726848C;JMDI Sp. z o.o.;światłowodowe;-;Tak;Tak;-;-;-;podziemny w kanalizacji;5.6;Nie
6695969;473207;721656;6695969N;5726847;476892;725808;5726847C;JMDI Sp. z o.o.;światłowodowe;-;Tak;Tak;-;-;-;podziemny w kanalizacji;5.9;Nie
6533922;477042;725753;6533922C;6293999;476972;725685;6293999C;Orange Polska S.A.;światłowodowe;-;Tak;Nie;-;-;-;podziemny w rurociągu;0.3;Nie
6533922;477042;725753;6533922C;6297847;477040;725780;6297847C;Orange Polska S.A.;światłowodowe;-;Tak;Nie;-;-;-;podziemny w rurociągu;0.1;Nie
6198510;477076;724715;6198510C;6198216;476095;726074;6198216C;NETIA S.A.;światłowodowe;-;Nie;Nie;-;-;-;podziemny;2.1;Nie
6198452;476302;723994;6198452C;6198510;477076;724715;6198510C;NETIA S.A.;światłowodowe;-;Nie;Nie;-;-;-;podziemny;1;Nie
6198510;477076;724715;6198510C;6198583;476780;724511;6198583C;NETIA S.A.;światłowodowe;-;Nie;Nie;-;-;-;podziemny;0.4;Nie
6695969;473207;721656;6695969N;5730650;473371;728986;5730650C;JMDI Sp. z o.o.;światłowodowe;-;Tak;Tak;-;-;-;podziemny w kanalizacji;6.2;Nie
6837743;474286;723932;6837743N;7088282;473400;721840;7088282N;Orange Polska S.A.;światłowodowe;-;Tak;Nie;-;-;-;podziemny w kanalizacji;3.4;Nie
6011817;473400;721840;6011817C;6837743;474286;723932;6837743N;Orange Polska S.A.;światłowodowe;-;Tak;Nie;-;-;-;podziemny w kanalizacji;3.3;Nie
7088282;473400;721840;7088282N;6837743;474286;723932;6837743N;Orange Polska S.A.;światłowodowe;-;Tak;Nie;-;-;-;podziemny w kanalizacji;3;Nie
7003549;473207;721656;7003549N;5725677;477116;725619;5725677C;JMDI.PL Spółka z ograniczoną odpowiedzialnością;światłowodowe;-;Tak;Tak;-;-;-;podziemny w kanalizacji;8.7;Nie
7003549;473207;721656;7003549N;5725672;476885;725819;5725672C;JMDI.PL Spółka z ograniczoną odpowiedzialnością;światłowodowe;-;Tak;Tak;-;-;-;podziemny w kanalizacji;5.6;Nie
7003549;473207;721656;7003549N;5725671;475315;725473;5725671C;JMDI.PL Spółka z ograniczoną odpowiedzialnością;światłowodowe;-;Tak;Tak;-;-;-;podziemny w kanalizacji;5.9;Nie
7003549;473207;721656;7003549N;5725670;475437;725452;5725670C;JMDI.PL Spółka z ograniczoną odpowiedzialnością;światłowodowe;-;Tak;Tak;-;-;-;podziemny w kanalizacji;5.9;Nie
7049539;473207;721656;7049539N;5726034;475328;725558;5726034C;JMDI Jacek Maleszko;światłowodowe;-;Tak;Tak;-;-;-;podziemny w kanalizacji;3.5;Nie
7049539;473207;721656;7049539N;5726022;477132;726430;5726022C;JMDI Jacek Maleszko;światłowodowe;-;Tak;Tak;-;-;-;podziemny w kanalizacji;10.5;Nie
7003549;473207;721656;7003549N;5725676;476973;726131;5725676C;JMDI.PL Spółka z ograniczoną odpowiedzialnością;światłowodowe;-;Tak;Tak;-;-;-;podziemny w kanalizacji;5.7;Nie
7003549;473207;721656;7003549N;5725675;477028;726134;5725675C;JMDI.PL Spółka z ograniczoną odpowiedzialnością;światłowodowe;-;Tak;Tak;-;-;-;podziemny w kanalizacji;5.6;Nie
7003549;473207;721656;7003549N;5725674;476892;725808;5725674C;JMDI.PL Spółka z ograniczoną odpowiedzialnością;światłowodowe;-;Tak;Tak;-;-;-;podziemny w kanalizacji;5.9;Nie
7003549;473207;721656;7003549N;5725673;476892;725808;5725673C;JMDI.PL Spółka z ograniczoną odpowiedzialnością;światłowodowe;-;Tak;Tak;-;-;-;podziemny w kanalizacji;6;Nie
6507196;473273;721703;6507196C;6507350;474984;723559;6507350C;LOGITUS Sp. z o.o.;światłowodowe;-;Nie;Nie;-;-;-;podziemny w kanalizacji;3.5;Nie
6198242;476999;721723;6198242C;6645372;476268;724127;6645372N;NETIA S.A.;światłowodowe;-;Nie;Nie;-;-;-;podziemny;3.8;Nie
7003549;473207;721656;7003549N;5725912;475328;725558;5725912C;JMDI.PL Spółka z ograniczoną odpowiedzialnością;światłowodowe;-;Tak;Tak;-;-;-;podziemny w kanalizacji;3.5;Nie
7003549;473207;721656;7003549N;5725900;477132;726430;5725900C;JMDI.PL Spółka z ograniczoną odpowiedzialnością;światłowodowe;-;Tak;Tak;-;-;-;podziemny w kanalizacji;10.5;Nie
7003549;473207;721656;7003549N;5725685;475801;723616;5725685C;JMDI.PL Spółka z ograniczoną odpowiedzialnością;światłowodowe;-;Tak;Tak;-;-;-;podziemny w kanalizacji;7.9;Nie
7003549;473207;721656;7003549N;5725684;475800;723644;5725684C;JMDI.PL Spółka z ograniczoną odpowiedzialnością;światłowodowe;-;Tak;Tak;-;-;-;podziemny w kanalizacji;6.9;Nie
7104282;474744;723813;7104282N;7104270;475269;723093;7104270N;mBit Mariusz Krupiński;światłowodowe;-;Nie;Nie;-;-;-;podziemny w kanalizacji;1.1;Nie
6260732;474765;723497;6260732C;6257548;474819;723446;6257548C;Orange Polska S.A.;światłowodowe;-;Tak;Nie;-;-;-;podziemny w rurociągu;0.2;Nie
6500741;475069;724390;6500741C;6480298;475257;724390;6480298C;3s Spółka Akcyjna;światłowodowe;-;Tak;Nie;-;-;-;podziemny w kanalizacji;0.4;Nie
6158720;475180;723560;6158720C;6243136;475236;723494;6243136C;Orange Polska S.A.;światłowodowe;-;Tak;Nie;-;-;-;podziemny w kanalizacji;0.2;Nie
6216032;474525;723757;6216032C;6216041;474503;723775;6216041C;NAUKOWA I AKADEMICKA SIEĆ KOMPUTEROWA - PAŃSTWOWY INSTYTUT BADAWCZY;światłowodowe;-;Nie;Nie;-;-;-;podziemny;0.1;Nie
6214148;474513;723814;6214148C;6216041;474503;723775;6216041C;NAUKOWA I AKADEMICKA SIEĆ KOMPUTEROWA - PAŃSTWOWY INSTYTUT BADAWCZY;światłowodowe;-;Nie;Nie;-;-;-;podziemny w kanalizacji;0.5;Nie
6214147;474579;723785;6214147C;6214148;474513;723814;6214148C;NAUKOWA I AKADEMICKA SIEĆ KOMPUTEROWA - PAŃSTWOWY INSTYTUT BADAWCZY;światłowodowe;-;Nie;Nie;-;-;-;podziemny w kanalizacji;0.5;Nie
6223692;474551;723709;6223692C;6027836;474583;723601;6027836C;Orange Polska S.A.;światłowodowe;-;Tak;Nie;-;-;-;podziemny w kanalizacji;0.3;Nie
5768702;474666;723902;5768702C;6464079;474701;723849;6464079C;Orange Polska S.A.;światłowodowe;-;Tak;Nie;-;-;-;podziemny;0.3;Nie
6214147;474579;723785;6214147C;6215861;474575;723740;6215861C;NAUKOWA I AKADEMICKA SIEĆ KOMPUTEROWA - PAŃSTWOWY INSTYTUT BADAWCZY;światłowodowe;-;Nie;Nie;-;-;-;podziemny w kanalizacji;0.2;Nie
6216041;474503;723775;6216041C;6216048;474474;723787;6216048C;NAUKOWA I AKADEMICKA SIEĆ KOMPUTEROWA - PAŃSTWOWY INSTYTUT BADAWCZY;światłowodowe;-;Nie;Nie;-;-;-;podziemny w kanalizacji;0.5;Nie
5780532;474480;723895;5780532C;6240651;474848;723688;6240651C;Orange Polska S.A.;światłowodowe;-;Tak;Nie;-;-;-;podziemny w kanalizacji;0.5;Nie
5705625;474484;724060;5705625C;5768702;474666;723902;5768702C;Orange Polska S.A.;światłowodowe;-;Tak;Nie;-;-;-;podziemny w kanalizacji;0.4;Nie
6004021;474566;724220;6004021C;6359522;474603;724240;6359522C;Światłowód Inwestycje Sp. z o. o.;światłowodowe;-;Tak;Nie;-;-;-;podziemny w kanalizacji;0.1;Nie
6837743;474286;723932;6837743N;6023920;475470;723400;6023920C;Orange Polska S.A.;światłowodowe;-;Tak;Nie;-;-;-;podziemny w kanalizacji;1.6;Nie
6837743;474286;723932;6837743N;6531776;475161;723506;6531776C;Orange Polska S.A.;światłowodowe;-;Tak;Nie;-;-;-;podziemny w kanalizacji;1.4;Nie
6214146;474858;723627;6214146C;6214147;474579;723785;6214147C;NAUKOWA I AKADEMICKA SIEĆ KOMPUTEROWA - PAŃSTWOWY INSTYTUT BADAWCZY;światłowodowe;-;Nie;Nie;-;-;-;podziemny w kanalizacji;0.5;Nie
5969216;474990;723575;5969216C;6258413;474880;723472;6258413C;Orange Polska S.A.;światłowodowe;-;Tak;Nie;-;-;-;podziemny w kanalizacji;0.3;Nie
5834586;474930;723722;5834586C;5958466;475045;723720;5958466C;Orange Polska S.A.;światłowodowe;-;Tak;Nie;-;-;-;podziemny w kanalizacji;0.3;Nie
6028157;474946;723503;6028157C;6028154;475068;723448;6028154C;Orange Polska S.A.;światłowodowe;-;Tak;Nie;-;-;-;podziemny w kanalizacji;0.2;Nie
6749466;475024;723564;6749466N;6198469;474446;723845;6198469C;NETIA S.A.;światłowodowe;-;Nie;Nie;-;-;-;podziemny;0.8;Nie
5683827;474169;723877;5683827C;5918761;474262;723747;5918761C;Orange Polska S.A.;światłowodowe;-;Tak;Nie;-;-;-;podziemny w kanalizacji;0.4;Nie
6214147;474579;723785;6214147C;6214387;474350;723999;6214387C;NAUKOWA I AKADEMICKA SIEĆ KOMPUTEROWA - PAŃSTWOWY INSTYTUT BADAWCZY;światłowodowe;-;Nie;Nie;-;-;-;podziemny w kanalizacji;0.5;Nie
6214147;474579;723785;6214147C;6214114;474469;724112;6214114C;NAUKOWA I AKADEMICKA SIEĆ KOMPUTEROWA - PAŃSTWOWY INSTYTUT BADAWCZY;światłowodowe;-;Nie;Nie;-;-;-;podziemny w kanalizacji;0.5;Nie
5997701;473975;723960;5997701C;6155902;474000;723922;6155902C;Orange Polska S.A.;światłowodowe;-;Tak;Nie;-;-;-;podziemny w kanalizacji;0.2;Nie
5691160;474312;723951;5691160C;5691147;474226;723958;5691147C;Orange Polska S.A.;światłowodowe;-;Tak;Nie;-;-;-;podziemny w kanalizacji;0.2;Nie
6253785;474042;723995;6253785C;6225265;474069;723984;6225265C;Orange Polska S.A.;światłowodowe;-;Tak;Nie;-;-;-;podziemny w kanalizacji;0.1;Nie
6429642;474307;723976;6429642C;6766266;474464;724493;6766266N;UPC POLSKA sp. z o.o.;światłowodowe;-;Tak;Nie;-;-;-;podziemny w kanalizacji;0.1;Nie
6214387;474350;723999;6214387C;6214116;473891;724280;6214116C;NAUKOWA I AKADEMICKA SIEĆ KOMPUTEROWA - PAŃSTWOWY INSTYTUT BADAWCZY;światłowodowe;-;Nie;Nie;-;-;-;podziemny w kanalizacji;0.5;Nie
6216047;474377;724034;6216047C;6214387;474350;723999;6214387C;NAUKOWA I AKADEMICKA SIEĆ KOMPUTEROWA - PAŃSTWOWY INSTYTUT BADAWCZY;światłowodowe;-;Nie;Nie;-;-;-;podziemny;0.1;Nie
6500746;474283;724049;6500746C;6480303;474427;724305;6480303C;3s Spółka Akcyjna;światłowodowe;-;Tak;Nie;-;-;-;podziemny w kanalizacji;0.8;Nie
6403892;474252;724225;6403892C;6464474;474255;724189;6464474C;Orange Polska S.A.;światłowodowe;-;Tak;Nie;-;-;-;podziemny w kanalizacji;0.2;Nie
6549122;474429;724621;6549122C;6162729;474276;724455;6162729C;Orange Polska S.A.;światłowodowe;-;Tak;Nie;-;-;-;podziemny w kanalizacji;0.4;Nie
6579810;474359;724162;6579810C;5726487;474384;724161;5726487C;Orange Polska S.A.;światłowodowe;-;Tak;Nie;-;-;-;podziemny w kanalizacji;0.1;Nie
7133221;474320;723491;7133221N;5776723;474571;723786;5776723C;T-MOBILE POLSKA S.A.;światłowodowe;-;Nie;Nie;-;-;-;podziemny;0.9;Nie
5652530;474360;723554;5652530C;5718265;474357;723501;5718265C;Orange Polska S.A.;światłowodowe;-;Tak;Nie;-;-;-;podziemny;0.1;Nie
5780532;474480;723895;5780532C;6028157;474946;723503;6028157C;Orange Polska S.A.;światłowodowe;-;Tak;Nie;-;-;-;podziemny w kanalizacji;1;Nie
5705997;475161;723506;5705997C;6224983;474312;723951;6224983C;Orange Polska S.A.;światłowodowe;-;Tak;Nie;-;-;-;podziemny w kanalizacji;1.6;Nie
6415167;474432;723519;6415167C;6554832;474463;723531;6554832C;Orange Polska S.A.;światłowodowe;-;Tak;Nie;-;-;-;podziemny;0.1;Nie
6837743;474286;723932;6837743N;5873701;474925;723595;5873701C;Orange Polska S.A.;światłowodowe;-;Tak;Nie;-;-;-;podziemny w kanalizacji;0.9;Nie
6029248;474618;723922;6029248C;5690804;474670;723792;5690804C;Orange Polska S.A.;światłowodowe;-;Tak;Nie;-;-;-;podziemny w kanalizacji;0.4;Nie
6554832;474463;723531;6554832C;6162099;474449;723546;6162099C;Orange Polska S.A.;światłowodowe;-;Tak;Nie;-;-;-;podziemny w kanalizacji;0.1;Nie
6648146;474733;723573;6648146N;6766442;474615;723762;6766442N;UPC POLSKA sp. z o.o.;światłowodowe;-;Tak;Nie;-;-;-;podziemny w kanalizacji;0.5;Nie
5873701;474925;723595;5873701C;6977472;474838;722617;6977472N;Orange Polska S.A.;światłowodowe;-;Tak;Nie;-;-;-;podziemny w kanalizacji;1.5;Nie
5969216;474990;723575;5969216C;6944984;474551;722931;6944984N;Orange Polska S.A.;światłowodowe;-;Tak;Nie;-;-;-;podziemny w kanalizacji;1.1;Nie
6269301;474717;723287;6269301C;5959740;474697;723264;5959740C;Orange Polska S.A.;światłowodowe;-;Tak;Nie;-;-;-;podziemny w kanalizacji;0.1;Nie
6415167;474432;723519;6415167C;5735626;474368;723413;5735626C;Orange Polska S.A.;światłowodowe;-;Tak;Nie;-;-;-;podziemny w kanalizacji;0.2;Nie
5969216;474990;723575;5969216C;5726410;474702;723024;5726410C;Orange Polska S.A.;światłowodowe;-;Tak;Nie;-;-;-;podziemny w kanalizacji;0.8;Nie
5788965;473843;722371;5788965C;5974177;473829;722422;5974177C;Światłowód Inwestycje Sp. z o. o.;światłowodowe;-;Tak;Nie;-;-;-;podziemny w kanalizacji;0.1;Nie
5788965;473843;722371;5788965C;6304147;473882;722413;6304147C;Światłowód Inwestycje Sp. z o. o.;światłowodowe;-;Tak;Nie;-;-;-;podziemny w kanalizacji;0.1;Nie
6837743;474286;723932;6837743N;7081783;474097;722601;7081783N;Orange Polska S.A.;światłowodowe;-;Tak;Nie;-;-;-;podziemny w kanalizacji;2.6;Nie
6021528;473919;723044;6021528C;6321260;473656;722797;6321260C;Światłowód Inwestycje Sp. z o. o.;światłowodowe;-;Tak;Nie;-;-;-;podziemny w kanalizacji;0.2;Nie
5683827;474169;723877;5683827C;6558112;473919;723044;6558112C;Orange Polska S.A.;światłowodowe;-;Tak;Nie;-;-;-;podziemny w kanalizacji;1.4;Nie
5973898;473800;722148;5973898C;5788605;473901;722254;5788605C;Światłowód Inwestycje Sp. z o. o.;światłowodowe;-;Tak;Nie;-;-;-;podziemny w kanalizacji;0.5;Nie
5754941;473793;722207;5754941C;5931372;473834;722239;5931372C;Orange Polska S.A.;światłowodowe;-;Tak;Nie;-;-;-;podziemny w kanalizacji;0.1;Nie
5788605;473901;722254;5788605C;6379554;473941;722239;6379554C;Światłowód Inwestycje Sp. z o. o.;światłowodowe;-;Tak;Nie;-;-;-;podziemny w kanalizacji;0.1;Nie
6323763;473905;722366;6323763C;6148281;473926;722362;6148281C;Światłowód Inwestycje Sp. z o. o.;światłowodowe;-;Tak;Nie;-;-;-;podziemny;0.1;Nie
5788605;473901;722254;5788605C;5784137;473860;722261;5784137C;Światłowód Inwestycje Sp. z o. o.;światłowodowe;-;Tak;Nie;-;-;-;podziemny w kanalizacji;0.1;Nie
6645372;476268;724127;6645372N;6198499;476235;722906;6198499C;NETIA S.A.;światłowodowe;-;Nie;Nie;-;-;-;podziemny;1.9;Nie
6198235;476289;723073;6198235C;6645372;476268;724127;6645372N;NETIA S.A.;światłowodowe;-;Nie;Nie;-;-;-;podziemny;1.5;Nie
6198235;476289;723073;6198235C;6198879;476526;724233;6198879C;NETIA S.A.;światłowodowe;-;Nie;Nie;-;-;-;podziemny;1.6;Nie
6198489;476870;725385;6198489C;6749506;476806;725488;6749506N;NETIA S.A.;światłowodowe;-;Nie;Nie;-;-;-;podziemny;0.2;Nie
6199105;475869;724378;6199105C;6199106;476277;725004;6199106C;NETIA S.A.;światłowodowe;-;Nie;Nie;-;-;-;podziemny;0.8;Nie
6198524;476581;724484;6198524C;6749736;476461;724773;6749736N;NETIA S.A.;światłowodowe;-;Nie;Nie;-;-;-;podziemny;0.5;Nie
6199071;476769;724625;6199071C;6749929;476589;724725;6749929N;NETIA S.A.;światłowodowe;-;Nie;Nie;-;-;-;podziemny;0.1;Nie
5911592;475861;724855;5911592C;6023791;476011;724942;6023791C;Orange Polska S.A.;światłowodowe;-;Tak;Nie;-;-;-;podziemny w kanalizacji;0.3;Nie
5993960;473643;721972;5993960C;5961110;473753;721954;5961110C;Orange Polska S.A.;światłowodowe;-;Tak;Nie;-;-;-;podziemny w kanalizacji;0.2;Nie
6647089;473681;722102;6647089N;6647075;474084;721939;6647075N;UPC POLSKA sp. z o.o.;światłowodowe;-;Nie;Nie;-;-;-;podziemny w kanalizacji;0.4;Nie
6214135;474090;721971;6214135C;6214134;473745;722093;6214134C;NAUKOWA I AKADEMICKA SIEĆ KOMPUTEROWA - PAŃSTWOWY INSTYTUT BADAWCZY;światłowodowe;-;Nie;Nie;-;-;-;podziemny w kanalizacji;0.5;Nie
5693585;473745;722093;5693585C;5957686;473761;722130;5957686C;Orange Polska S.A.;światłowodowe;-;Tak;Nie;-;-;-;podziemny w kanalizacji;0.1;Nie
5677467;473409;721922;5677467C;6467912;474293;722039;6467912C;Orange Polska S.A.;światłowodowe;-;Tak;Nie;-;-;-;podziemny w kanalizacji;1.2;Nie
5928632;474392;722286;5928632C;5705997;475161;723506;5705997C;Orange Polska S.A.;światłowodowe;-;Tak;Nie;-;-;-;podziemny w kanalizacji;2.7;Nie
6969001;474904;724029;6969001N;6579003;475288;722491;6579003C;GDAŃSK-MIASTO NA PRAWACH POWIATU;światłowodowe;-;Nie;Nie;-;-;-;podziemny w kanalizacji;2.8;Nie
6579009;474214;728834;6579009C;6579008;476574;727137;6579008C;GDAŃSK-MIASTO NA PRAWACH POWIATU;światłowodowe;-;Nie;Nie;-;-;-;podziemny w kanalizacji;3.1;Nie
7009869;476065;726044;7009869N;6198216;476095;726074;6198216C;NETIA S.A.;światłowodowe;-;Nie;Nie;-;-;-;podziemny;0.2;Nie
5673545;473409;721922;5673545C;6647089;473681;722102;6647089N;UPC POLSKA sp. z o.o.;światłowodowe;-;Nie;Nie;-;-;-;podziemny w kanalizacji;0.1;Nie
6837743;474286;723932;6837743N;5677467;473409;721922;5677467C;Orange Polska S.A.;światłowodowe;-;Tak;Nie;-;-;-;podziemny w kanalizacji;3.1;Nie
5677467;473409;721922;5677467C;5746111;473450;721949;5746111C;Orange Polska S.A.;światłowodowe;-;Tak;Nie;-;-;-;podziemny w kanalizacji;0.1;Nie
6427276;473610;721978;6427276C;6271286;473547;721988;6271286C;Orange Polska S.A.;światłowodowe;-;Tak;Nie;-;-;-;podziemny w kanalizacji;0.1;Nie
5931810;473919;723044;5931810C;6278850;473597;722765;6278850C;Orange Polska S.A.;światłowodowe;-;Tak;Nie;-;-;-;podziemny w kanalizacji;0.1;Nie
6695969;473207;721656;6695969N;5726846;476892;725808;5726846C;JMDI Sp. z o.o.;światłowodowe;-;Tak;Tak;-;-;-;podziemny w kanalizacji;6;Nie
6695969;473207;721656;6695969N;5726845;476885;725819;5726845C;JMDI Sp. z o.o.;światłowodowe;-;Tak;Tak;-;-;-;podziemny w kanalizacji;5.6;Nie
6695969;473207;721656;6695969N;5726844;475315;725473;5726844C;JMDI Sp. z o.o.;światłowodowe;-;Tak;Tak;-;-;-;podziemny w kanalizacji;5.9;Nie
6695969;473207;721656;6695969N;5726843;475437;725452;5726843C;JMDI Sp. z o.o.;światłowodowe;-;Tak;Tak;-;-;-;podziemny w kanalizacji;5.9;Nie
7081783;474097;722601;7081783N;6224337;475875;724962;6224337C;Orange Polska S.A.;światłowodowe;-;Tak;Nie;-;-;-;podziemny w kanalizacji;1.9;Nie
6198265;476064;722914;6198265C;6645372;476268;724127;6645372N;NETIA S.A.;światłowodowe;-;Nie;Nie;-;-;-;podziemny;1.7;Nie
6749007;473437;729334;6749007N;6198487;473417;729492;6198487C;NETIA S.A.;światłowodowe;-;Nie;Nie;-;-;-;podziemny;0.2;Nie
6200093;471539;729665;6200093C;6200097;471621;729626;6200097C;NETIA S.A.;światłowodowe;-;Nie;Nie;-;-;-;podziemny;0.1;Nie
5653225;472118;730102;5653225C;5979683;472322;729735;5979683C;Orange Polska S.A.;światłowodowe;-;Tak;Nie;-;-;-;podziemny w kanalizacji;0.5;Nie
5979683;472322;729735;5979683C;5934673;472203;730068;5934673C;Orange Polska S.A.;światłowodowe;-;Tak;Nie;-;-;-;podziemny w kanalizacji;0.5;Nie
7050300;471858;729694;7050300N;6591725;472480;729204;6591725C;Towerlink Poland Sp. z o. o.;światłowodowe;-;Tak;Tak;-;-;-;podziemny;0.1;Nie
6278088;471955;729964;6278088C;5728931;471858;729694;5728931C;Orange Polska S.A.;światłowodowe;-;Tak;Nie;-;-;-;podziemny w kanalizacji;0.5;Nie
5979683;472322;729735;5979683C;5749034;472409;729586;5749034C;Orange Polska S.A.;światłowodowe;-;Tak;Nie;-;-;-;podziemny w kanalizacji;0.3;Nie
5979683;472322;729735;5979683C;6554377;472519;729797;6554377C;Orange Polska S.A.;światłowodowe;-;Tak;Nie;-;-;-;podziemny w kanalizacji;0.3;Nie
5684133;472466;729780;5684133C;6552477;472405;729735;6552477C;Orange Polska S.A.;światłowodowe;-;Tak;Nie;-;-;-;podziemny w kanalizacji;0.2;Nie
5700620;472422;729628;5700620C;6560989;472495;729638;6560989C;Orange Polska S.A.;światłowodowe;-;Tak;Nie;-;-;-;podziemny w kanalizacji;1;Nie
6645372;476268;724127;6645372N;7119432;477296;724805;7119432N;NETIA S.A.;światłowodowe;-;Nie;Nie;-;-;-;podziemny;1.7;Nie
6198879;476526;724233;6198879C;7119432;477296;724805;7119432N;NETIA S.A.;światłowodowe;-;Nie;Nie;-;-;-;podziemny;1.4;Nie
7119432;477296;724805;7119432N;6198841;476909;724613;6198841C;NETIA S.A.;światłowodowe;-;Nie;Nie;-;-;-;podziemny;0.7;Nie
7119432;477296;724805;7119432N;7012691;477241;724677;7012691N;NETIA S.A.;światłowodowe;-;Nie;Nie;-;-;-;podziemny;0.2;Nie
7039427;471349;729390;7039427N;7144524;476231;724059;7144524N;NETIA S.A.;światłowodowe;-;Nie;Nie;-;-;-;podziemny;12;Nie
7143167;472028;730266;7143167N;7143100;477680;725025;7143100N;APLITT Sp. z o. o.;światłowodowe;-;Nie;Nie;-;-;-;podziemny w kanale technicznym drogi;12;Nie
6569878;477537;726618;6569878C;6284832;477551;726618;6284832C;Orange Polska S.A.;światłowodowe;-;Tak;Nie;-;-;-;podziemny w kanalizacji;0.1;Nie
6198249;473007;728445;6198249C;6198487;473417;729492;6198487C;NETIA S.A.;światłowodowe;-;Nie;Nie;-;-;-;podziemny;1.7;Nie
7039485;471812;729013;7039485N;6200088;471711;729081;6200088C;NETIA S.A.;światłowodowe;-;Nie;Nie;-;-;-;podziemny;0.1;Nie
6683125;473428;729354;6683125N;6830556;473506;729287;6830556N;Orange Polska S.A.;światłowodowe;-;Tak;Nie;-;-;-;podziemny w kanalizacji;0.1;Nie
7144675;471427;727157;7144675N;6198505;471406;727036;6198505C;NETIA S.A.;światłowodowe;-;Nie;Nie;-;-;-;podziemny;0.1;Nie
7003549;473207;721656;7003549N;5725696;474358;727387;5725696C;JMDI.PL Spółka z ograniczoną odpowiedzialnością;światłowodowe;-;Tak;Tak;-;-;-;podziemny w kanalizacji;5.7;Nie
7003549;473207;721656;7003549N;5725694;473371;728986;5725694C;JMDI.PL Spółka z ograniczoną odpowiedzialnością;światłowodowe;-;Tak;Tak;-;-;-;podziemny w kanalizacji;6.2;Nie
7003549;473207;721656;7003549N;5725693;473358;729021;5725693C;JMDI.PL Spółka z ograniczoną odpowiedzialnością;światłowodowe;-;Tak;Tak;-;-;-;podziemny w kanalizacji;6.2;Nie
7003549;473207;721656;7003549N;5725692;473305;729104;5725692C;JMDI.PL Spółka z ograniczoną odpowiedzialnością;światłowodowe;-;Tak;Tak;-;-;-;podziemny w kanalizacji;6.2;Nie
7003549;473207;721656;7003549N;5725691;473351;729118;5725691C;JMDI.PL Spółka z ograniczoną odpowiedzialnością;światłowodowe;-;Tak;Tak;-;-;-;podziemny w kanalizacji;6.2;Nie
6695969;473207;721656;6695969N;5730652;474358;727387;5730652C;JMDI Sp. z o.o.;światłowodowe;-;Tak;Tak;-;-;-;podziemny w kanalizacji;5.7;Nie
6695969;473207;721656;6695969N;5730649;473358;729021;5730649C;JMDI Sp. z o.o.;światłowodowe;-;Tak;Tak;-;-;-;podziemny w kanalizacji;6.2;Nie
6695969;473207;721656;6695969N;5730648;473305;729104;5730648C;JMDI Sp. z o.o.;światłowodowe;-;Tak;Tak;-;-;-;podziemny w kanalizacji;6.2;Nie
6695969;473207;721656;6695969N;5730647;473351;729118;5730647C;JMDI Sp. z o.o.;światłowodowe;-;Tak;Tak;-;-;-;podziemny w kanalizacji;6.2;Nie
5731057;473093;729768;5731057C;6230293;472927;729861;6230293C;Orange Polska S.A.;światłowodowe;-;Tak;Nie;-;-;-;podziemny w kanalizacji;0.4;Nie
5731057;473093;729768;5731057C;6290338;473442;729352;6290338C;Orange Polska S.A.;światłowodowe;-;Tak;Nie;-;-;-;podziemny w kanalizacji;0.6;Nie
5731057;473093;729768;5731057C;7060925;473192;729752;7060925N;Orange Polska S.A.;światłowodowe;-;Tak;Nie;-;-;-;podziemny w kanalizacji;0.2;Nie
6683125;473428;729354;6683125N;7060925;473192;729752;7060925N;Orange Polska S.A.;światłowodowe;-;Tak;Nie;-;-;-;podziemny w kanalizacji;0.7;Nie
6198487;473417;729492;6198487C;6942205;473192;729752;6942205N;NETIA S.A.;światłowodowe;-;Nie;Nie;-;-;-;podziemny;0.8;Nie
6198487;473417;729492;6198487C;6942205;473192;729752;6942205N;NETIA S.A.;światłowodowe;-;Nie;Nie;-;-;-;podziemny;0.8;Nie
6695969;473207;721656;6695969N;5730874;475328;725558;5730874C;JMDI Sp. z o.o.;światłowodowe;-;Tak;Tak;-;-;-;podziemny w kanalizacji;3.5;Nie
6695969;473207;721656;6695969N;5730706;477132;726430;5730706C;JMDI Sp. z o.o.;światłowodowe;-;Tak;Tak;-;-;-;podziemny w kanalizacji;10.5;Nie
5731630;473207;721656;5731630C;5731853;475328;725558;5731853C;Point Sp. z o.o.;światłowodowe;-;Tak;Tak;-;-;-;podziemny w kanalizacji;3.5;Nie
5731630;473207;721656;5731630C;5731837;477132;726430;5731837C;Point Sp. z o.o.;światłowodowe;-;Tak;Tak;-;-;-;podziemny w kanalizacji;10.5;Nie
7164765;473935;725611;7164765N;7164757;477491;720678;7164757N;VL Media;światłowodowe;-;Nie;Nie;-;-;-;podziemny w kanalizacji;6;Nie
7020302;474359;725941;7020302N;7020288;477255;721452;7020288N;TB TELECOM Sp.z o.o.;światłowodowe;-;Nie;Nie;-;-;-;podziemny w kanalizacji;7.2;Nie
7119432;477296;724805;7119432N;6198510;477076;724715;6198510C;NETIA S.A.;światłowodowe;-;Nie;Nie;-;-;-;podziemny;0.4;Nie
7119432;477296;724805;7119432N;6198489;476870;725385;6198489C;NETIA S.A.;światłowodowe;-;Nie;Nie;-;-;-;podziemny;0.9;Nie
6748976;474421;725966;6748976N;6198229;476381;720874;6198229C;NETIA S.A.;światłowodowe;-;Nie;Nie;-;-;-;podziemny;5.4;Nie
6200085;471774;729195;6200085C;6200086;471757;729337;6200086C;NETIA S.A.;światłowodowe;-;Nie;Nie;-;-;-;podziemny;0.2;Nie
6200085;471774;729195;6200085C;6942208;471791;729196;6942208N;NETIA S.A.;światłowodowe;-;Nie;Nie;-;-;-;podziemny;1.1;Nie
6200099;471782;729650;6200099C;6942217;471779;729638;6942217N;NETIA S.A.;światłowodowe;-;Nie;Nie;-;-;-;podziemny;0.2;Nie
6942208;471791;729196;6942208N;7039446;471797;729202;7039446N;NETIA S.A.;światłowodowe;-;Nie;Nie;-;-;-;podziemny;0.1;Nie
5806056;471816;729875;5806056C;6290518;471823;730198;6290518C;Orange Polska S.A.;światłowodowe;-;Tak;Nie;-;-;-;podziemny w rurociągu;0.3;Nie
5653225;472118;730102;5653225C;6278088;471955;729964;6278088C;Orange Polska S.A.;światłowodowe;-;Tak;Nie;-;-;-;podziemny w kanalizacji;0.3;Nie
7143167;472028;730266;7143167N;7142783;472232;729979;7142783N;APLITT Sp. z o. o.;światłowodowe;-;Nie;Nie;-;-;-;podziemny w kanale technicznym drogi;0.5;Nie
6829976;472118;730102;6829976N;5915191;471784;730257;5915191C;Orange Polska S.A.;światłowodowe;-;Tak;Nie;-;-;-;podziemny w kanalizacji;0.6;Nie
6829976;472118;730102;6829976N;5782768;471940;730041;5782768C;Orange Polska S.A.;światłowodowe;-;Tak;Nie;-;-;-;podziemny w kanalizacji;0.4;Nie
6149193;471955;729964;6149193C;6330243;471826;729859;6330243C;Światłowód Inwestycje Sp. z o. o.;światłowodowe;-;Tak;Nie;-;-;-;podziemny w kanalizacji;0.2;Nie
6298735;471754;723448;6298735C;6298708;471753;723464;6298708C;Orange Polska S.A.;światłowodowe;-;Tak;Nie;-;-;-;podziemny w rurociągu;0.1;Nie
6199097;472223;727621;6199097C;6200099;471782;729650;6200099C;NETIA S.A.;światłowodowe;-;Nie;Nie;-;-;-;podziemny;2.2;Nie
6942212;471789;729180;6942212N;6942208;471791;729196;6942208N;NETIA S.A.;światłowodowe;-;Nie;Nie;-;-;-;podziemny;0.1;Nie
6406995;474222;727237;6406995C;6269678;474312;727150;6269678C;Orange Polska S.A.;światłowodowe;-;Tak;Nie;-;-;-;podziemny w kanalizacji;0.2;Nie
6406995;474222;727237;6406995C;6249177;474229;727187;6249177C;Orange Polska S.A.;światłowodowe;-;Tak;Nie;-;-;-;podziemny w kanalizacji;0.2;Nie
6577981;474071;727332;6577981C;5677203;474601;727208;5677203C;Orange Polska S.A.;światłowodowe;-;Tak;Nie;-;-;-;podziemny w kanalizacji;0.7;Nie
6406995;474222;727237;6406995C;6046156;474207;727278;6046156C;Orange Polska S.A.;światłowodowe;-;Tak;Nie;-;-;-;podziemny w kanalizacji;0.1;Nie
6012027;474071;727332;6012027C;6392919;474358;727387;6392919C;Światłowód Inwestycje Sp. z o. o.;światłowodowe;-;Tak;Nie;-;-;-;podziemny;0.5;Nie
6430587;474358;727387;6430587C;6632434;474383;727391;6632434N;UPC POLSKA sp. z o.o.;światłowodowe;-;Tak;Nie;-;-;-;podziemny w kanalizacji;0.2;Nie
6198817;473941;727269;6198817C;6198825;474164;727379;6198825C;NETIA S.A.;światłowodowe;-;Nie;Nie;-;-;-;podziemny;0.3;Tak
6198819;474115;727248;6198819C;6198820;474137;727174;6198820C;NETIA S.A.;światłowodowe;-;Nie;Nie;-;-;-;podziemny;0.1;Tak
6198818;474049;727233;6198818C;6198819;474115;727248;6198819C;NETIA S.A.;światłowodowe;-;Nie;Nie;-;-;-;podziemny;0.1;Tak
6024200;473941;727269;6024200C;5681138;473962;727124;5681138C;Orange Polska S.A.;światłowodowe;-;Tak;Nie;-;-;-;podziemny w kanalizacji;0.2;Nie
6024200;473941;727269;6024200C;6173083;474046;727144;6173083C;Orange Polska S.A.;światłowodowe;-;Tak;Nie;-;-;-;podziemny w kanalizacji;0.3;Nie
5980661;473920;727307;5980661C;6016941;473888;727257;6016941C;Orange Polska S.A.;światłowodowe;-;Tak;Nie;-;-;-;podziemny w kanalizacji;0.1;Nie
5980661;473920;727307;5980661C;6024200;473941;727269;6024200C;Orange Polska S.A.;światłowodowe;-;Tak;Nie;-;-;-;podziemny w kanalizacji;0.1;Nie
6198824;474046;727144;6198824C;6198818;474049;727233;6198818C;NETIA S.A.;światłowodowe;-;Nie;Nie;-;-;-;podziemny;0.1;Tak
6198817;473941;727269;6198817C;6198818;474049;727233;6198818C;NETIA S.A.;światłowodowe;-;Nie;Nie;-;-;-;podziemny;0.1;Tak
5980661;473920;727307;5980661C;6577981;474071;727332;6577981C;Orange Polska S.A.;światłowodowe;-;Tak;Nie;-;-;-;podziemny w kanalizacji;0.2;Nie
6577981;474071;727332;6577981C;5980661;473920;727307;5980661C;Orange Polska S.A.;światłowodowe;-;Tak;Nie;-;-;-;podziemny w kanalizacji;0.2;Nie
5980661;473920;727307;5980661C;5998891;473938;727395;5998891C;Orange Polska S.A.;światłowodowe;-;Tak;Nie;-;-;-;podziemny w kanalizacji;0.4;Nie
6198542;474059;727419;6198542C;7007647;473947;727406;7007647N;NETIA S.A.;światłowodowe;-;Nie;Nie;-;-;-;podziemny;0.3;Nie
5703066;473888;727623;5703066C;5771458;473917;727581;5771458C;Orange Polska S.A.;światłowodowe;-;Tak;Nie;-;-;-;podziemny w kanalizacji;0.1;Nie
5703066;473888;727623;5703066C;5716109;473858;727616;5716109C;Orange Polska S.A.;światłowodowe;-;Tak;Nie;-;-;-;podziemny w kanalizacji;0.1;Nie
6507950;473786;727447;6507950C;6507951;473832;727478;6507951C;LOGITUS Sp. z o.o.;światłowodowe;-;Nie;Nie;-;-;-;podziemny w rurociągu;0.2;Nie
6969002;473988;727416;6969002N;6579010;474245;727472;6579010C;GDAŃSK-MIASTO NA PRAWACH POWIATU;światłowodowe;-;Nie;Nie;-;-;-;podziemny w kanalizacji;0.5;Nie
6548175;474281;727514;6548175C;6548194;474245;727472;6548194C;Orange Polska S.A.;światłowodowe;-;Tak;Nie;-;-;-;podziemny w kanalizacji;0.2;Nie
6548175;474281;727514;6548175C;6548194;474245;727472;6548194C;Orange Polska S.A.;światłowodowe;-;Tak;Nie;-;-;-;podziemny w kanalizacji;0.1;Nie
6593271;474245;727472;6593271C;7048595;474255;727503;7048595N;Towerlink Poland Sp. z o. o.;światłowodowe;-;Tak;Tak;-;-;-;podziemny;0.2;Nie
6198839;474049;727233;6198839C;6641229;473268;727117;6641229N;NETIA S.A.;światłowodowe;-;Nie;Nie;-;-;-;podziemny;1.1;Tak
6641229;473268;727117;6641229N;6198826;474164;727379;6198826C;NETIA S.A.;światłowodowe;-;Nie;Nie;-;-;-;podziemny;1.3;Tak
6969002;473988;727416;6969002N;6579002;473396;727150;6579002C;GDAŃSK-MIASTO NA PRAWACH POWIATU;światłowodowe;-;Nie;Nie;-;-;-;podziemny w kanalizacji;0.9;Nie
6198813;473560;727175;6198813C;6198816;473752;727210;6198816C;NETIA S.A.;światłowodowe;-;Nie;Nie;-;-;-;podziemny;0.3;Tak
6238328;473651;727200;6238328C;5980661;473920;727307;5980661C;Orange Polska S.A.;światłowodowe;-;Tak;Nie;-;-;-;podziemny w kanalizacji;0.3;Nie
6412395;473699;727206;6412395C;5968012;473752;727210;5968012C;Orange Polska S.A.;światłowodowe;-;Tak;Nie;-;-;-;podziemny;0.1;Nie
6198816;473752;727210;6198816C;6198817;473941;727269;6198817C;NETIA S.A.;światłowodowe;-;Nie;Nie;-;-;-;podziemny;0.3;Tak
5669478;473800;727228;5669478C;6647068;473916;727230;6647068N;UPC POLSKA sp. z o.o.;światłowodowe;-;Nie;Nie;-;-;-;podziemny w kanalizacji;0.4;Nie
5980661;473920;727307;5980661C;6537328;473881;727382;6537328C;Orange Polska S.A.;światłowodowe;-;Tak;Nie;-;-;-;podziemny w kanalizacji;0.4;Nie
6507405;473760;727347;6507405C;6507950;473786;727447;6507950C;LOGITUS Sp. z o.o.;światłowodowe;-;Nie;Nie;-;-;-;podziemny w rurociągu;0.3;Nie
6507405;473760;727347;6507405C;6746139;473881;727382;6746139N;LOGITUS Sp. z o.o.;światłowodowe;-;Nie;Nie;-;-;-;podziemny w rurociągu;0.3;Nie
6507947;473724;727443;6507947C;6507946;473716;727470;6507946C;LOGITUS Sp. z o.o.;światłowodowe;-;Nie;Nie;-;-;-;podziemny w rurociągu;0.1;Nie
6507948;473732;727418;6507948C;6507947;473724;727443;6507947C;LOGITUS Sp. z o.o.;światłowodowe;-;Nie;Nie;-;-;-;podziemny w rurociągu;0.1;Nie
5703066;473888;727623;5703066C;5732406;473727;727588;5732406C;Orange Polska S.A.;światłowodowe;-;Tak;Nie;-;-;-;podziemny w kanalizacji;0.2;Nie
6632533;473786;727468;6632533N;6632537;473731;727469;6632537N;UPC POLSKA sp. z o.o.;światłowodowe;-;Tak;Nie;-;-;-;podziemny w kanalizacji;0.2;Nie
6507949;473755;727427;6507949C;6507948;473732;727418;6507948C;LOGITUS Sp. z o.o.;światłowodowe;-;Nie;Nie;-;-;-;podziemny w rurociągu;0.1;Nie
6507950;473786;727447;6507950C;6507949;473755;727427;6507949C;LOGITUS Sp. z o.o.;światłowodowe;-;Nie;Nie;-;-;-;podziemny w rurociągu;0.1;Nie
6532001;474110;726822;6532001C;6561970;474154;726754;6561970C;Orange Polska S.A.;światłowodowe;-;Tak;Nie;-;-;-;podziemny w kanalizacji;0.1;Nie
5680957;474439;727017;5680957C;5700979;474097;726815;5700979C;Orange Polska S.A.;światłowodowe;-;Tak;Nie;-;-;-;podziemny w kanalizacji;0.6;Nie
5700979;474097;726815;5700979C;6472292;474167;726854;6472292C;Orange Polska S.A.;światłowodowe;-;Tak;Nie;-;-;-;podziemny w kanalizacji;0.2;Nie
5800115;474473;726876;5800115C;5715695;473506;727177;5715695C;Orange Polska S.A.;światłowodowe;-;Tak;Nie;-;-;-;podziemny w kanalizacji;0.2;Nie
5800115;474473;726876;5800115C;5832756;473608;727187;5832756C;Orange Polska S.A.;światłowodowe;-;Tak;Nie;-;-;-;podziemny w kanalizacji;0.1;Nie
6198830;474225;726943;6198830C;6198839;474049;727233;6198839C;NETIA S.A.;światłowodowe;-;Nie;Nie;-;-;-;podziemny;0.6;Tak
6143016;473352;727330;6143016C;6129550;473420;726763;6129550C;T-MOBILE POLSKA S.A.;światłowodowe;-;Nie;Nie;-;-;-;podziemny;0.7;Nie
6198816;473752;727210;6198816C;6198821;473726;726872;6198821C;NETIA S.A.;światłowodowe;-;Nie;Nie;-;-;-;podziemny;0.4;Tak
6412395;473699;727206;6412395C;5692321;473770;727053;5692321C;Orange Polska S.A.;światłowodowe;-;Tak;Nie;-;-;-;podziemny w kanalizacji;0.2;Nie
7020301;473714;727206;7020301N;7020298;473227;727097;7020298N;TB TELECOM Sp.z o.o.;światłowodowe;-;Nie;Nie;-;-;-;podziemny w kanalizacji;1;Nie
6641229;473268;727117;6641229N;6198813;473560;727175;6198813C;NETIA S.A.;światłowodowe;-;Nie;Nie;-;-;-;podziemny;0.4;Tak
6471718;473493;727598;6471718C;5910957;473385;727478;5910957C;Orange Polska S.A.;światłowodowe;-;Tak;Nie;-;-;-;podziemny w kanalizacji;0.3;Nie
6471718;473493;727598;6471718C;6230990;473470;727503;6230990C;Orange Polska S.A.;światłowodowe;-;Tak;Nie;-;-;-;podziemny w kanalizacji;0.2;Nie
6471718;473493;727598;6471718C;5969659;473374;727528;5969659C;Orange Polska S.A.;światłowodowe;-;Tak;Nie;-;-;-;podziemny w kanalizacji;0.2;Nie
6471718;473493;727598;6471718C;6236257;473437;727544;6236257C;Orange Polska S.A.;światłowodowe;-;Tak;Nie;-;-;-;podziemny w kanalizacji;0.2;Nie
6471718;473493;727598;6471718C;5800630;473497;727559;5800630C;Orange Polska S.A.;światłowodowe;-;Tak;Nie;-;-;-;podziemny w kanalizacji;0.1;Nie
6471718;473493;727598;6471718C;5727361;473404;727580;5727361C;Orange Polska S.A.;światłowodowe;-;Tak;Nie;-;-;-;podziemny w kanalizacji;0.2;Nie
6583296;473250;727399;6583296C;6579907;473227;727580;6579907C;Orange Polska S.A.;światłowodowe;-;Tak;Nie;-;-;-;podziemny w kanalizacji;0.2;Nie
6583296;473250;727399;6583296C;5725492;473209;727306;5725492C;Orange Polska S.A.;światłowodowe;-;Tak;Nie;-;-;-;podziemny w kanalizacji;0.2;Nie
6746139;473881;727382;6746139N;6746667;473938;727395;6746667N;LOGITUS Sp. z o.o.;światłowodowe;-;Nie;Nie;-;-;-;podziemny w rurociągu;0.2;Nie
6583296;473250;727399;6583296C;6243431;473235;727444;6243431C;Orange Polska S.A.;światłowodowe;-;Tak;Nie;-;-;-;podziemny w kanalizacji;0.1;Nie
6583296;473250;727399;6583296C;6583266;473239;727489;6583266C;Orange Polska S.A.;światłowodowe;-;Tak;Nie;-;-;-;podziemny w kanalizacji;0.2;Nie
6507946;473716;727470;6507946C;6507945;473699;727493;6507945C;LOGITUS Sp. z o.o.;światłowodowe;-;Nie;Nie;-;-;-;podziemny w rurociągu;0.1;Nie
6569535;473250;727399;6569535C;6230926;473212;727390;6230926C;Orange Polska S.A.;światłowodowe;-;Tak;Nie;-;-;-;podziemny w kanalizacji;0.1;Nie
6198454;473500;727512;6198454C;7144641;473419;727341;7144641N;NETIA S.A.;światłowodowe;-;Nie;Nie;-;-;-;podziemny;0.2;Nie
6198454;473500;727512;6198454C;6888579;473508;727304;6888579N;NETIA S.A.;światłowodowe;-;Nie;Nie;-;-;-;podziemny;0.2;Nie
6198542;474059;727419;6198542C;6198454;473500;727512;6198454C;NETIA S.A.;światłowodowe;-;Nie;Nie;-;-;-;podziemny;0.8;Nie
6634266;474107;728593;6634266N;6634265;474486;728419;6634265N;UPC POLSKA sp. z o.o.;światłowodowe;-;Tak;Nie;-;-;-;podziemny w kanalizacji;0.7;Nie
5764355;474343;728472;5764355C;5866703;474296;728463;5866703C;Orange Polska S.A.;światłowodowe;-;Tak;Nie;-;-;-;podziemny w kanalizacji;0.2;Nie
5764355;474343;728472;5764355C;5698527;474449;728458;5698527C;Orange Polska S.A.;światłowodowe;-;Tak;Nie;-;-;-;podziemny;0.1;Nie
6634265;474486;728419;6634265N;6634264;474393;728305;6634264N;UPC POLSKA sp. z o.o.;światłowodowe;-;Tak;Nie;-;-;-;podziemny w kanalizacji;0.3;Nie
6303698;474361;728314;6303698C;5915298;474389;728385;5915298C;Orange Polska S.A.;światłowodowe;-;Tak;Nie;-;-;-;podziemny w kanalizacji;0.1;Nie
6559156;474333;728515;6559156C;6559138;474397;728503;6559138C;Orange Polska S.A.;światłowodowe;-;Tak;Nie;-;-;-;podziemny;0.2;Nie
5764355;474343;728472;5764355C;6303698;474361;728314;6303698C;Orange Polska S.A.;światłowodowe;-;Tak;Nie;-;-;-;podziemny w kanalizacji;0.3;Nie
6303698;474361;728314;6303698C;6303669;474333;728379;6303669C;Orange Polska S.A.;światłowodowe;-;Tak;Nie;-;-;-;podziemny w kanalizacji;0.2;Nie
5720771;474361;728314;5720771C;6303999;474319;728332;6303999C;Orange Polska S.A.;światłowodowe;-;Tak;Nie;-;-;-;podziemny;0.1;Nie
5723485;473873;728013;5723485C;6578454;473905;728026;6578454C;Orange Polska S.A.;światłowodowe;-;Tak;Nie;-;-;-;podziemny w kanalizacji;0.1;Nie
6252431;473525;728183;6252431C;5922189;473549;728019;5922189C;Orange Polska S.A.;światłowodowe;-;Tak;Nie;-;-;-;podziemny w kanalizacji;0.2;Nie
6252431;473525;728183;6252431C;5987425;473765;728018;5987425C;Orange Polska S.A.;światłowodowe;-;Tak;Nie;-;-;-;podziemny w kanalizacji;0.6;Nie
6429658;473863;728022;6429658C;6647072;473677;728176;6647072N;UPC POLSKA sp. z o.o.;światłowodowe;-;Tak;Nie;-;-;-;podziemny w kanalizacji;0.4;Nie
6252431;473525;728183;6252431C;5937695;473431;728112;5937695C;Orange Polska S.A.;światłowodowe;-;Tak;Nie;-;-;-;podziemny w kanalizacji;0.3;Nie
6429655;473502;728162;6429655C;6429653;473540;728152;6429653C;UPC POLSKA sp. z o.o.;światłowodowe;-;Tak;Nie;-;-;-;podziemny w kanalizacji;0.1;Nie
6423051;473371;728174;6423051C;6423052;473407;728188;6423052C;UPC POLSKA sp. z o.o.;światłowodowe;-;Tak;Nie;-;-;-;podziemny w kanalizacji;0.1;Nie
6252431;473525;728183;6252431C;5715464;473626;728196;5715464C;Orange Polska S.A.;światłowodowe;-;Tak;Nie;-;-;-;podziemny w kanalizacji;0.3;Nie
5658253;473236;728135;5658253C;6216807;473294;727948;6216807C;Orange Polska S.A.;światłowodowe;-;Tak;Nie;-;-;-;podziemny w kanalizacji;0.2;Nie
5658253;473236;728135;5658253C;6545620;473358;728033;6545620C;Orange Polska S.A.;światłowodowe;-;Tak;Nie;-;-;-;podziemny w kanalizacji;0.3;Nie
6545620;473358;728033;6545620C;6416365;473327;728031;6416365C;Orange Polska S.A.;światłowodowe;-;Tak;Nie;-;-;-;podziemny w kanalizacji;0.2;Nie
6545620;473358;728033;6545620C;5860371;473330;728100;5860371C;Orange Polska S.A.;światłowodowe;-;Tak;Nie;-;-;-;podziemny w kanalizacji;0.2;Nie
6593271;474245;727472;6593271C;6593273;473149;728188;6593273C;Towerlink Poland Sp. z o. o.;światłowodowe;-;Tak;Tak;-;-;-;podziemny;2;Nie
5665545;473190;727596;5665545C;6578009;473747;727833;6578009C;Orange Polska S.A.;światłowodowe;-;Tak;Nie;-;-;-;podziemny w kanalizacji;0.6;Nie
6578009;473747;727833;6578009C;6546913;473993;727636;6546913C;Orange Polska S.A.;światłowodowe;-;Tak;Nie;-;-;-;podziemny w kanalizacji;0.5;Nie
5685989;473362;727716;5685989C;5856200;473747;727833;5856200C;Orange Polska S.A.;światłowodowe;-;Tak;Nie;-;-;-;podziemny w kanalizacji;0.4;Nie
6543162;473825;727763;6543162C;6543192;473772;727755;6543192C;Orange Polska S.A.;światłowodowe;-;Tak;Nie;-;-;-;podziemny w kanalizacji;0.1;Nie
6543162;473825;727763;6543162C;5975061;473870;727812;5975061C;Orange Polska S.A.;światłowodowe;-;Tak;Nie;-;-;-;podziemny w kanalizacji;0.1;Nie
5746701;473302;727698;5746701C;5658253;473236;728135;5658253C;Orange Polska S.A.;światłowodowe;-;Tak;Nie;-;-;-;podziemny w kanalizacji;0.5;Nie
6545620;473358;728033;6545620C;5813757;473368;727869;5813757C;Orange Polska S.A.;światłowodowe;-;Tak;Nie;-;-;-;podziemny w kanalizacji;0.3;Nie
6123745;473497;727673;6123745C;5819736;473832;727478;5819736C;Światłowód Inwestycje Sp. z o. o.;światłowodowe;-;Tak;Nie;-;-;-;podziemny w kanalizacji;1.1;Nie
6198454;473500;727512;6198454C;7007814;473963;727833;7007814N;NETIA S.A.;światłowodowe;-;Nie;Nie;-;-;-;podziemny;0.8;Nie
6198827;473873;727783;6198827C;6198828;473726;727746;6198828C;NETIA S.A.;światłowodowe;-;Nie;Nie;-;-;-;podziemny;0.2;Tak
5921419;473738;728016;5921419C;6587997;473873;728013;6587997C;Orange Polska S.A.;światłowodowe;-;Tak;Nie;-;-;-;podziemny w kanalizacji;0.2;Nie
6634473;474227;728387;6634473N;6766296;474225;728461;6766296N;UPC POLSKA sp. z o.o.;światłowodowe;-;Tak;Nie;-;-;-;podziemny w kanalizacji;0.1;Nie
5764355;474343;728472;5764355C;5945480;474235;728475;5945480C;Orange Polska S.A.;światłowodowe;-;Tak;Nie;-;-;-;podziemny w kanalizacji;0.2;Nie
5670476;474240;728433;5670476C;6634472;474260;728504;6634472N;UPC POLSKA sp. z o.o.;światłowodowe;-;Tak;Nie;-;-;-;podziemny w kanalizacji;0.1;Nie
6303698;474361;728314;6303698C;5963608;474435;728361;5963608C;Orange Polska S.A.;światłowodowe;-;Tak;Nie;-;-;-;podziemny w kanalizacji;0.2;Nie
5764355;474343;728472;5764355C;6559156;474333;728515;6559156C;Orange Polska S.A.;światłowodowe;-;Tak;Nie;-;-;-;podziemny w kanalizacji;0.1;Nie
5858678;474539;726825;5858678C;5858677;474420;728437;5858677C;"VECTRA Investments" Spółka z ograniczoną odpowiedzialnością Spółka jawna;światłowodowe;-;Nie;Nie;-;-;-;podziemny w kanalizacji;2.8;Nie
5764355;474343;728472;5764355C;5804771;474267;728518;5804771C;Orange Polska S.A.;światłowodowe;-;Tak;Nie;-;-;-;podziemny w kanalizacji;0.2;Nie
5723485;473873;728013;5723485C;6578454;473905;728026;6578454C;Orange Polska S.A.;światłowodowe;-;Tak;Nie;-;-;-;podziemny w kanalizacji;0.1;Nie
5689359;473941;727707;5689359C;6438947;474093;727567;6438947C;Orange Polska S.A.;światłowodowe;-;Tak;Nie;-;-;-;podziemny w kanalizacji;0.2;Nie
6579010;474245;727472;6579010C;6192385;474160;727993;6192385C;GDAŃSK-MIASTO NA PRAWACH POWIATU;światłowodowe;-;Nie;Nie;-;-;-;podziemny w kanalizacji;0.9;Nie
6579010;474245;727472;6579010C;6579009;474214;728834;6579009C;GDAŃSK-MIASTO NA PRAWACH POWIATU;światłowodowe;-;Nie;Nie;-;-;-;podziemny w kanalizacji;2.2;Nie
6837861;473107;727632;6837861N;5962335;473800;727228;5962335C;Orange Polska S.A.;światłowodowe;-;Tak;Nie;-;-;-;podziemny w kanalizacji;1.3;Nie
6207050;473184;727654;6207050C;6490315;474076;728627;6490315C;MULTIMEDIA  POLSKA  Sp. z o. o.;światłowodowe;-;Nie;Nie;-;-;-;podziemny w kanalizacji;1.6;Nie
5658253;473236;728135;5658253C;6161402;474274;728638;6161402C;Orange Polska S.A.;światłowodowe;-;Tak;Nie;-;-;-;podziemny w kanalizacji;1.3;Nie
5658253;473236;728135;5658253C;6264745;473872;728840;6264745C;Orange Polska S.A.;światłowodowe;-;Tak;Nie;-;-;-;podziemny w kanalizacji;1.7;Nie
6143016;473352;727330;6143016C;6103225;474158;728705;6103225C;T-MOBILE POLSKA S.A.;światłowodowe;-;Nie;Nie;-;-;-;podziemny;2;Nie
6159950;473463;728211;6159950C;6272664;473665;728140;6272664C;Orange Polska S.A.;światłowodowe;-;Tak;Nie;-;-;-;podziemny w kanalizacji;0.3;Nie
6748418;473491;727698;6748418N;6198827;473873;727783;6198827C;NETIA S.A.;światłowodowe;-;Nie;Nie;-;-;-;podziemny;0.6;Nie
6198827;473873;727783;6198827C;6198826;474164;727379;6198826C;NETIA S.A.;światłowodowe;-;Nie;Nie;-;-;-;podziemny;0.8;Tak
6557496;473065;727787;6557496C;6469192;473041;727976;6469192C;Orange Polska S.A.;światłowodowe;-;Tak;Nie;-;-;-;podziemny w kanalizacji;0.4;Nie
6557496;473065;727787;6557496C;5722006;473153;727814;5722006C;Orange Polska S.A.;światłowodowe;-;Tak;Nie;-;-;-;podziemny w kanalizacji;0.2;Nie
5722006;473153;727814;5722006C;6158410;473085;727988;6158410C;Orange Polska S.A.;światłowodowe;-;Tak;Nie;-;-;-;podziemny w kanalizacji;0.3;Nie
6283078;473043;727847;6283078C;6271614;473002;727900;6271614C;Orange Polska S.A.;światłowodowe;-;Tak;Nie;-;-;-;podziemny w kanalizacji;0.2;Nie
6579002;473396;727150;6579002C;6579000;472921;728425;6579000C;GDAŃSK-MIASTO NA PRAWACH POWIATU;światłowodowe;-;Nie;Nie;-;-;-;podziemny w kanalizacji;0.9;Nie
6507203;473396;727150;6507203C;6507202;472962;728042;6507202C;LOGITUS Sp. z o.o.;światłowodowe;-;Nie;Nie;-;-;-;podziemny w kanalizacji;0.9;Nie
5696279;473003;727533;5696279C;5946096;473010;727380;5946096C;Orange Polska S.A.;światłowodowe;-;Tak;Nie;-;-;-;podziemny w kanalizacji;0.3;Nie
5696279;473003;727533;5696279C;6424705;473146;727595;6424705C;Orange Polska S.A.;światłowodowe;-;Tak;Nie;-;-;-;podziemny w kanalizacji;0.3;Nie
5670474;473108;727633;5670474C;5670480;473287;728007;5670480C;UPC POLSKA sp. z o.o.;światłowodowe;-;Tak;Nie;-;-;-;podziemny w kanalizacji;0.7;Nie
6557496;473065;727787;6557496C;5669279;473097;727699;5669279C;Orange Polska S.A.;światłowodowe;-;Tak;Nie;-;-;-;podziemny;0.1;Nie
6198805;473175;727929;6198805C;6198902;473378;728106;6198902C;NETIA S.A.;światłowodowe;-;Nie;Nie;-;-;-;podziemny;0.3;Tak
7050108;473136;728188;7050108N;6593273;473149;728188;6593273C;Towerlink Poland Sp. z o. o.;światłowodowe;-;Tak;Tak;-;-;-;podziemny;0.1;Nie
5938931;472921;728425;5938931C;6285250;472812;728305;6285250C;Orange Polska S.A.;światłowodowe;-;Tak;Nie;-;-;-;podziemny w kanalizacji;0.3;Nie
5938931;472921;728425;5938931C;5936913;472909;728361;5936913C;Orange Polska S.A.;światłowodowe;-;Tak;Nie;-;-;-;podziemny w kanalizacji;0.2;Nie
5766237;472667;728412;5766237C;6227088;472670;728431;6227088C;Orange Polska S.A.;światłowodowe;-;Tak;Nie;-;-;-;podziemny w kanalizacji;0.2;Nie
6591739;473149;728188;6591739C;7050108;473136;728188;7050108N;Towerlink Poland Sp. z o. o.;światłowodowe;-;Tak;Tak;-;-;-;podziemny;0.1;Nie
5938931;472921;728425;5938931C;6238522;472859;728411;6238522C;Orange Polska S.A.;światłowodowe;-;Tak;Nie;-;-;-;podziemny w kanalizacji;0.2;Nie
6198249;473007;728445;6198249C;6748977;473156;728131;6748977N;NETIA S.A.;światłowodowe;-;Nie;Nie;-;-;-;podziemny;0.5;Nie
6748977;473156;728131;6748977N;6749704;473139;728168;6749704N;NETIA S.A.;światłowodowe;-;Nie;Nie;-;-;-;podziemny;0.1;Nie
5941047;473149;728155;5941047C;6541666;473155;728155;6541666C;Orange Polska S.A.;światłowodowe;-;Tak;Nie;-;-;-;podziemny w kanalizacji;0.1;Nie
5722006;473153;727814;5722006C;5657805;473172;727883;5657805C;Orange Polska S.A.;światłowodowe;-;Tak;Nie;-;-;-;podziemny w kanalizacji;0.2;Nie
5722006;473153;727814;5722006C;6552854;473164;728020;6552854C;Orange Polska S.A.;światłowodowe;-;Tak;Nie;-;-;-;podziemny w kanalizacji;0.4;Nie
6746883;472807;727801;6746883N;6746882;472864;727844;6746882N;LOGITUS Sp. z o.o.;światłowodowe;-;Nie;Tak;-;-;-;podziemny w rurociągu;0.1;Nie
6746880;472937;727860;6746880N;6746879;472891;727816;6746879N;LOGITUS Sp. z o.o.;światłowodowe;-;Nie;Tak;-;-;-;podziemny w rurociągu;0.1;Nie
6746882;472864;727844;6746882N;6746881;472881;727889;6746881N;LOGITUS Sp. z o.o.;światłowodowe;-;Nie;Tak;-;-;-;podziemny w rurociągu;0.1;Nie
6746881;472881;727889;6746881N;6746880;472937;727860;6746880N;LOGITUS Sp. z o.o.;światłowodowe;-;Nie;Tak;-;-;-;podziemny w rurociągu;0.1;Nie
6271614;473002;727900;6271614C;6585025;473010;727890;6585025C;Orange Polska S.A.;światłowodowe;-;Tak;Nie;-;-;-;podziemny w rurociągu;0.1;Nie
6507201;472774;727782;6507201C;6746661;472793;727912;6746661N;LOGITUS Sp. z o.o.;światłowodowe;-;Nie;Nie;-;-;-;podziemny w kanalizacji;0.2;Nie
6022871;472774;727782;6022871C;6274969;472852;727951;6274969C;Orange Polska S.A.;światłowodowe;-;Tak;Nie;-;-;-;podziemny w kanalizacji;0.3;Nie
6746661;472793;727912;6746661N;6746660;472852;727951;6746660N;LOGITUS Sp. z o.o.;światłowodowe;-;Nie;Nie;-;-;-;podziemny w rurociągu;0.1;Nie
6746660;472852;727951;6746660N;6746659;472915;727975;6746659N;LOGITUS Sp. z o.o.;światłowodowe;-;Nie;Nie;-;-;-;podziemny w rurociągu;0.1;Nie
5945943;472750;728735;5945943C;5686687;472790;728522;5686687C;Orange Polska S.A.;światłowodowe;-;Tak;Nie;-;-;-;podziemny w kanalizacji;0.3;Nie
6534669;472624;728706;6534669C;6554256;472614;728655;6554256C;Orange Polska S.A.;światłowodowe;-;Tak;Nie;-;-;-;podziemny w kanalizacji;0.2;Nie
6240979;472727;728314;6240979C;6566214;472618;728194;6566214C;Orange Polska S.A.;światłowodowe;-;Tak;Nie;-;-;-;podziemny w kanalizacji;0.3;Nie
6837861;473107;727632;6837861N;5691544;473472;727046;5691544C;Orange Polska S.A.;światłowodowe;-;Tak;Nie;-;-;-;podziemny w kanalizacji;1;Nie
6837861;473107;727632;6837861N;5966170;473699;727206;5966170C;Orange Polska S.A.;światłowodowe;-;Tak;Nie;-;-;-;podziemny w kanalizacji;1.1;Nie
6207050;473184;727654;6207050C;6207049;473310;727086;6207049C;MULTIMEDIA  POLSKA  Sp. z o. o.;światłowodowe;-;Nie;Nie;-;-;-;podziemny w kanalizacji;0.6;Nie
5665545;473190;727596;5665545C;6238328;473651;727200;6238328C;Orange Polska S.A.;światłowodowe;-;Tak;Nie;-;-;-;podziemny w kanalizacji;0.9;Nie
6647070;473500;727652;6647070N;6633902;473519;727384;6633902N;UPC POLSKA sp. z o.o.;światłowodowe;-;Tak;Nie;-;-;-;podziemny w kanalizacji;0.5;Nie
6766262;475363;727062;6766262N;6634253;475333;727154;6634253N;UPC POLSKA sp. z o.o.;światłowodowe;-;Tak;Nie;-;-;-;podziemny w kanalizacji;0.2;Nie
5801074;475855;727241;5801074C;5915697;475846;727219;5915697C;Orange Polska S.A.;światłowodowe;-;Tak;Nie;-;-;-;podziemny w rurociągu;0.1;Nie
5801074;475855;727241;5801074C;5934313;475863;727258;5934313C;Orange Polska S.A.;światłowodowe;-;Tak;Nie;-;-;-;podziemny w rurociągu;0.1;Nie
6415180;475891;727276;6415180C;5724522;475869;727187;5724522C;Orange Polska S.A.;światłowodowe;-;Tak;Nie;-;-;-;podziemny;0.1;Nie
6471290;475897;727208;6471290C;6465340;475908;727204;6465340C;Orange Polska S.A.;światłowodowe;-;Tak;Nie;-;-;-;podziemny w rurociągu;0.1;Nie
5691544;473472;727046;5691544C;6025661;472955;727231;6025661C;Orange Polska S.A.;światłowodowe;-;Tak;Nie;-;-;-;podziemny w kanalizacji;0.8;Nie
6025661;472955;727231;6025661C;6583296;473250;727399;6583296C;Orange Polska S.A.;światłowodowe;-;Tak;Nie;-;-;-;podziemny w kanalizacji;0.5;Nie
5909224;473010;727380;5909224C;6559370;473114;727343;6559370C;Orange Polska S.A.;światłowodowe;-;Tak;Nie;-;-;-;podziemny w kanalizacji;0.2;Nie
7020298;473227;727097;7020298N;7020341;473013;727292;7020341N;TB TELECOM Sp.z o.o.;światłowodowe;-;Nie;Nie;-;-;-;podziemny w kanalizacji;0.5;Nie
6641229;473268;727117;6641229N;6198801;473017;727430;6198801C;NETIA S.A.;światłowodowe;-;Nie;Nie;-;-;-;podziemny;0.6;Tak
6641229;473268;727117;6641229N;6748223;472929;727302;6748223N;NETIA S.A.;światłowodowe;-;Nie;Nie;-;-;-;podziemny;0.6;Nie
6641229;473268;727117;6641229N;7119445;472921;727506;7119445N;NETIA S.A.;światłowodowe;-;Nie;Nie;-;-;-;podziemny;0.8;Nie
6468898;473497;727673;6468898C;6471718;473493;727598;6471718C;Orange Polska S.A.;światłowodowe;-;Tak;Nie;-;-;-;podziemny w kanalizacji;0.1;Nie
6123745;473497;727673;6123745C;5831716;473786;727447;5831716C;Światłowód Inwestycje Sp. z o. o.;światłowodowe;-;Tak;Nie;-;-;-;podziemny w kanalizacji;0.4;Nie
5683059;473856;727712;5683059C;6238896;473762;727683;6238896C;Orange Polska S.A.;światłowodowe;-;Tak;Nie;-;-;-;podziemny w kanalizacji;0.2;Nie
6647069;473897;727681;6647069N;6632533;473786;727468;6632533N;UPC POLSKA sp. z o.o.;światłowodowe;-;Tak;Nie;-;-;-;podziemny w kanalizacji;0.5;Nie
6645782;473814;727716;6645782N;6647069;473897;727681;6647069N;UPC POLSKA sp. z o.o.;światłowodowe;-;Tak;Nie;-;-;-;podziemny w kanalizacji;0.1;Nie
6837861;473107;727632;6837861N;6548175;474281;727514;6548175C;Orange Polska S.A.;światłowodowe;-;Tak;Nie;-;-;-;podziemny w kanalizacji;1.6;Nie
5683059;473856;727712;5683059C;5689359;473941;727707;5689359C;Orange Polska S.A.;światłowodowe;-;Tak;Nie;-;-;-;podziemny w kanalizacji;0.2;Nie
6837861;473107;727632;6837861N;5746701;473302;727698;5746701C;Orange Polska S.A.;światłowodowe;-;Tak;Nie;-;-;-;podziemny w kanalizacji;0.4;Nie
5683059;473856;727712;5683059C;5703066;473888;727623;5703066C;Orange Polska S.A.;światłowodowe;-;Tak;Nie;-;-;-;podziemny w kanalizacji;0.2;Nie
5689359;473941;727707;5689359C;5689357;474034;727738;5689357C;Orange Polska S.A.;światłowodowe;-;Tak;Nie;-;-;-;podziemny w kanalizacji;0.2;Nie
6024200;473941;727269;6024200C;5764971;473986;727292;5764971C;Orange Polska S.A.;światłowodowe;-;Tak;Nie;-;-;-;podziemny w kanalizacji;0.1;Nie
6593271;474245;727472;6593271C;6591051;474780;727152;6591051C;Towerlink Poland Sp. z o. o.;światłowodowe;-;Tak;Tak;-;-;-;podziemny;1;Nie
5677203;474601;727208;5677203C;5914159;474655;727231;5914159C;Orange Polska S.A.;światłowodowe;-;Tak;Nie;-;-;-;podziemny;0.2;Nie
6471368;474828;727045;6471368C;6831068;474836;727055;6831068N;Orange Polska S.A.;światłowodowe;-;Tak;Nie;-;-;-;podziemny w rurociągu;0.1;Nie
6222086;474067;727654;6222086C;5905201;474006;727591;5905201C;Orange Polska S.A.;światłowodowe;-;Tak;Nie;-;-;-;podziemny w kanalizacji;0.2;Nie
6198835;474439;727017;6198835C;6198836;474518;727156;6198836C;NETIA S.A.;światłowodowe;-;Nie;Nie;-;-;-;podziemny;0.3;Tak
5689359;473941;727707;5689359C;5968181;474190;727456;5968181C;Orange Polska S.A.;światłowodowe;-;Tak;Nie;-;-;-;podziemny w kanalizacji;0.6;Nie
5670475;473362;727716;5670475C;6647070;473500;727652;6647070N;UPC POLSKA sp. z o.o.;światłowodowe;-;Tak;Nie;-;-;-;podziemny w kanalizacji;0.2;Nie
5685989;473362;727716;5685989C;5831567;473455;727699;5831567C;Orange Polska S.A.;światłowodowe;-;Tak;Nie;-;-;-;podziemny w kanalizacji;0.2;Nie
5670475;473362;727716;5670475C;6429656;473455;727699;6429656C;UPC POLSKA sp. z o.o.;światłowodowe;-;Tak;Nie;-;-;-;podziemny w kanalizacji;0.1;Nie
5685989;473362;727716;5685989C;5652346;473539;727763;5652346C;Orange Polska S.A.;światłowodowe;-;Tak;Nie;-;-;-;podziemny;0.2;Nie
6429656;473455;727699;6429656C;6429657;473525;727723;6429657C;UPC POLSKA sp. z o.o.;światłowodowe;-;Tak;Nie;-;-;-;podziemny w kanalizacji;0.1;Nie
6198828;473726;727746;6198828C;6198829;473540;727692;6198829C;NETIA S.A.;światłowodowe;-;Nie;Nie;-;-;-;podziemny;0.2;Tak
6507197;472699;727216;6507197C;6746734;472671;727224;6746734N;LOGITUS Sp. z o.o.;światłowodowe;-;Nie;Tak;-;-;-;podziemny w rurociągu;0.1;Nie
6746684;472594;727221;6746684N;6746734;472671;727224;6746734N;LOGITUS Sp. z o.o.;światłowodowe;-;Nie;Nie;-;-;-;podziemny w rurociągu;0.1;Nie
6746733;472664;727246;6746733N;6746734;472671;727224;6746734N;LOGITUS Sp. z o.o.;światłowodowe;-;Nie;Tak;-;-;-;podziemny w rurociągu;0.1;Nie
6837861;473107;727632;6837861N;6261376;472742;727334;6261376C;Orange Polska S.A.;światłowodowe;-;Tak;Nie;-;-;-;podziemny w kanalizacji;0.7;Nie
5801475;472804;727501;5801475C;5820380;472795;727438;5820380C;Światłowód Inwestycje Sp. z o. o.;światłowodowe;-;Tak;Nie;-;-;-;podziemny w kanalizacji;0.1;Nie
6837861;473107;727632;6837861N;5665545;473190;727596;5665545C;Orange Polska S.A.;światłowodowe;-;Tak;Nie;-;-;-;podziemny w kanalizacji;0.2;Nie
6746734;472671;727224;6746734N;6746733;472664;727246;6746733N;LOGITUS Sp. z o.o.;światłowodowe;-;Nie;Nie;-;-;-;podziemny w rurociągu;0.1;Nie
6746733;472664;727246;6746733N;6746684;472594;727221;6746684N;LOGITUS Sp. z o.o.;światłowodowe;-;Nie;Nie;-;-;-;podziemny w rurociągu;0.1;Nie
6507963;472700;727074;6507963C;6507964;472666;727087;6507964C;LOGITUS Sp. z o.o.;światłowodowe;-;Nie;Nie;-;-;-;podziemny w rurociągu;0.1;Nie
6507963;472700;727074;6507963C;6507965;472693;727123;6507965C;LOGITUS Sp. z o.o.;światłowodowe;-;Nie;Nie;-;-;-;podziemny w rurociągu;0.1;Nie
6837861;473107;727632;6837861N;6839116;472733;727034;6839116N;Orange Polska S.A.;światłowodowe;-;Tak;Nie;-;-;-;podziemny w kanalizacji;1.1;Nie
5820380;472795;727438;5820380C;6364103;472815;727452;6364103C;Światłowód Inwestycje Sp. z o. o.;światłowodowe;-;Tak;Nie;-;-;-;podziemny;0.1;Nie
6507962;472580;727042;6507962C;6507960;472581;727072;6507960C;LOGITUS Sp. z o.o.;światłowodowe;-;Nie;Nie;-;-;-;podziemny w rurociągu;0.1;Nie
6507960;472581;727072;6507960C;6507961;472551;727094;6507961C;LOGITUS Sp. z o.o.;światłowodowe;-;Nie;Nie;-;-;-;podziemny w rurociągu;0.1;Nie
6507961;472551;727094;6507961C;6507957;472501;727074;6507957C;LOGITUS Sp. z o.o.;światłowodowe;-;Nie;Nie;-;-;-;podziemny w rurociągu;0.1;Nie
6507961;472551;727094;6507961C;6507956;472532;727134;6507956C;LOGITUS Sp. z o.o.;światłowodowe;-;Nie;Nie;-;-;-;podziemny w rurociągu;0.1;Nie
6507957;472501;727074;6507957C;6507958;472514;727025;6507958C;LOGITUS Sp. z o.o.;światłowodowe;-;Nie;Nie;-;-;-;podziemny w rurociągu;0.1;Nie
5657573;472231;728436;5657573C;6300035;472248;728307;6300035C;Orange Polska S.A.;światłowodowe;-;Tak;Nie;-;-;-;podziemny w kanalizacji;0.2;Nie
5766237;472667;728412;5766237C;6299332;472601;728445;6299332C;Orange Polska S.A.;światłowodowe;-;Tak;Nie;-;-;-;podziemny w kanalizacji;0.1;Nie
5968438;472298;728675;5968438C;6563879;472267;728708;6563879C;Orange Polska S.A.;światłowodowe;-;Tak;Nie;-;-;-;podziemny w kanalizacji;0.1;Nie
6534669;472624;728706;6534669C;5732024;472592;728688;5732024C;Orange Polska S.A.;światłowodowe;-;Tak;Nie;-;-;-;podziemny w kanalizacji;0.1;Nie
6198249;473007;728445;6198249C;6198511;472236;728124;6198511C;NETIA S.A.;światłowodowe;-;Nie;Nie;-;-;-;podziemny;0.9;Nie
6748066;472248;728170;6748066N;6198511;472236;728124;6198511C;NETIA S.A.;światłowodowe;-;Nie;Nie;-;-;-;podziemny;0.1;Nie
6748066;472248;728170;6748066N;7148123;472193;728155;7148123N;NETIA S.A.;światłowodowe;-;Nie;Nie;-;-;-;podziemny;0.1;Nie
6748958;472184;728167;6748958N;6748066;472248;728170;6748066N;NETIA S.A.;światłowodowe;-;Nie;Nie;-;-;-;podziemny;0.1;Nie
7144534;472760;728353;7144534N;6198529;472535;728231;6198529C;NETIA S.A.;światłowodowe;-;Nie;Nie;-;-;-;podziemny;0.2;Nie
6410718;472473;728300;6410718C;6317463;472259;728252;6317463C;Orange Polska S.A.;światłowodowe;-;Tak;Nie;-;-;-;podziemny w kanalizacji;0.4;Nie
6748638;473122;728134;6748638N;6748977;473156;728131;6748977N;NETIA S.A.;światłowodowe;-;Nie;Nie;-;-;-;podziemny;0.1;Nie
5722006;473153;727814;5722006C;6568288;473125;727889;6568288C;Orange Polska S.A.;światłowodowe;-;Tak;Nie;-;-;-;podziemny w kanalizacji;0.1;Nie
6568288;473125;727889;6568288C;5912051;473138;727937;5912051C;Orange Polska S.A.;światłowodowe;-;Tak;Nie;-;-;-;podziemny w kanalizacji;0.3;Nie
6198804;473153;727814;6198804C;6198805;473175;727929;6198805C;NETIA S.A.;światłowodowe;-;Nie;Nie;-;-;-;podziemny;0.2;Tak
6746884;472821;727747;6746884N;6746883;472807;727801;6746883N;LOGITUS Sp. z o.o.;światłowodowe;-;Nie;Tak;-;-;-;podziemny w rurociągu;0.1;Nie
6746884;472821;727747;6746884N;6507202;472962;728042;6507202C;LOGITUS Sp. z o.o.;światłowodowe;-;Tak;Tak;-;-;-;podziemny w kanalizacji;0.5;Nie
6507202;472962;728042;6507202C;6746884;472821;727747;6746884N;LOGITUS Sp. z o.o.;światłowodowe;-;Nie;Nie;-;-;-;podziemny w kanalizacji;0.6;Nie
6746879;472891;727816;6746879N;6746878;472892;727766;6746878N;LOGITUS Sp. z o.o.;światłowodowe;-;Nie;Tak;-;-;-;podziemny w rurociągu;0.1;Nie
6746878;472892;727766;6746878N;6746877;472962;727782;6746877N;LOGITUS Sp. z o.o.;światłowodowe;-;Nie;Tak;-;-;-;podziemny w rurociągu;0.1;Nie
6507202;472962;728042;6507202C;6507201;472774;727782;6507201C;LOGITUS Sp. z o.o.;światłowodowe;-;Nie;Nie;-;-;-;podziemny w kanalizacji;0.5;Nie
6022871;472774;727782;6022871C;5764725;472793;727912;5764725C;Orange Polska S.A.;światłowodowe;-;Tak;Nie;-;-;-;podziemny w kanalizacji;0.2;Nie
6207051;472739;728481;6207051C;6207050;473184;727654;6207050C;MULTIMEDIA  POLSKA  Sp. z o. o.;światłowodowe;-;Nie;Nie;-;-;-;podziemny w kanalizacji;1.6;Nie
6198803;473082;727737;6198803C;6198810;472988;727918;6198810C;NETIA S.A.;światłowodowe;-;Nie;Nie;-;-;-;podziemny;0.3;Tak
6271614;473002;727900;6271614C;5941616;473017;727880;5941616C;Orange Polska S.A.;światłowodowe;-;Tak;Nie;-;-;-;podziemny w rurociągu;0.1;Nie
6198249;473007;728445;6198249C;6198467;473041;727724;6198467C;NETIA S.A.;światłowodowe;-;Nie;Nie;-;-;-;podziemny;1;Nie
6198803;473082;727737;6198803C;6198804;473153;727814;6198804C;NETIA S.A.;światłowodowe;-;Nie;Nie;-;-;-;podziemny;0.2;Tak
5722006;473153;727814;5722006C;6569275;473088;727871;6569275C;Orange Polska S.A.;światłowodowe;-;Tak;Nie;-;-;-;podziemny w kanalizacji;0.2;Nie
6198786;472698;727011;6198786C;6198785;472722;727150;6198785C;NETIA S.A.;światłowodowe;-;Nie;Nie;-;-;-;podziemny;0.2;Tak
6198800;472950;727250;6198800C;6198797;473084;727131;6198797C;NETIA S.A.;światłowodowe;-;Nie;Nie;-;-;-;podziemny;0.2;Tak
6025661;472955;727231;6025661C;6543987;473198;727248;6543987C;Orange Polska S.A.;światłowodowe;-;Tak;Nie;-;-;-;podziemny w kanalizacji;0.3;Nie
6198802;473003;727533;6198802C;6198806;473124;727569;6198806C;NETIA S.A.;światłowodowe;-;Nie;Nie;-;-;-;podziemny;0.2;Tak
6207050;473184;727654;6207050C;6490314;473017;727430;6490314C;MULTIMEDIA  POLSKA  Sp. z o. o.;światłowodowe;-;Nie;Nie;-;-;-;podziemny w kanalizacji;0.5;Nie
6198430;473084;727131;6198430C;6198467;473041;727724;6198467C;NETIA S.A.;światłowodowe;-;Nie;Nie;-;-;-;podziemny;0.7;Nie
7006334;473121;727324;7006334N;6198430;473084;727131;6198430C;NETIA S.A.;światłowodowe;-;Nie;Nie;-;-;-;podziemny;0.3;Nie
5922727;473170;727148;5922727C;5652954;473199;727164;5652954C;Orange Polska S.A.;światłowodowe;-;Tak;Nie;-;-;-;podziemny w kanalizacji;0.1;Nie
6592741;472381;727381;6592741C;7048589;472357;727069;7048589N;Towerlink Poland Sp. z o. o.;światłowodowe;-;Tak;Tak;-;-;-;podziemny;0.4;Nie
6507199;472338;727433;6507199C;6507197;472699;727216;6507197C;LOGITUS Sp. z o.o.;światłowodowe;-;Nie;Nie;-;-;-;podziemny w kanalizacji;0.6;Nie
6561067;472368;727280;6561067C;6281565;472331;727464;6281565C;Orange Polska S.A.;światłowodowe;-;Tak;Nie;-;-;-;podziemny w kanalizacji;0.2;Nie
6561090;472596;727335;6561090C;6561067;472368;727280;6561067C;Orange Polska S.A.;światłowodowe;-;Tak;Nie;-;-;-;podziemny w kanalizacji;0.3;Nie
7119445;472921;727506;7119445N;6198467;473041;727724;6198467C;NETIA S.A.;światłowodowe;-;Nie;Nie;-;-;-;podziemny;0.3;Nie
6198803;473082;727737;6198803C;6198807;472951;727704;6198807C;NETIA S.A.;światłowodowe;-;Nie;Nie;-;-;-;podziemny;0.2;Tak
6198467;473041;727724;6198467C;7006519;472989;727645;7006519N;NETIA S.A.;światłowodowe;-;Nie;Nie;-;-;-;podziemny;0.3;Nie
6837861;473107;727632;6837861N;6568201;473003;727533;6568201C;Orange Polska S.A.;światłowodowe;-;Tak;Nie;-;-;-;podziemny w kanalizacji;0.5;Nie
6198802;473003;727533;6198802C;6198803;473082;727737;6198803C;NETIA S.A.;światłowodowe;-;Nie;Nie;-;-;-;podziemny;0.3;Tak
7119426;473101;727640;7119426N;6198467;473041;727724;6198467C;NETIA S.A.;światłowodowe;-;Nie;Nie;-;-;-;podziemny;0.2;Nie
6214118;472444;727640;6214118C;6216030;472543;727516;6216030C;NAUKOWA I AKADEMICKA SIEĆ KOMPUTEROWA - PAŃSTWOWY INSTYTUT BADAWCZY;światłowodowe;-;Nie;Nie;-;-;-;podziemny w kanalizacji;1;Nie
6022871;472774;727782;6022871C;6155993;472508;727651;6155993C;Orange Polska S.A.;światłowodowe;-;Tak;Nie;-;-;-;podziemny w kanalizacji;0.4;Nie
6296808;472609;727617;6296808C;6296812;472549;727617;6296812C;Orange Polska S.A.;światłowodowe;-;Tak;Nie;-;-;-;podziemny w kanalizacji;0.1;Nie
5801475;472804;727501;5801475C;5846598;472768;727469;5846598C;Światłowód Inwestycje Sp. z o. o.;światłowodowe;-;Tak;Nie;-;-;-;podziemny;0.1;Nie
5705558;472545;727368;5705558C;5703828;472450;727325;5703828C;Orange Polska S.A.;światłowodowe;-;Tak;Nie;-;-;-;podziemny w kanalizacji;0.3;Nie
6507201;472774;727782;6507201C;6507199;472338;727433;6507199C;LOGITUS Sp. z o.o.;światłowodowe;-;Nie;Nie;-;-;-;podziemny w kanalizacji;0.9;Nie
6279263;472297;727566;6279263C;6555079;472409;727534;6555079C;Orange Polska S.A.;światłowodowe;-;Tak;Nie;-;-;-;podziemny w kanalizacji;0.4;Nie
6749520;472235;728209;6749520N;6198511;472236;728124;6198511C;NETIA S.A.;światłowodowe;-;Nie;Nie;-;-;-;podziemny;0.1;Nie
5970770;472742;727334;5970770C;5839279;472702;727459;5839279C;Światłowód Inwestycje Sp. z o. o.;światłowodowe;-;Tak;Nie;-;-;-;podziemny w kanalizacji;0.2;Nie
5696279;473003;727533;5696279C;5993920;472919;727455;5993920C;Orange Polska S.A.;światłowodowe;-;Tak;Nie;-;-;-;podziemny w kanalizacji;0.3;Nie
7020341;473013;727292;7020341N;7020340;473077;727277;7020340N;TB TELECOM Sp.z o.o.;światłowodowe;-;Nie;Nie;-;-;-;podziemny w kanalizacji;0.2;Nie
6556845;473030;727023;6556845C;5726362;473077;726954;5726362C;Orange Polska S.A.;światłowodowe;-;Tak;Nie;-;-;-;podziemny w kanalizacji;0.2;Nie
5820380;472795;727438;5820380C;6382752;472769;727416;6382752C;Światłowód Inwestycje Sp. z o. o.;światłowodowe;-;Tak;Nie;-;-;-;podziemny;0.1;Nie
6198801;473017;727430;6198801C;6198802;473003;727533;6198802C;NETIA S.A.;światłowodowe;-;Nie;Nie;-;-;-;podziemny;0.2;Tak
6444743;472106;726964;6444743C;5752426;472085;726881;5752426C;Orange Polska S.A.;światłowodowe;-;Tak;Nie;-;-;-;podziemny w kanalizacji;0.3;Nie
7112253;472445;726929;7112253N;6748616;472542;726882;6748616N;NETIA S.A.;światłowodowe;-;Nie;Nie;-;-;-;podziemny;0.1;Nie
7112253;472445;726929;7112253N;7011929;472338;727274;7011929N;NETIA S.A.;światłowodowe;-;Nie;Nie;-;-;-;podziemny;0.6;Nie
6748058;472449;727335;6748058N;7112253;472445;726929;7112253N;NETIA S.A.;światłowodowe;-;Nie;Nie;-;-;-;podziemny;0.7;Nie
6199096;472420;727064;6199096C;6888813;472178;727415;6888813N;NETIA S.A.;światłowodowe;-;Nie;Nie;-;-;-;podziemny;0.4;Nie
6199096;472420;727064;6199096C;6199097;472223;727621;6199097C;NETIA S.A.;światłowodowe;-;Nie;Nie;-;-;-;podziemny;0.5;Nie
6592741;472381;727381;6592741C;7050108;473136;728188;7050108N;Towerlink Poland Sp. z o. o.;światłowodowe;-;Tak;Tak;-;-;-;podziemny;2;Nie
6198244;472568;726936;6198244C;7112253;472445;726929;7112253N;NETIA S.A.;światłowodowe;-;Nie;Nie;-;-;-;podziemny;0.1;Nie
7174069;473216;728190;7174069N;7174481;472472;726778;7174481N;ENERGA-OPERATOR S.A.;światłowodowe;-;Tak;Nie;-;-;-;napowietrzny;2.3;Nie
6748616;472542;726882;6748616N;6748615;472533;726877;6748615N;NETIA S.A.;światłowodowe;-;Nie;Nie;-;-;-;podziemny;0.1;Nie
6748616;472542;726882;6748616N;7144671;472538;726870;7144671N;NETIA S.A.;światłowodowe;-;Nie;Nie;-;-;-;podziemny;0.1;Nie
6748616;472542;726882;6748616N;6748960;472543;726888;6748960N;NETIA S.A.;światłowodowe;-;Nie;Nie;-;-;-;podziemny;0.3;Nie
7050108;473136;728188;7050108N;6591725;472480;729204;6591725C;Towerlink Poland Sp. z o. o.;światłowodowe;-;Tak;Tak;-;-;-;podziemny;1.6;Nie
5704249;472525;728801;5704249C;5740998;472547;728860;5740998C;Orange Polska S.A.;światłowodowe;-;Tak;Nie;-;-;-;podziemny w kanalizacji;0.1;Nie
6240979;472727;728314;6240979C;5832523;472630;728259;5832523C;Orange Polska S.A.;światłowodowe;-;Tak;Nie;-;-;-;podziemny w kanalizacji;0.3;Nie
6942210;472768;729273;6942210N;6749318;472786;729171;6749318N;NETIA S.A.;światłowodowe;-;Nie;Nie;-;-;-;podziemny;0.1;Nie
5699532;472891;728748;5699532C;6268110;472877;728880;6268110C;Orange Polska S.A.;światłowodowe;-;Tak;Nie;-;-;-;podziemny w kanalizacji;0.2;Nie
5699532;472891;728748;5699532C;6561087;472904;728812;6561087C;Orange Polska S.A.;światłowodowe;-;Tak;Nie;-;-;-;podziemny w kanalizacji;0.2;Nie
5699532;472891;728748;5699532C;5706382;472967;728753;5706382C;Orange Polska S.A.;światłowodowe;-;Tak;Nie;-;-;-;podziemny w kanalizacji;0.3;Nie
5699532;472891;728748;5699532C;6573826;472973;728961;6573826C;Orange Polska S.A.;światłowodowe;-;Tak;Nie;-;-;-;podziemny w kanalizacji;0.3;Nie
6207051;472739;728481;6207051C;6506164;472644;728729;6506164C;MULTIMEDIA  POLSKA  Sp. z o. o.;światłowodowe;-;Nie;Nie;-;-;-;podziemny w kanalizacji;0.5;Nie
5938931;472921;728425;5938931C;6007498;472824;728369;6007498C;Orange Polska S.A.;światłowodowe;-;Tak;Nie;-;-;-;podziemny w kanalizacji;0.2;Nie
5699532;472891;728748;5699532C;6255229;472834;728856;6255229C;Orange Polska S.A.;światłowodowe;-;Tak;Nie;-;-;-;podziemny w kanalizacji;0.2;Nie
5699532;472891;728748;5699532C;5944643;473005;728605;5944643C;Orange Polska S.A.;światłowodowe;-;Tak;Nie;-;-;-;podziemny w kanalizacji;0.3;Nie
6579000;472921;728425;6579000C;6578999;473704;728946;6578999C;GDAŃSK-MIASTO NA PRAWACH POWIATU;światłowodowe;-;Nie;Nie;-;-;-;podziemny w kanalizacji;1;Nie
6281261;473044;728835;6281261C;6007819;473089;728865;6007819C;Orange Polska S.A.;światłowodowe;-;Tak;Nie;-;-;-;podziemny w kanalizacji;0.2;Nie
6281261;473044;728835;6281261C;5749887;473176;728891;5749887C;Orange Polska S.A.;światłowodowe;-;Tak;Nie;-;-;-;podziemny w kanalizacji;0.2;Nie
6778009;473459;729032;6778009N;6502430;473469;728987;6502430C;MULTIMEDIA  POLSKA  Sp. z o. o.;światłowodowe;-;Nie;Nie;-;-;-;podziemny w kanalizacji;0.1;Nie
6778009;473459;729032;6778009N;6502429;473431;729009;6502429C;MULTIMEDIA  POLSKA  Sp. z o. o.;światłowodowe;-;Nie;Nie;-;-;-;podziemny w kanalizacji;0.1;Nie
6502431;473567;729176;6502431C;6778009;473459;729032;6778009N;MULTIMEDIA  POLSKA  Sp. z o. o.;światłowodowe;-;Nie;Nie;-;-;-;podziemny w kanalizacji;0.2;Nie
6290338;473442;729352;6290338C;6987561;473337;729255;6987561N;Orange Polska S.A.;światłowodowe;-;Tak;Nie;-;-;-;podziemny w kanalizacji;0.4;Nie
6778009;473459;729032;6778009N;6502428;473479;729020;6502428C;MULTIMEDIA  POLSKA  Sp. z o. o.;światłowodowe;-;Nie;Nie;-;-;-;podziemny;0.1;Nie
6578999;473704;728946;6578999C;6578995;473768;729133;6578995C;GDAŃSK-MIASTO NA PRAWACH POWIATU;światłowodowe;-;Nie;Nie;-;-;-;podziemny w kanalizacji;0.4;Nie
6749007;473437;729334;6749007N;7148122;473311;729266;7148122N;NETIA S.A.;światłowodowe;-;Nie;Nie;-;-;-;podziemny;0.1;Nie
6578999;473704;728946;6578999C;6578998;472547;729020;6578998C;GDAŃSK-MIASTO NA PRAWACH POWIATU;światłowodowe;-;Nie;Nie;-;-;-;podziemny w kanalizacji;0.8;Nie
5668053;472644;728729;5668053C;5923546;472632;728906;5923546C;Orange Polska S.A.;światłowodowe;-;Tak;Nie;-;-;-;podziemny w kanalizacji;0.5;Nie
6506164;472644;728729;6506164C;6506447;472645;728981;6506447C;MULTIMEDIA  POLSKA  Sp. z o. o.;światłowodowe;-;Nie;Nie;-;-;-;podziemny w kanalizacji;0.5;Nie
5668053;472644;728729;5668053C;6575570;472649;728765;6575570C;Orange Polska S.A.;światłowodowe;-;Tak;Nie;-;-;-;podziemny w kanalizacji;0.1;Nie
6564950;472815;728941;6564950C;6979914;472716;728877;6979914N;Orange Polska S.A.;światłowodowe;-;Tak;Nie;-;-;-;podziemny w kanalizacji;0.4;Nie
6839073;472891;728748;6839073N;5694429;472761;729183;5694429C;Orange Polska S.A.;światłowodowe;-;Tak;Nie;-;-;-;podziemny w kanalizacji;1;Nie
6578998;472547;729020;6578998C;6578744;472128;728873;6578744C;GDAŃSK-MIASTO NA PRAWACH POWIATU;światłowodowe;-;Nie;Nie;-;-;-;podziemny w rurociągu;0.5;Nie
6578997;472151;728609;6578997C;6578996;472341;728593;6578996C;GDAŃSK-MIASTO NA PRAWACH POWIATU;światłowodowe;-;Nie;Nie;-;-;-;podziemny w kanalizacji;0.5;Nie
6578999;473704;728946;6578999C;6578997;472151;728609;6578997C;GDAŃSK-MIASTO NA PRAWACH POWIATU;światłowodowe;-;Nie;Nie;-;-;-;podziemny w kanalizacji;1.5;Nie
6258937;472290;728583;6258937C;5968438;472298;728675;5968438C;Orange Polska S.A.;światłowodowe;-;Tak;Nie;-;-;-;podziemny w kanalizacji;0.2;Nie
6411057;472206;728712;6411057C;5906401;472132;728809;5906401C;Orange Polska S.A.;światłowodowe;-;Tak;Nie;-;-;-;podziemny w kanalizacji;0.2;Nie
5704249;472525;728801;5704249C;6278293;472492;728961;6278293C;Orange Polska S.A.;światłowodowe;-;Tak;Nie;-;-;-;podziemny w kanalizacji;0.3;Nie
6568539;471820;728834;6568539C;6568574;471884;728861;6568574C;Orange Polska S.A.;światłowodowe;-;Tak;Nie;-;-;-;podziemny w kanalizacji;0.1;Nie
6766190;472716;728877;6766190N;6490317;472224;728363;6490317C;MULTIMEDIA  POLSKA  Sp. z o. o.;światłowodowe;-;Nie;Nie;-;-;-;podziemny;1.7;Nie
6474599;472336;728625;6474599C;5746121;472356;728741;5746121C;Orange Polska S.A.;światłowodowe;-;Tak;Nie;-;-;-;podziemny w kanalizacji;0.2;Nie
6474599;472336;728625;6474599C;5665680;472339;728641;5665680C;Orange Polska S.A.;światłowodowe;-;Tak;Nie;-;-;-;podziemny w kanalizacji;0.1;Nie
6556951;472345;728241;6556951C;7083013;472341;728616;7083013N;Orange Polska S.A.;światłowodowe;-;Tak;Nie;-;-;-;podziemny w kanalizacji;1.7;Nie
6410718;472473;728300;6410718C;5687801;472423;728373;5687801C;Orange Polska S.A.;światłowodowe;-;Tak;Nie;-;-;-;podziemny w kanalizacji;0.2;Nie
6023210;472430;728822;6023210C;5761240;472429;728811;5761240C;Orange Polska S.A.;światłowodowe;-;Tak;Nie;-;-;-;podziemny w kanalizacji;0.1;Nie
6198503;471904;727576;6198503C;6198502;472053;727552;6198502C;NETIA S.A.;światłowodowe;-;Nie;Nie;-;-;-;podziemny;0.2;Nie
6198502;472053;727552;6198502C;7144667;472038;727592;7144667N;NETIA S.A.;światłowodowe;-;Nie;Nie;-;-;-;podziemny;0.3;Nie
6198502;472053;727552;6198502C;7012380;472278;727764;7012380N;NETIA S.A.;światłowodowe;-;Nie;Nie;-;-;-;podziemny;0.5;Nie
6749470;472110;727615;6749470N;6198502;472053;727552;6198502C;NETIA S.A.;światłowodowe;-;Nie;Nie;-;-;-;podziemny;0.2;Nie
6198250;471878;727926;6198250C;6198503;471904;727576;6198503C;NETIA S.A.;światłowodowe;-;Nie;Nie;-;-;-;podziemny;0.5;Nie
6198529;472535;728231;6198529C;6198250;471878;727926;6198250C;NETIA S.A.;światłowodowe;-;Nie;Nie;-;-;-;podziemny;0.8;Nie
5691046;471878;728034;5691046C;5724775;472074;728029;5724775C;Orange Polska S.A.;światłowodowe;-;Tak;Nie;-;-;-;podziemny w kanalizacji;0.3;Nie
5691046;471878;728034;5691046C;5940650;471921;728145;5940650C;Orange Polska S.A.;światłowodowe;-;Tak;Nie;-;-;-;podziemny w kanalizacji;0.2;Nie
7009751;472432;727985;7009751N;6198502;472053;727552;6198502C;NETIA S.A.;światłowodowe;-;Nie;Nie;-;-;-;podziemny;0.9;Nie
6582173;472444;727640;6582173C;6564949;472306;727454;6564949C;Orange Polska S.A.;światłowodowe;-;Tak;Nie;-;-;-;podziemny w kanalizacji;0.5;Nie
6281565;472331;727464;6281565C;5753717;472338;727433;5753717C;Orange Polska S.A.;światłowodowe;-;Tak;Nie;-;-;-;podziemny w kanalizacji;0.1;Nie
6281565;472331;727464;6281565C;5812178;472348;727476;5812178C;Orange Polska S.A.;światłowodowe;-;Tak;Nie;-;-;-;podziemny w kanalizacji;0.1;Nie
6765407;472360;727148;6765407N;5671907;472348;727306;5671907C;UPC POLSKA sp. z o.o.;światłowodowe;-;Tak;Nie;-;-;-;podziemny w kanalizacji;0.2;Nie
6560906;471950;727444;6560906C;6528040;472058;727248;6528040C;Orange Polska S.A.;światłowodowe;-;Tak;Nie;-;-;-;podziemny w kanalizacji;0.3;Nie
6837861;473107;727632;6837861N;6560906;471950;727444;6560906C;Orange Polska S.A.;światłowodowe;-;Tak;Nie;-;-;-;podziemny w kanalizacji;1.8;Nie
6837861;473107;727632;6837861N;6993351;472278;727764;6993351N;Orange Polska S.A.;światłowodowe;-;Tak;Nie;-;-;-;podziemny w kanalizacji;1.4;Nie
6561067;472368;727280;6561067C;6279263;472297;727566;6279263C;Orange Polska S.A.;światłowodowe;-;Tak;Nie;-;-;-;podziemny w kanalizacji;0.3;Nie
6641229;473268;727117;6641229N;6198250;471878;727926;6198250C;NETIA S.A.;światłowodowe;-;Nie;Nie;-;-;-;podziemny;1.6;Tak
5840355;472535;728231;5840355C;5691046;471878;728034;5691046C;Orange Polska S.A.;światłowodowe;-;Tak;Nie;-;-;-;podziemny w kanalizacji;1;Nie
6258937;472290;728583;6258937C;5657573;472231;728436;5657573C;Orange Polska S.A.;światłowodowe;-;Tak;Nie;-;-;-;podziemny w kanalizacji;0.2;Nie
6410718;472473;728300;6410718C;6577024;472345;728241;6577024C;Orange Polska S.A.;światłowodowe;-;Tak;Nie;-;-;-;podziemny w kanalizacji;0.2;Nie
6240979;472727;728314;6240979C;6434809;472760;728353;6434809C;Orange Polska S.A.;światłowodowe;-;Tak;Nie;-;-;-;podziemny w kanalizacji;0.1;Nie
5658253;473236;728135;5658253C;5938931;472921;728425;5938931C;Orange Polska S.A.;światłowodowe;-;Tak;Nie;-;-;-;podziemny w kanalizacji;0.6;Nie
5658253;473236;728135;5658253C;5941047;473149;728155;5941047C;Orange Polska S.A.;światłowodowe;-;Tak;Nie;-;-;-;podziemny w kanalizacji;0.3;Nie
6556951;472345;728241;6556951C;5991101;471987;728094;5991101C;Orange Polska S.A.;światłowodowe;-;Tak;Nie;-;-;-;podziemny w kanalizacji;0.6;Nie
5691046;471878;728034;5691046C;6013447;471911;728111;6013447C;Orange Polska S.A.;światłowodowe;-;Tak;Nie;-;-;-;podziemny w kanalizacji;0.2;Nie
6591968;472061;727087;6591968C;6591969;471878;728034;6591969C;Emitel S.A.;światłowodowe;-;Nie;Nie;-;-;-;podziemny w kanalizacji;1;Nie
7061921;471936;727205;7061921N;5952065;471989;727357;5952065C;Orange Polska S.A.;światłowodowe;-;Tak;Nie;-;-;-;podziemny w kanalizacji;0.5;Nie
7061921;471936;727205;7061921N;6556951;472345;728241;6556951C;Orange Polska S.A.;światłowodowe;-;Tak;Nie;-;-;-;podziemny w kanalizacji;1.8;Nie
7119425;471940;727211;7119425N;6198473;471921;727281;6198473C;NETIA S.A.;światłowodowe;-;Nie;Nie;-;-;-;podziemny;0.1;Nie
6198503;471904;727576;6198503C;6198473;471921;727281;6198473C;NETIA S.A.;światłowodowe;-;Nie;Nie;-;-;-;podziemny;0.3;Nie
7008218;471989;727357;7008218N;6198473;471921;727281;6198473C;NETIA S.A.;światłowodowe;-;Nie;Nie;-;-;-;podziemny;0.2;Nie
6888813;472178;727415;6888813N;6750387;472005;727518;6750387N;NETIA S.A.;światłowodowe;-;Nie;Nie;-;-;-;podziemny;0.4;Nie
5670457;471787;728427;5670457C;6428366;471840;728311;6428366C;UPC POLSKA sp. z o.o.;światłowodowe;-;Tak;Nie;-;-;-;podziemny w kanalizacji;0.2;Nie
5691046;471878;728034;5691046C;5924476;471845;728361;5924476C;Orange Polska S.A.;światłowodowe;-;Tak;Nie;-;-;-;podziemny w kanalizacji;0.4;Nie
5924476;471845;728361;5924476C;5691957;471874;728298;5691957C;Orange Polska S.A.;światłowodowe;-;Tak;Nie;-;-;-;podziemny w kanalizacji;0.2;Nie
5924476;471845;728361;5924476C;6006596;471860;728485;6006596C;Orange Polska S.A.;światłowodowe;-;Tak;Nie;-;-;-;podziemny w kanalizacji;0.2;Nie
5691957;471874;728298;5691957C;6575390;471878;728290;6575390C;Orange Polska S.A.;światłowodowe;-;Tak;Nie;-;-;-;podziemny w kanalizacji;0.1;Nie
5924476;471845;728361;5924476C;6291869;471840;728311;6291869C;Orange Polska S.A.;światłowodowe;-;Tak;Nie;-;-;-;podziemny w kanalizacji;0.2;Nie
6748221;471881;728342;6748221N;6198250;471878;727926;6198250C;NETIA S.A.;światłowodowe;-;Nie;Nie;-;-;-;podziemny;0.7;Nie
6198830;474225;726943;6198830C;6198835;474439;727017;6198835C;NETIA S.A.;światłowodowe;-;Nie;Nie;-;-;-;podziemny;0.2;Tak
6198835;474439;727017;6198835C;6198837;474429;726972;6198837C;NETIA S.A.;światłowodowe;-;Nie;Nie;-;-;-;podziemny;0.2;Tak
5680957;474439;727017;5680957C;6425993;474567;726940;6425993C;Orange Polska S.A.;światłowodowe;-;Tak;Nie;-;-;-;podziemny w kanalizacji;0.2;Nie
6490203;474500;727071;6490203C;6777885;474439;726835;6777885N;MULTIMEDIA  POLSKA  Sp. z o. o.;światłowodowe;-;Nie;Nie;-;-;-;podziemny w kanalizacji;0.3;Nie
5858505;473801;726739;5858505C;5694640;474008;726624;5694640C;Orange Polska S.A.;światłowodowe;-;Tak;Nie;-;-;-;podziemny w kanalizacji;0.4;Nie
5694640;474008;726624;5694640C;6272588;473954;726653;6272588C;Orange Polska S.A.;światłowodowe;-;Tak;Nie;-;-;-;podziemny w kanalizacji;0.2;Nie
6561970;474154;726754;6561970C;6221668;473954;726653;6221668C;Orange Polska S.A.;światłowodowe;-;Tak;Nie;-;-;-;podziemny;0.1;Nie
6532001;474110;726822;6532001C;6561970;474154;726754;6561970C;Orange Polska S.A.;światłowodowe;-;Tak;Nie;-;-;-;podziemny w kanalizacji;0.1;Nie
6198899;473801;726739;6198899C;6198831;474125;726830;6198831C;NETIA S.A.;światłowodowe;-;Nie;Nie;-;-;-;podziemny;0.5;Tak
6198832;474154;726754;6198832C;6198833;474177;726669;6198833C;NETIA S.A.;światłowodowe;-;Nie;Nie;-;-;-;podziemny;0.2;Tak
6198832;474154;726754;6198832C;6198831;474125;726830;6198831C;NETIA S.A.;światłowodowe;-;Nie;Nie;-;-;-;podziemny;0.2;Tak
5691544;473472;727046;5691544C;5800115;474473;726876;5800115C;Orange Polska S.A.;światłowodowe;-;Tak;Nie;-;-;-;podziemny w kanalizacji;0.2;Nie
6198822;473581;726871;6198822C;6198823;473512;726878;6198823C;NETIA S.A.;światłowodowe;-;Nie;Nie;-;-;-;podziemny;0.2;Tak
6198821;473726;726872;6198821C;6198822;473581;726871;6198822C;NETIA S.A.;światłowodowe;-;Nie;Nie;-;-;-;podziemny;0.2;Tak
5692321;473770;727053;5692321C;5692305;473727;726946;5692305C;Orange Polska S.A.;światłowodowe;-;Tak;Nie;-;-;-;podziemny w kanalizacji;0.2;Nie
5700979;474097;726815;5700979C;6532001;474110;726822;6532001C;Orange Polska S.A.;światłowodowe;-;Tak;Nie;-;-;-;podziemny w kanalizacji;0.1;Nie
7119430;474117;726722;7119430N;6748263;474503;726978;6748263N;NETIA S.A.;światłowodowe;-;Nie;Nie;-;-;-;podziemny;0.7;Nie
5691544;473472;727046;5691544C;5858505;473801;726739;5858505C;Orange Polska S.A.;światłowodowe;-;Tak;Nie;-;-;-;podziemny w kanalizacji;0.8;Nie
6165246;473514;726975;6165246C;5978791;473513;726894;5978791C;Orange Polska S.A.;światłowodowe;-;Tak;Nie;-;-;-;podziemny w kanalizacji;0.2;Nie
5858505;473801;726739;5858505C;5714792;473618;726622;5714792C;Orange Polska S.A.;światłowodowe;-;Tak;Nie;-;-;-;podziemny w kanalizacji;0.4;Nie
5858505;473801;726739;5858505C;5961043;473643;726705;5961043C;Orange Polska S.A.;światłowodowe;-;Tak;Nie;-;-;-;podziemny w kanalizacji;0.3;Nie
6198899;473801;726739;6198899C;6198900;473722;726631;6198900C;NETIA S.A.;światłowodowe;-;Nie;Nie;-;-;-;podziemny;0.2;Tak
5858505;473801;726739;5858505C;6560775;473747;726731;6560775C;Orange Polska S.A.;światłowodowe;-;Tak;Nie;-;-;-;podziemny w kanalizacji;0.2;Nie
7020298;473227;727097;7020298N;7020297;473220;726953;7020297N;TB TELECOM Sp.z o.o.;światłowodowe;-;Nie;Nie;-;-;-;podziemny w kanalizacji;0.3;Nie
6285562;473229;727026;6285562C;5739473;473227;726964;5739473C;Orange Polska S.A.;światłowodowe;-;Tak;Nie;-;-;-;podziemny w kanalizacji;0.2;Nie
5691544;473472;727046;5691544C;6165246;473514;726975;6165246C;Orange Polska S.A.;światłowodowe;-;Tak;Nie;-;-;-;podziemny w kanalizacji;0.2;Nie
5692321;473770;727053;5692321C;6234420;473686;727059;6234420C;Orange Polska S.A.;światłowodowe;-;Tak;Nie;-;-;-;podziemny w kanalizacji;0.2;Nie
5922727;473170;727148;5922727C;5695790;473190;727119;5695790C;Orange Polska S.A.;światłowodowe;-;Tak;Nie;-;-;-;podziemny w kanalizacji;0.2;Nie
6838884;472678;726411;6838884N;6550509;472949;726579;6550509C;Orange Polska S.A.;światłowodowe;-;Tak;Nie;-;-;-;podziemny w kanalizacji;0.9;Nie
6254346;473108;726669;6254346C;6838884;472678;726411;6838884N;Orange Polska S.A.;światłowodowe;-;Tak;Nie;-;-;-;podziemny w kanalizacji;1;Nie
6198773;472825;726385;6198773C;6198774;472694;726352;6198774C;NETIA S.A.;światłowodowe;-;Nie;Nie;-;-;-;podziemny;0.1;Tak
6592751;473108;726669;6592751C;6592721;472994;726323;6592721C;Emitel S.A.;światłowodowe;-;Nie;Nie;-;-;-;podziemny w kanalizacji;0.7;Nie
6004694;473217;726486;6004694C;5667204;473246;726413;5667204C;Orange Polska S.A.;światłowodowe;-;Tak;Nie;-;-;-;podziemny w kanalizacji;0.3;Nie
6500743;472555;726469;6500743C;6480301;472964;726283;6480301C;3s Spółka Akcyjna;światłowodowe;-;Tak;Nie;-;-;-;podziemny w kanalizacji;0.7;Nie
6647091;472598;726488;6647091N;6766452;472738;726255;6766452N;UPC POLSKA sp. z o.o.;światłowodowe;-;Tak;Nie;-;-;-;podziemny w kanalizacji;0.4;Nie
5694563;472662;726339;5694563C;6547876;472883;726260;6547876C;Orange Polska S.A.;światłowodowe;-;Tak;Nie;-;-;-;podziemny w kanalizacji;0.4;Nie
5694563;472662;726339;5694563C;6462472;472710;726334;6462472C;Orange Polska S.A.;światłowodowe;-;Tak;Nie;-;-;-;podziemny w kanalizacji;0.1;Nie
6634306;472674;726353;6634306N;6766452;472738;726255;6766452N;UPC POLSKA sp. z o.o.;światłowodowe;-;Tak;Nie;-;-;-;podziemny w kanalizacji;0.2;Nie
5970974;472728;726303;5970974C;6562750;472744;726313;6562750C;Orange Polska S.A.;światłowodowe;-;Tak;Nie;-;-;-;podziemny w rurociągu;0.1;Nie
5671330;472838;726615;5671330C;6647091;472598;726488;6647091N;UPC POLSKA sp. z o.o.;światłowodowe;-;Nie;Nie;-;-;-;podziemny w kanalizacji;0.3;Nie
6566784;472698;726533;6566784C;5717541;472615;726520;5717541C;Orange Polska S.A.;światłowodowe;-;Tak;Nie;-;-;-;podziemny w kanalizacji;0.2;Nie
6548655;472568;726634;6548655C;6420855;472549;726700;6420855C;Orange Polska S.A.;światłowodowe;-;Tak;Nie;-;-;-;podziemny w kanalizacji;0.2;Nie
6420855;472549;726700;6420855C;5960032;472592;726712;5960032C;Orange Polska S.A.;światłowodowe;-;Tak;Nie;-;-;-;podziemny w rurociągu;0.1;Nie
6198789;472640;726659;6198789C;6198788;472582;726805;6198788C;NETIA S.A.;światłowodowe;-;Nie;Nie;-;-;-;podziemny;0.2;Tak
6198790;472611;726646;6198790C;6198791;472561;726580;6198791C;NETIA S.A.;światłowodowe;-;Nie;Nie;-;-;-;podziemny;0.1;Tak
6198245;472949;726579;6198245C;7112253;472445;726929;7112253N;NETIA S.A.;światłowodowe;-;Nie;Nie;-;-;-;podziemny;1;Nie
7112253;472445;726929;7112253N;6198490;472363;726514;6198490C;NETIA S.A.;światłowodowe;-;Nie;Nie;-;-;-;podziemny;0.5;Nie
6198244;472568;726936;6198244C;6198245;472949;726579;6198245C;NETIA S.A.;światłowodowe;-;Nie;Nie;-;-;-;podziemny;0.8;Nie
7143309;472609;726866;7143309N;7138766;472568;726936;7138766N;APLITT Sp. z o. o.;światłowodowe;-;Nie;Nie;-;-;-;podziemny w kanale technicznym drogi;0.2;Nie
6749124;472546;726880;6749124N;6749313;472532;726881;6749313N;NETIA S.A.;światłowodowe;-;Nie;Nie;-;-;-;podziemny;0.1;Nie
6749124;472546;726880;6749124N;6748616;472542;726882;6748616N;NETIA S.A.;światłowodowe;-;Nie;Nie;-;-;-;podziemny;0.1;Nie
6748616;472542;726882;6748616N;7010064;472522;726928;7010064N;NETIA S.A.;światłowodowe;-;Nie;Nie;-;-;-;podziemny;0.1;Nie
7112253;472445;726929;7112253N;6748606;472536;726891;6748606N;NETIA S.A.;światłowodowe;-;Nie;Nie;-;-;-;podziemny;0.6;Nie
5923585;472537;726996;5923585C;5739693;472602;727013;5739693C;Orange Polska S.A.;światłowodowe;-;Tak;Nie;-;-;-;podziemny w kanalizacji;0.2;Nie
6198792;472775;726980;6198792C;6198786;472698;727011;6198786C;NETIA S.A.;światłowodowe;-;Nie;Nie;-;-;-;podziemny;0.1;Tak
6017594;472340;726413;6017594C;6464663;472584;726522;6464663C;Orange Polska S.A.;światłowodowe;-;Tak;Nie;-;-;-;podziemny w kanalizacji;0.4;Nie
6591971;472354;726376;6591971C;6592751;473108;726669;6592751C;Emitel S.A.;światłowodowe;-;Nie;Nie;-;-;-;podziemny w kanalizacji;0.9;Nie
6198790;472611;726646;6198790C;6198789;472640;726659;6198789C;NETIA S.A.;światłowodowe;-;Nie;Nie;-;-;-;podziemny;0.1;Tak
5694563;472662;726339;5694563C;6561451;472792;726497;6561451C;Orange Polska S.A.;światłowodowe;-;Tak;Nie;-;-;-;podziemny w kanalizacji;0.3;Nie
5694563;472662;726339;5694563C;5827518;472684;726499;5827518C;Orange Polska S.A.;światłowodowe;-;Tak;Nie;-;-;-;podziemny w kanalizacji;0.3;Nie
6198245;472949;726579;6198245C;6748744;472462;726284;6748744N;NETIA S.A.;światłowodowe;-;Nie;Nie;-;-;-;podziemny;0.9;Nie
7007851;472197;726623;7007851N;7008372;472197;726620;7008372N;NETIA S.A.;światłowodowe;-;Nie;Nie;-;-;-;podziemny;0.1;Nie
7009155;472199;726622;7009155N;7007851;472197;726623;7007851N;NETIA S.A.;światłowodowe;-;Nie;Nie;-;-;-;podziemny;0.1;Nie
7148459;472231;726622;7148459N;7007851;472197;726623;7007851N;NETIA S.A.;światłowodowe;-;Nie;Nie;-;-;-;podziemny;0.1;Nie
6017594;472340;726413;6017594C;6677687;472212;726625;6677687N;Orange Polska S.A.;światłowodowe;-;Tak;Nie;-;-;-;podziemny w kanalizacji;0.4;Nie
6954899;472212;726614;6954899N;6059479;472334;726413;6059479C;T-MOBILE POLSKA S.A.;światłowodowe;-;Nie;Nie;-;-;-;podziemny;0.3;Nie
6418594;472544;726626;6418594C;5757769;472387;726452;5757769C;Orange Polska S.A.;światłowodowe;-;Tak;Nie;-;-;-;podziemny w kanalizacji;0.5;Nie
7012379;472427;726356;7012379N;6199085;472258;726470;6199085C;NETIA S.A.;światłowodowe;-;Nie;Nie;-;-;-;podziemny;0.4;Nie
5924146;474443;726430;5924146C;5680885;474395;726413;5680885C;Orange Polska S.A.;światłowodowe;-;Tak;Nie;-;-;-;podziemny w kanalizacji;0.1;Nie
5827805;474443;726430;5827805C;6435129;474427;726479;6435129C;Orange Polska S.A.;światłowodowe;-;Tak;Nie;-;-;-;podziemny w kanalizacji;0.1;Nie
5827805;474443;726430;5827805C;6529787;474466;726543;6529787C;Orange Polska S.A.;światłowodowe;-;Tak;Nie;-;-;-;podziemny w kanalizacji;0.2;Nie
5858679;474690;726477;5858679C;5858678;474539;726825;5858678C;"VECTRA Investments" Spółka z ograniczoną odpowiedzialnością Spółka jawna;światłowodowe;-;Nie;Nie;-;-;-;podziemny w kanalizacji;1.4;Nie
6550499;474616;726687;6550499C;6547628;474646;726648;6547628C;Orange Polska S.A.;światłowodowe;-;Tak;Nie;-;-;-;podziemny w kanalizacji;0.2;Nie
6198535;474526;726297;6198535C;6198464;474710;726445;6198464C;NETIA S.A.;światłowodowe;-;Nie;Nie;-;-;-;podziemny;0.4;Nie
6198464;474710;726445;6198464C;6198476;474395;725984;6198476C;NETIA S.A.;światłowodowe;-;Nie;Nie;-;-;-;podziemny;1;Nie
5911746;473677;726416;5911746C;6530437;473920;726459;6530437C;Orange Polska S.A.;światłowodowe;-;Tak;Nie;-;-;-;podziemny w kanalizacji;0.3;Nie
5911746;473677;726416;5911746C;6304623;473714;726447;6304623C;Orange Polska S.A.;światłowodowe;-;Tak;Nie;-;-;-;podziemny w kanalizacji;0.2;Nie
5694640;474008;726624;5694640C;5694610;473858;726622;5694610C;Orange Polska S.A.;światłowodowe;-;Tak;Nie;-;-;-;podziemny w kanalizacji;0.3;Nie
5694640;474008;726624;5694640C;6254689;474395;726413;6254689C;Orange Polska S.A.;światłowodowe;-;Tak;Nie;-;-;-;podziemny w kanalizacji;0.6;Nie
5694640;474008;726624;5694640C;6225926;474051;726636;6225926C;Orange Polska S.A.;światłowodowe;-;Tak;Nie;-;-;-;podziemny w kanalizacji;0.3;Nie
6198464;474710;726445;6198464C;7119430;474117;726722;7119430N;NETIA S.A.;światłowodowe;-;Nie;Nie;-;-;-;podziemny;1;Nie
6198535;474526;726297;6198535C;7012505;474242;726391;7012505N;NETIA S.A.;światłowodowe;-;Nie;Nie;-;-;-;podziemny;0.5;Nie
5827805;474443;726430;5827805C;6590196;474502;726311;6590196C;Orange Polska S.A.;światłowodowe;-;Tak;Nie;-;-;-;podziemny w kanalizacji;0.2;Nie
6254689;474395;726413;6254689C;6406771;474245;726359;6406771C;Orange Polska S.A.;światłowodowe;-;Tak;Nie;-;-;-;podziemny w kanalizacji;0.2;Nie
7020121;474496;726961;7020121N;7020334;474577;726915;7020334N;TB TELECOM Sp.z o.o.;światłowodowe;-;Nie;Tak;-;-;-;podziemny w kanalizacji;0.3;Nie
6529593;474366;725804;6529593C;5725193;474623;726068;5725193C;Orange Polska S.A.;światłowodowe;-;Tak;Nie;-;-;-;podziemny w kanalizacji;0.7;Nie
6268869;474184;725816;6268869C;5967296;474173;725896;5967296C;Orange Polska S.A.;światłowodowe;-;Tak;Nie;-;-;-;podziemny w kanalizacji;0.4;Nie
6577410;474473;725932;6577410C;5940477;474469;725913;5940477C;Orange Polska S.A.;światłowodowe;-;Tak;Nie;-;-;-;podziemny w rurociągu;0.1;Nie
6600133;474495;726052;6600133C;6577410;474473;725932;6577410C;Orange Polska S.A.;światłowodowe;-;Tak;Nie;-;-;-;podziemny w kanalizacji;0.3;Nie
6600133;474495;726052;6600133C;6242150;474458;725890;6242150C;Orange Polska S.A.;światłowodowe;-;Tak;Nie;-;-;-;podziemny w kanalizacji;0.3;Nie
6452662;474728;725980;6452662C;6416361;474565;726178;6416361C;Orange Polska S.A.;światłowodowe;-;Tak;Nie;-;-;-;podziemny w kanalizacji;0.4;Nie
5690454;473785;726015;5690454C;6578036;473917;725738;6578036C;Orange Polska S.A.;światłowodowe;-;Tak;Nie;-;-;-;podziemny w kanalizacji;0.6;Nie
6268869;474184;725816;6268869C;5973096;474027;725951;5973096C;Orange Polska S.A.;światłowodowe;-;Tak;Nie;-;-;-;podziemny w kanalizacji;0.2;Nie
6268869;474184;725816;6268869C;5968893;474129;725954;5968893C;Orange Polska S.A.;światłowodowe;-;Tak;Nie;-;-;-;podziemny w kanalizacji;0.3;Nie
6645653;474057;725956;6645653N;6645652;474005;725928;6645652N;UPC POLSKA sp. z o.o.;światłowodowe;-;Tak;Nie;-;-;-;podziemny w kanalizacji;0.2;Nie
6553277;474569;725557;6553277C;6278143;473932;726612;6278143C;Orange Polska S.A.;światłowodowe;-;Tak;Nie;-;-;-;podziemny w kanalizacji;1.8;Nie
6254689;474395;726413;6254689C;6529593;474366;725804;6529593C;Orange Polska S.A.;światłowodowe;-;Tak;Nie;-;-;-;podziemny w kanalizacji;0.9;Nie
6268869;474184;725816;6268869C;6038943;474069;725883;6038943C;Orange Polska S.A.;światłowodowe;-;Tak;Nie;-;-;-;podziemny w kanalizacji;0.3;Nie
7020302;474359;725941;7020302N;7020334;474577;726915;7020334N;TB TELECOM Sp.z o.o.;światłowodowe;-;Nie;Nie;-;-;-;podziemny w kanalizacji;2;Nie
6416361;474565;726178;6416361C;6559018;474532;726173;6559018C;Orange Polska S.A.;światłowodowe;-;Tak;Nie;-;-;-;podziemny w kanalizacji;0.1;Nie
6254689;474395;726413;6254689C;5943202;474446;726207;5943202C;Orange Polska S.A.;światłowodowe;-;Tak;Nie;-;-;-;podziemny w kanalizacji;0.3;Nie
6198830;474225;726943;6198830C;6198831;474125;726830;6198831C;NETIA S.A.;światłowodowe;-;Nie;Nie;-;-;-;podziemny;0.2;Tak
6198781;473093;726745;6198781C;6198780;473019;726643;6198780C;NETIA S.A.;światłowodowe;-;Nie;Nie;-;-;-;podziemny;0.1;Tak
6198491;473108;726669;6198491C;6749187;473380;726767;6749187N;NETIA S.A.;światłowodowe;-;Nie;Nie;-;-;-;podziemny;0.5;Nie
7008148;473377;726828;7008148N;6198491;473108;726669;6198491C;NETIA S.A.;światłowodowe;-;Nie;Nie;-;-;-;podziemny;0.5;Nie
6198491;473108;726669;6198491C;6749554;473224;726776;6749554N;NETIA S.A.;światłowodowe;-;Nie;Nie;-;-;-;podziemny;0.2;Nie
7144704;473180;726709;7144704N;6198491;473108;726669;6198491C;NETIA S.A.;światłowodowe;-;Nie;Nie;-;-;-;podziemny;0.1;Nie
6198470;473248;726657;6198470C;7009878;473261;726659;7009878N;NETIA S.A.;światłowodowe;-;Nie;Nie;-;-;-;podziemny;0.1;Nie
5972903;473187;726685;5972903C;6550509;472949;726579;6550509C;Orange Polska S.A.;światłowodowe;-;Tak;Nie;-;-;-;podziemny w kanalizacji;0.4;Nie
6198245;472949;726579;6198245C;6198470;473248;726657;6198470C;NETIA S.A.;światłowodowe;-;Nie;Nie;-;-;-;podziemny;0.5;Nie
5972903;473187;726685;5972903C;6543487;473019;726643;6543487C;Orange Polska S.A.;światłowodowe;-;Tak;Nie;-;-;-;podziemny w kanalizacji;0.3;Nie
6198470;473248;726657;6198470C;6748779;473149;726630;6748779N;NETIA S.A.;światłowodowe;-;Nie;Nie;-;-;-;podziemny;0.3;Nie
6749369;473161;726622;6749369N;6198470;473248;726657;6198470C;NETIA S.A.;światłowodowe;-;Nie;Nie;-;-;-;podziemny;0.3;Nie
6198245;472949;726579;6198245C;6198491;473108;726669;6198491C;NETIA S.A.;światłowodowe;-;Nie;Nie;-;-;-;podziemny;0.3;Nie
6297409;472901;726788;6297409C;6297417;472809;726841;6297417C;Orange Polska S.A.;światłowodowe;-;Tak;Nie;-;-;-;podziemny w rurociągu;0.3;Nie
6198778;472773;726825;6198778C;6198783;472873;726848;6198783C;NETIA S.A.;światłowodowe;-;Nie;Nie;-;-;-;podziemny;0.2;Tak
6198793;472939;727005;6198793C;6198792;472775;726980;6198792C;NETIA S.A.;światłowodowe;-;Nie;Nie;-;-;-;podziemny;0.2;Tak
6198798;473186;727016;6198798C;6198799;473269;727033;6198799C;NETIA S.A.;światłowodowe;-;Nie;Nie;-;-;-;podziemny;0.1;Tak
6198783;472873;726848;6198783C;6198784;472985;726947;6198784C;NETIA S.A.;światłowodowe;-;Nie;Nie;-;-;-;podziemny;0.2;Tak
5972903;473187;726685;5972903C;6004694;473217;726486;6004694C;Orange Polska S.A.;światłowodowe;-;Tak;Nie;-;-;-;podziemny w kanalizacji;0.3;Nie
6749706;473208;726770;6749706N;6749554;473224;726776;6749554N;NETIA S.A.;światłowodowe;-;Nie;Nie;-;-;-;podziemny;0.1;Nie
5763116;473469;726535;5763116C;5652627;473382;726428;5652627C;Orange Polska S.A.;światłowodowe;-;Tak;Nie;-;-;-;podziemny w kanalizacji;0.4;Nie
6205253;473385;726478;6205253C;6489993;473382;726428;6489993C;MULTIMEDIA  POLSKA  Sp. z o. o.;światłowodowe;-;Nie;Nie;-;-;-;podziemny;0.1;Nie
6748059;473318;726406;6748059N;6198470;473248;726657;6198470C;NETIA S.A.;światłowodowe;-;Nie;Nie;-;-;-;podziemny;0.4;Nie
6567949;473083;726804;6567949C;6405796;473142;726822;6405796C;Orange Polska S.A.;światłowodowe;-;Tak;Nie;-;-;-;podziemny w kanalizacji;0.1;Nie
6285562;473229;727026;6285562C;6229370;473262;726977;6229370C;Orange Polska S.A.;światłowodowe;-;Tak;Nie;-;-;-;podziemny w kanalizacji;0.2;Nie
6575376;472995;727015;6575376C;6556845;473030;727023;6556845C;Orange Polska S.A.;światłowodowe;-;Tak;Nie;-;-;-;podziemny w kanalizacji;0.1;Nie
6285562;473229;727026;6285562C;6273289;473222;727036;6273289C;Orange Polska S.A.;światłowodowe;-;Tak;Nie;-;-;-;podziemny w kanalizacji;0.1;Nie
6254346;473108;726669;6254346C;6947313;472966;726832;6947313N;Orange Polska S.A.;światłowodowe;-;Tak;Nie;-;-;-;podziemny w kanalizacji;0.5;Nie
5972903;473187;726685;5972903C;5943670;473053;726773;5943670C;Orange Polska S.A.;światłowodowe;-;Tak;Nie;-;-;-;podziemny w kanalizacji;0.3;Nie
6297409;472901;726788;6297409C;5942844;472856;726804;5942844C;Orange Polska S.A.;światłowodowe;-;Tak;Nie;-;-;-;podziemny w rurociągu;0.1;Nie
6589608;473104;727042;6589608C;5828531;473111;727003;5828531C;Orange Polska S.A.;światłowodowe;-;Tak;Nie;-;-;-;podziemny w kanalizacji;0.2;Nie
5956386;473012;726760;5956386C;6297409;472901;726788;6297409C;Orange Polska S.A.;światłowodowe;-;Tak;Nie;-;-;-;podziemny w kanalizacji;0.2;Nie
6748256;472960;726843;6748256N;6198491;473108;726669;6198491C;NETIA S.A.;światłowodowe;-;Nie;Nie;-;-;-;podziemny;0.3;Nie
5673558;472964;726283;5673558C;6766452;472738;726255;6766452N;UPC POLSKA sp. z o.o.;światłowodowe;-;Tak;Nie;-;-;-;podziemny w kanalizacji;0.1;Nie
6547876;472883;726260;6547876C;6038577;472868;726292;6038577C;Orange Polska S.A.;światłowodowe;-;Tak;Nie;-;-;-;podziemny w kanalizacji;0.1;Nie
6766290;472959;726349;6766290N;5673558;472964;726283;5673558C;UPC POLSKA sp. z o.o.;światłowodowe;-;Tak;Nie;-;-;-;podziemny w kanalizacji;0.1;Nie
6004694;473217;726486;6004694C;5906916;473152;726439;5906916C;Orange Polska S.A.;światłowodowe;-;Tak;Nie;-;-;-;podziemny w kanalizacji;0.2;Nie
6198772;472873;726425;6198772C;6198773;472825;726385;6198773C;NETIA S.A.;światłowodowe;-;Nie;Nie;-;-;-;podziemny;0.1;Tak
5691544;473472;727046;5691544C;5754861;472731;726515;5754861C;Orange Polska S.A.;światłowodowe;-;Tak;Nie;-;-;-;podziemny w kanalizacji;0.1;Nie
5972903;473187;726685;5972903C;6566784;472698;726533;6566784C;Orange Polska S.A.;światłowodowe;-;Tak;Nie;-;-;-;podziemny w kanalizacji;0.6;Nie
5671330;472838;726615;5671330C;6430788;472879;726596;6430788C;UPC POLSKA sp. z o.o.;światłowodowe;-;Tak;Nie;-;-;-;podziemny w kanalizacji;0.1;Nie
6198778;472773;726825;6198778C;6198779;472831;726636;6198779C;NETIA S.A.;światłowodowe;-;Nie;Nie;-;-;-;podziemny;0.3;Tak
6198779;472831;726636;6198779C;6198782;472796;726641;6198782C;NETIA S.A.;światłowodowe;-;Nie;Nie;-;-;-;podziemny;0.1;Tak
6198779;472831;726636;6198779C;6198780;473019;726643;6198780C;NETIA S.A.;światłowodowe;-;Nie;Nie;-;-;-;podziemny;0.2;Tak
7014281;472953;726576;7014281N;7119444;472961;726577;7119444N;NETIA S.A.;światłowodowe;-;Nie;Nie;-;-;-;podziemny;0.1;Nie
7119431;473769;725757;7119431N;6748598;473909;725734;6748598N;NETIA S.A.;światłowodowe;-;Nie;Nie;-;-;-;podziemny;0.2;Nie
7119431;473769;725757;7119431N;6198553;473917;725738;6198553C;NETIA S.A.;światłowodowe;-;Nie;Nie;-;-;-;podziemny;0.2;Tak
7119431;473769;725757;7119431N;6198541;473917;725738;6198541C;NETIA S.A.;światłowodowe;-;Nie;Nie;-;-;-;podziemny;0.1;Tak
6268869;474184;725816;6268869C;5911366;474121;725887;5911366C;Orange Polska S.A.;światłowodowe;-;Tak;Nie;-;-;-;podziemny w kanalizacji;0.3;Nie
5669466;474496;725484;5669466C;6645774;474240;725460;6645774N;UPC POLSKA sp. z o.o.;światłowodowe;-;Tak;Nie;-;-;-;podziemny w kanalizacji;0.3;Nie
5926928;474418;725366;5926928C;6448566;474291;725388;6448566C;Orange Polska S.A.;światłowodowe;-;Tak;Nie;-;-;-;podziemny w kanalizacji;0.2;Nie
6529593;474366;725804;6529593C;6585918;474511;725774;6585918C;Orange Polska S.A.;światłowodowe;-;Tak;Nie;-;-;-;podziemny w kanalizacji;0.3;Nie
5926928;474418;725366;5926928C;6452662;474728;725980;6452662C;Orange Polska S.A.;światłowodowe;-;Tak;Nie;-;-;-;podziemny w kanalizacji;0.8;Nie
7164765;473935;725611;7164765N;7164764;474116;725363;7164764N;VL Media;światłowodowe;-;Nie;Nie;-;-;-;podziemny w kanalizacji;0.3;Nie
5983451;474291;725388;5983451C;6013297;474217;725523;6013297C;Światłowód Inwestycje Sp. z o. o.;światłowodowe;-;Tak;Nie;-;-;-;podziemny;0.3;Nie
6028648;474334;725400;6028648C;6838740;473746;725982;6838740N;Orange Polska S.A.;światłowodowe;-;Tak;Nie;-;-;-;podziemny w kanalizacji;1;Nie
7164934;473798;725437;7164934N;7164765;473935;725611;7164765N;VL Media;światłowodowe;-;Nie;Nie;-;-;-;podziemny w rurociągu;0.4;Nie
6645774;474240;725460;6645774N;6765400;474190;725525;6765400N;UPC POLSKA sp. z o.o.;światłowodowe;-;Tak;Nie;-;-;-;podziemny w kanalizacji;0.1;Nie
5830908;473737;725943;5830908C;5831148;473935;725611;5831148C;Orange Polska S.A.;światłowodowe;-;Tak;Nie;-;-;-;podziemny w kanalizacji;0.6;Nie
5920513;474309;725280;5920513C;5935250;474404;725139;5935250C;Orange Polska S.A.;światłowodowe;-;Tak;Nie;-;-;-;podziemny w kanalizacji;0.4;Nie
5920513;474309;725280;5920513C;6153155;474427;725186;6153155C;Orange Polska S.A.;światłowodowe;-;Tak;Nie;-;-;-;podziemny w kanalizacji;0.2;Nie
5920513;474309;725280;5920513C;6555507;474404;725255;6555507C;Orange Polska S.A.;światłowodowe;-;Tak;Nie;-;-;-;podziemny w kanalizacji;0.2;Nie
5926928;474418;725366;5926928C;5730165;474652;725268;5730165C;Orange Polska S.A.;światłowodowe;-;Tak;Nie;-;-;-;podziemny w kanalizacji;0.5;Nie
5926928;474418;725366;5926928C;5709567;474637;725358;5709567C;Orange Polska S.A.;światłowodowe;-;Tak;Nie;-;-;-;podziemny w kanalizacji;0.4;Nie
5920513;474309;725280;5920513C;5761798;474455;725112;5761798C;Orange Polska S.A.;światłowodowe;-;Tak;Nie;-;-;-;podziemny w kanalizacji;0.4;Nie
5926928;474418;725366;5926928C;6264912;474238;725217;6264912C;Orange Polska S.A.;światłowodowe;-;Tak;Nie;-;-;-;podziemny w kanalizacji;0.4;Nie
5926928;474418;725366;5926928C;5920513;474309;725280;5920513C;Orange Polska S.A.;światłowodowe;-;Tak;Nie;-;-;-;podziemny w kanalizacji;0.1;Nie
6290226;474144;725242;6290226C;5991703;474000;725221;5991703C;Orange Polska S.A.;światłowodowe;-;Tak;Nie;-;-;-;podziemny w kanalizacji;0.3;Nie
6290226;474144;725242;6290226C;6554446;474116;725363;6554446C;Orange Polska S.A.;światłowodowe;-;Tak;Nie;-;-;-;podziemny w kanalizacji;0.2;Nie
6017288;474216;725124;6017288C;6559785;474132;725144;6559785C;Orange Polska S.A.;światłowodowe;-;Tak;Nie;-;-;-;podziemny;0.1;Nie
6264912;474238;725217;6264912C;6290226;474144;725242;6290226C;Orange Polska S.A.;światłowodowe;-;Tak;Nie;-;-;-;podziemny w kanalizacji;0.2;Nie
6290226;474144;725242;6290226C;6576861;474219;725421;6576861C;Orange Polska S.A.;światłowodowe;-;Tak;Nie;-;-;-;podziemny w kanalizacji;0.2;Nie
6264912;474238;725217;6264912C;6416376;474269;725095;6416376C;Orange Polska S.A.;światłowodowe;-;Tak;Nie;-;-;-;podziemny w kanalizacji;0.2;Nie
6290226;474144;725242;6290226C;6269107;474018;725385;6269107C;Orange Polska S.A.;światłowodowe;-;Tak;Nie;-;-;-;podziemny w kanalizacji;0.3;Nie
6474846;473039;727132;6474846C;6285562;473229;727026;6285562C;Orange Polska S.A.;światłowodowe;-;Tak;Nie;-;-;-;podziemny w kanalizacji;0.4;Nie
6474846;473039;727132;6474846C;5939112;473112;727091;5939112C;Orange Polska S.A.;światłowodowe;-;Tak;Nie;-;-;-;podziemny w kanalizacji;0.2;Nie
6198796;473210;727139;6198796C;6198797;473084;727131;6198797C;NETIA S.A.;światłowodowe;-;Nie;Nie;-;-;-;podziemny;0.2;Tak
6285562;473229;727026;6285562C;6589608;473104;727042;6589608C;Orange Polska S.A.;światłowodowe;-;Tak;Nie;-;-;-;podziemny w kanalizacji;0.3;Nie
5922727;473170;727148;5922727C;6538269;473148;727110;6538269C;Orange Polska S.A.;światłowodowe;-;Tak;Nie;-;-;-;podziemny w kanalizacji;0.2;Nie
6198785;472722;727150;6198785C;6641229;473268;727117;6641229N;NETIA S.A.;światłowodowe;-;Nie;Nie;-;-;-;podziemny;0.7;Tak
6647092;472904;727150;6647092N;6766453;472966;727138;6766453N;UPC POLSKA sp. z o.o.;światłowodowe;-;Tak;Nie;-;-;-;podziemny w kanalizacji;0.1;Nie
6198797;473084;727131;6198797C;6198798;473186;727016;6198798C;NETIA S.A.;światłowodowe;-;Nie;Nie;-;-;-;podziemny;0.3;Tak
6641229;473268;727117;6641229N;6198796;473210;727139;6198796C;NETIA S.A.;światłowodowe;-;Nie;Nie;-;-;-;podziemny;0.2;Tak
6198430;473084;727131;6198430C;6641229;473268;727117;6641229N;NETIA S.A.;światłowodowe;-;Nie;Nie;-;-;-;podziemny;0.3;Nie
5697988;472619;726828;5697988C;6537916;472727;726869;6537916C;Orange Polska S.A.;światłowodowe;-;Tak;Nie;-;-;-;podziemny w kanalizacji;0.2;Nie
5668780;472949;726883;5668780C;6634059;473024;726849;6634059N;UPC POLSKA sp. z o.o.;światłowodowe;-;Tak;Nie;-;-;-;podziemny w kanalizacji;0.1;Nie
5668780;472949;726883;5668780C;5668781;473068;726975;5668781C;UPC POLSKA sp. z o.o.;światłowodowe;-;Tak;Nie;-;-;-;podziemny w kanalizacji;0.5;Nie
6567949;473083;726804;6567949C;5683977;473284;726757;5683977C;Orange Polska S.A.;światłowodowe;-;Tak;Nie;-;-;-;podziemny w kanalizacji;0.2;Nie
6285562;473229;727026;6285562C;6163043;473122;726963;6163043C;Orange Polska S.A.;światłowodowe;-;Tak;Nie;-;-;-;podziemny w kanalizacji;0.3;Nie
6285562;473229;727026;6285562C;6402044;473313;727007;6402044C;Orange Polska S.A.;światłowodowe;-;Tak;Nie;-;-;-;podziemny w kanalizacji;0.1;Nie
7112253;472445;726929;7112253N;6198470;473248;726657;6198470C;NETIA S.A.;światłowodowe;-;Nie;Nie;-;-;-;podziemny;1.4;Nie
7112253;472445;726929;7112253N;6198485;472439;727070;6198485C;NETIA S.A.;światłowodowe;-;Nie;Nie;-;-;-;podziemny;0.2;Nie
6641229;473268;727117;6641229N;7112253;472445;726929;7112253N;NETIA S.A.;światłowodowe;-;Nie;Nie;-;-;-;podziemny;1.1;Nie
6641229;473268;727117;6641229N;7112253;472445;726929;7112253N;NETIA S.A.;światłowodowe;-;Nie;Nie;-;-;-;podziemny;1.1;Nie
6641229;473268;727117;6641229N;6198838;472514;727025;6198838C;NETIA S.A.;światłowodowe;-;Nie;Nie;-;-;-;podziemny;0.9;Tak
6198430;473084;727131;6198430C;6748805;472685;727082;6748805N;NETIA S.A.;światłowodowe;-;Nie;Nie;-;-;-;podziemny;0.6;Nie
6641229;473268;727117;6641229N;6198771;472698;727011;6198771C;NETIA S.A.;światłowodowe;-;Nie;Nie;-;-;-;podziemny;0.9;Tak
6198794;472816;727128;6198794C;6198793;472939;727005;6198793C;NETIA S.A.;światłowodowe;-;Nie;Nie;-;-;-;podziemny;0.2;Tak
6839116;472733;727034;6839116N;6161820;472420;727064;6161820C;Orange Polska S.A.;światłowodowe;-;Tak;Nie;-;-;-;podziemny w rurociągu;0.7;Nie
5739693;472602;727013;5739693C;5945934;472580;727042;5945934C;Orange Polska S.A.;światłowodowe;-;Tak;Nie;-;-;-;podziemny w rurociągu;0.1;Nie
5739693;472602;727013;5739693C;5705960;472580;727042;5705960C;Orange Polska S.A.;światłowodowe;-;Tak;Nie;-;-;-;podziemny w rurociągu;0.1;Nie
5739693;472602;727013;5739693C;5945934;472580;727042;5945934C;Orange Polska S.A.;światłowodowe;-;Tak;Nie;-;-;-;podziemny w rurociągu;0.1;Nie
6839116;472733;727034;6839116N;5922741;472693;727123;5922741C;Orange Polska S.A.;światłowodowe;-;Tak;Nie;-;-;-;podziemny w kanalizacji;0.2;Nie
6198485;472439;727070;6198485C;7011932;472366;727069;7011932N;NETIA S.A.;światłowodowe;-;Nie;Nie;-;-;-;podziemny;0.2;Nie
6198788;472582;726805;6198788C;6198787;472693;727123;6198787C;NETIA S.A.;światłowodowe;-;Nie;Nie;-;-;-;podziemny;0.3;Tak
6198786;472698;727011;6198786C;6198787;472693;727123;6198787C;NETIA S.A.;światłowodowe;-;Nie;Nie;-;-;-;podziemny;0.2;Tak
7112253;472445;726929;7112253N;6748238;472687;727062;6748238N;NETIA S.A.;światłowodowe;-;Nie;Nie;-;-;-;podziemny;0.4;Nie
6533889;472110;727095;6533889C;5860771;472098;727128;5860771C;Orange Polska S.A.;światłowodowe;-;Tak;Nie;-;-;-;podziemny w kanalizacji;0.2;Nie
5698044;472176;726765;5698044C;5698023;472102;726667;5698023C;Orange Polska S.A.;światłowodowe;-;Tak;Nie;-;-;-;podziemny w rurociągu;0.5;Nie
5698023;472102;726667;5698023C;6560384;472149;726694;6560384C;Orange Polska S.A.;światłowodowe;-;Tak;Nie;-;-;-;podziemny w kanalizacji;0.2;Nie
6444743;472106;726964;6444743C;6533889;472110;727095;6533889C;Orange Polska S.A.;światłowodowe;-;Tak;Nie;-;-;-;podziemny w kanalizacji;0.2;Nie
5663689;472140;727024;5663689C;5663691;472315;726704;5663691C;UPC POLSKA sp. z o.o.;światłowodowe;-;Tak;Nie;-;-;-;podziemny w kanalizacji;0.4;Nie
5698023;472102;726667;5698023C;5991746;472225;726638;5991746C;Orange Polska S.A.;światłowodowe;-;Tak;Nie;-;-;-;podziemny w rurociągu;0.4;Nie
6444743;472106;726964;6444743C;5698044;472176;726765;5698044C;Orange Polska S.A.;światłowodowe;-;Tak;Nie;-;-;-;podziemny w kanalizacji;0.4;Nie
6444743;472106;726964;6444743C;5708594;472125;727058;5708594C;Orange Polska S.A.;światłowodowe;-;Tak;Nie;-;-;-;podziemny w kanalizacji;0.1;Nie
6444743;472106;726964;6444743C;6560384;472149;726694;6560384C;Orange Polska S.A.;światłowodowe;-;Tak;Nie;-;-;-;podziemny;0.5;Nie
6749661;472189;726672;6749661N;6749500;472108;726603;6749500N;NETIA S.A.;światłowodowe;-;Nie;Nie;-;-;-;podziemny;0.1;Nie
6749500;472108;726603;6749500N;6749533;472154;726607;6749533N;NETIA S.A.;światłowodowe;-;Nie;Nie;-;-;-;podziemny;0.1;Nie
6749500;472108;726603;6749500N;6749534;472153;726610;6749534N;NETIA S.A.;światłowodowe;-;Nie;Nie;-;-;-;podziemny;0.1;Nie
7144683;472199;726619;7144683N;6749500;472108;726603;6749500N;NETIA S.A.;światłowodowe;-;Nie;Nie;-;-;-;podziemny;0.1;Nie
6749661;472189;726672;6749661N;7006676;472116;726609;7006676N;NETIA S.A.;światłowodowe;-;Nie;Nie;-;-;-;podziemny;0.1;Nie
7006345;472155;726670;7006345N;7011913;472150;726663;7011913N;NETIA S.A.;światłowodowe;-;Nie;Nie;-;-;-;podziemny;0.1;Nie
7147920;472174;726660;7147920N;7008563;472195;726613;7008563N;NETIA S.A.;światłowodowe;-;Nie;Nie;-;-;-;podziemny;0.2;Nie
7147920;472174;726660;7147920N;7007851;472197;726623;7007851N;NETIA S.A.;światłowodowe;-;Nie;Nie;-;-;-;podziemny;0.1;Nie
7147920;472174;726660;7147920N;7006525;472166;726639;7006525N;NETIA S.A.;światłowodowe;-;Nie;Nie;-;-;-;podziemny;0.1;Nie
6749661;472189;726672;6749661N;7007268;472156;726668;7007268N;NETIA S.A.;światłowodowe;-;Nie;Nie;-;-;-;podziemny;0.1;Nie
7147920;472174;726660;7147920N;6750027;472206;726611;6750027N;NETIA S.A.;światłowodowe;-;Nie;Nie;-;-;-;podziemny;0.2;Nie
7147920;472174;726660;7147920N;7144647;472203;726620;7144647N;NETIA S.A.;światłowodowe;-;Nie;Nie;-;-;-;podziemny;0.2;Nie
7144647;472203;726620;7144647N;7006340;472175;726653;7006340N;NETIA S.A.;światłowodowe;-;Nie;Nie;-;-;-;podziemny;0.1;Nie
7006345;472155;726670;7006345N;7147920;472174;726660;7147920N;NETIA S.A.;światłowodowe;-;Nie;Nie;-;-;-;podziemny;0.1;Nie
7006345;472155;726670;7006345N;7008754;472188;726684;7008754N;NETIA S.A.;światłowodowe;-;Nie;Nie;-;-;-;podziemny;0.1;Nie
7006345;472155;726670;7006345N;7006342;472189;726681;7006342N;NETIA S.A.;światłowodowe;-;Nie;Nie;-;-;-;podziemny;0.1;Nie
5698044;472176;726765;5698044C;6560384;472149;726694;6560384C;Orange Polska S.A.;światłowodowe;-;Tak;Nie;-;-;-;podziemny w rurociągu;0.5;Nie
6444743;472106;726964;6444743C;5912736;472239;726848;5912736C;Orange Polska S.A.;światłowodowe;-;Tak;Nie;-;-;-;podziemny w kanalizacji;0.4;Nie
6749661;472189;726672;6749661N;7006673;472203;726657;7006673N;NETIA S.A.;światłowodowe;-;Nie;Nie;-;-;-;podziemny;0.2;Nie
6749661;472189;726672;6749661N;6749662;472192;726675;6749662N;NETIA S.A.;światłowodowe;-;Nie;Nie;-;-;-;podziemny;0.1;Nie
7010142;472192;726612;7010142N;7008563;472195;726613;7008563N;NETIA S.A.;światłowodowe;-;Nie;Nie;-;-;-;podziemny;0.1;Nie
7007851;472197;726623;7007851N;7012948;472194;726625;7012948N;NETIA S.A.;światłowodowe;-;Nie;Nie;-;-;-;podziemny;0.1;Nie
7007851;472197;726623;7007851N;7009157;472194;726621;7009157N;NETIA S.A.;światłowodowe;-;Nie;Nie;-;-;-;podziemny;0.1;Nie
6749661;472189;726672;6749661N;6750427;472199;726657;6750427N;NETIA S.A.;światłowodowe;-;Nie;Nie;-;-;-;podziemny;0.1;Nie
6749661;472189;726672;6749661N;6749707;472196;726629;6749707N;NETIA S.A.;światłowodowe;-;Nie;Nie;-;-;-;podziemny;0.1;Nie
6749661;472189;726672;6749661N;7006331;472156;726666;7006331N;NETIA S.A.;światłowodowe;-;Nie;Nie;-;-;-;podziemny;0.1;Nie
7147920;472174;726660;7147920N;6888792;472164;726648;6888792N;NETIA S.A.;światłowodowe;-;Nie;Nie;-;-;-;podziemny;0.2;Nie
6749661;472189;726672;6749661N;7006325;472182;726656;7006325N;NETIA S.A.;światłowodowe;-;Nie;Nie;-;-;-;podziemny;0.1;Nie
6749661;472189;726672;6749661N;6749723;472188;726658;6749723N;NETIA S.A.;światłowodowe;-;Nie;Nie;-;-;-;podziemny;0.1;Nie
6749661;472189;726672;6749661N;7006337;472171;726651;7006337N;NETIA S.A.;światłowodowe;-;Nie;Nie;-;-;-;podziemny;0.1;Nie
6750426;472161;726666;6750426N;6749661;472189;726672;6749661N;NETIA S.A.;światłowodowe;-;Nie;Nie;-;-;-;podziemny;0.1;Nie
6749661;472189;726672;6749661N;6750098;472170;726669;6750098N;NETIA S.A.;światłowodowe;-;Nie;Nie;-;-;-;podziemny;0.1;Nie
6578975;472387;726452;6578975C;6578974;472137;727064;6578974C;GDAŃSK-MIASTO NA PRAWACH POWIATU;światłowodowe;-;Nie;Nie;-;-;-;podziemny w kanalizacji;0.4;Nie
6198490;472363;726514;6198490C;7144653;472387;726452;7144653N;NETIA S.A.;światłowodowe;-;Nie;Nie;-;-;-;podziemny;0.4;Nie
6198490;472363;726514;6198490C;7144647;472203;726620;7144647N;NETIA S.A.;światłowodowe;-;Nie;Nie;-;-;-;podziemny;0.2;Nie
6198490;472363;726514;6198490C;6749675;472247;726783;6749675N;NETIA S.A.;światłowodowe;-;Nie;Nie;-;-;-;podziemny;0.2;Nie
6748400;472247;726783;6748400N;6198490;472363;726514;6198490C;NETIA S.A.;światłowodowe;-;Nie;Nie;-;-;-;podziemny;0.4;Nie
6198537;472121;726595;6198537C;6749499;472165;726581;6749499N;NETIA S.A.;światłowodowe;-;Nie;Nie;-;-;-;podziemny;0.1;Nie
7144647;472203;726620;7144647N;7006675;472201;726610;7006675N;NETIA S.A.;światłowodowe;-;Nie;Nie;-;-;-;podziemny;0.1;Nie
6749661;472189;726672;6749661N;7008753;472178;726677;7008753N;NETIA S.A.;światłowodowe;-;Nie;Nie;-;-;-;podziemny;0.1;Nie
7011931;472107;726589;7011931N;6198537;472121;726595;6198537C;NETIA S.A.;światłowodowe;-;Nie;Nie;-;-;-;podziemny;0.1;Nie
5698023;472102;726667;5698023C;5711198;472121;726595;5711198C;Orange Polska S.A.;światłowodowe;-;Tak;Nie;-;-;-;podziemny w rurociągu;0.2;Nie
6198537;472121;726595;6198537C;6749500;472108;726603;6749500N;NETIA S.A.;światłowodowe;-;Nie;Nie;-;-;-;podziemny;0.2;Nie
6749500;472108;726603;6749500N;6749656;472181;726631;6749656N;NETIA S.A.;światłowodowe;-;Nie;Nie;-;-;-;podziemny;0.2;Nie
6749498;472163;726586;6749498N;6749500;472108;726603;6749500N;NETIA S.A.;światłowodowe;-;Nie;Nie;-;-;-;podziemny;0.2;Nie
6749480;472162;726588;6749480N;6749500;472108;726603;6749500N;NETIA S.A.;światłowodowe;-;Nie;Nie;-;-;-;podziemny;0.2;Nie
5758317;473553;726061;5758317C;6277007;473438;725982;6277007C;Orange Polska S.A.;światłowodowe;-;Tak;Nie;-;-;-;podziemny w kanalizacji;0.3;Nie
6198554;473619;726018;6198554C;6062855;473438;725982;6062855C;NETIA S.A.;światłowodowe;-;Nie;Nie;-;-;-;podziemny;0.3;Tak
5758317;473553;726061;5758317C;6439197;473621;725803;6439197C;Orange Polska S.A.;światłowodowe;-;Tak;Nie;-;-;-;podziemny;0.4;Nie
5830908;473737;725943;5830908C;5758317;473553;726061;5758317C;Orange Polska S.A.;światłowodowe;-;Tak;Nie;-;-;-;podziemny w kanalizacji;0.3;Nie
6838740;473746;725982;6838740N;5757188;473712;725970;5757188C;Orange Polska S.A.;światłowodowe;-;Tak;Nie;-;-;-;podziemny w rurociągu;0.1;Nie
5758317;473553;726061;5758317C;5841597;473668;725879;5841597C;Orange Polska S.A.;światłowodowe;-;Tak;Nie;-;-;-;podziemny;0.3;Nie
6540260;473798;725437;6540260C;6554025;473770;725375;6554025C;Orange Polska S.A.;światłowodowe;-;Tak;Nie;-;-;-;podziemny w kanalizacji;0.1;Nie
6540260;473798;725437;6540260C;6554025;473770;725375;6554025C;Orange Polska S.A.;światłowodowe;-;Tak;Nie;-;-;-;podziemny w kanalizacji;0.1;Nie
6540260;473798;725437;6540260C;6554025;473770;725375;6554025C;Orange Polska S.A.;światłowodowe;-;Tak;Nie;-;-;-;podziemny w kanalizacji;0.1;Nie
6540260;473798;725437;6540260C;6554025;473770;725375;6554025C;Orange Polska S.A.;światłowodowe;-;Tak;Nie;-;-;-;podziemny w kanalizacji;0.1;Nie
6540260;473798;725437;6540260C;6554025;473770;725375;6554025C;Orange Polska S.A.;światłowodowe;-;Tak;Nie;-;-;-;podziemny w kanalizacji;0.1;Nie
6540260;473798;725437;6540260C;6554025;473770;725375;6554025C;Orange Polska S.A.;światłowodowe;-;Tak;Nie;-;-;-;podziemny w kanalizacji;0.1;Nie
5690454;473785;726015;5690454C;5690464;473737;725943;5690464C;Orange Polska S.A.;światłowodowe;-;Tak;Nie;-;-;-;podziemny w kanalizacji;0.2;Nie
5690454;473785;726015;5690454C;5830908;473737;725943;5830908C;Orange Polska S.A.;światłowodowe;-;Tak;Nie;-;-;-;podziemny w kanalizacji;0.2;Nie
6594014;473776;725986;6594014C;6838740;473746;725982;6838740N;Orange Polska S.A.;światłowodowe;-;Tak;Nie;-;-;-;podziemny w kanalizacji;0.1;Nie
5690454;473785;726015;5690454C;6838740;473746;725982;6838740N;Orange Polska S.A.;światłowodowe;-;Tak;Nie;-;-;-;podziemny w kanalizacji;0.1;Nie
5690454;473785;726015;5690454C;6568500;473862;725877;6568500C;Orange Polska S.A.;światłowodowe;-;Tak;Nie;-;-;-;podziemny w kanalizacji;0.3;Nie
6198553;473917;725738;6198553C;6198554;473619;726018;6198554C;NETIA S.A.;światłowodowe;-;Nie;Nie;-;-;-;podziemny;0.3;Tak
5972903;473187;726685;5972903C;5906174;472921;726632;5906174C;Orange Polska S.A.;światłowodowe;-;Tak;Nie;-;-;-;podziemny w kanalizacji;0.4;Nie
6207046;473469;726535;6207046C;6205141;472938;726345;6205141C;MULTIMEDIA  POLSKA  Sp. z o. o.;światłowodowe;-;Nie;Nie;-;-;-;podziemny w kanalizacji;1.8;Nie
6004694;473217;726486;6004694C;5658197;473139;726393;5658197C;Orange Polska S.A.;światłowodowe;-;Tak;Nie;-;-;-;podziemny w kanalizacji;0.2;Nie
5972903;473187;726685;5972903C;5695602;473480;726495;5695602C;Orange Polska S.A.;światłowodowe;-;Tak;Nie;-;-;-;podziemny w kanalizacji;0.6;Nie
5763116;473469;726535;5763116C;6014361;473387;726536;6014361C;Orange Polska S.A.;światłowodowe;-;Tak;Nie;-;-;-;podziemny w kanalizacji;0.3;Nie
6593124;473529;726327;6593124C;6037428;473391;726296;6037428C;Orange Polska S.A.;światłowodowe;-;Tak;Nie;-;-;-;podziemny w kanalizacji;0.3;Nie
7020299;473762;726438;7020299N;7020300;473666;726639;7020300N;TB TELECOM Sp.z o.o.;światłowodowe;-;Nie;Tak;-;-;-;podziemny w kanalizacji;0.3;Nie
5911746;473677;726416;5911746C;5821803;473773;726379;5821803C;Orange Polska S.A.;światłowodowe;-;Tak;Nie;-;-;-;podziemny w kanalizacji;0.3;Nie
5911746;473677;726416;5911746C;6293083;473637;726377;6293083C;Orange Polska S.A.;światłowodowe;-;Tak;Nie;-;-;-;podziemny w kanalizacji;0.2;Nie
5725514;473749;725403;5725514C;6533334;473436;725502;6533334C;Orange Polska S.A.;światłowodowe;-;Tak;Nie;-;-;-;podziemny w kanalizacji;0.4;Nie
5725514;473749;725403;5725514C;6283369;473442;725283;6283369C;Orange Polska S.A.;światłowodowe;-;Tak;Nie;-;-;-;podziemny w kanalizacji;0.5;Nie
5725514;473749;725403;5725514C;5679629;473604;725222;5679629C;Orange Polska S.A.;światłowodowe;-;Tak;Nie;-;-;-;podziemny w kanalizacji;0.4;Nie
7164934;473798;725437;7164934N;7164881;473623;725344;7164881N;VL Media;światłowodowe;-;Nie;Nie;-;-;-;podziemny w kanalizacji;0.2;Nie
7119431;473769;725757;7119431N;6198470;473248;726657;6198470C;NETIA S.A.;światłowodowe;-;Nie;Nie;-;-;-;podziemny;1.6;Nie
5758317;473553;726061;5758317C;5694956;473276;725831;5694956C;Orange Polska S.A.;światłowodowe;-;Tak;Nie;-;-;-;podziemny w kanalizacji;0.5;Nie
6277007;473438;725982;6277007C;5715492;473376;725976;5715492C;Orange Polska S.A.;światłowodowe;-;Tak;Nie;-;-;-;podziemny w kanalizacji;0.1;Nie
6037428;473391;726296;6037428C;6838740;473746;725982;6838740N;Orange Polska S.A.;światłowodowe;-;Tak;Nie;-;-;-;podziemny w kanalizacji;1;Nie
5758317;473553;726061;5758317C;6572601;473401;725840;6572601C;Orange Polska S.A.;światłowodowe;-;Tak;Nie;-;-;-;podziemny w kanalizacji;0.4;Nie
6198245;472949;726579;6198245C;7119431;473769;725757;7119431N;NETIA S.A.;światłowodowe;-;Nie;Nie;-;-;-;podziemny;2;Nie
6198900;473722;726631;6198900C;6198901;473660;726462;6198901C;NETIA S.A.;światłowodowe;-;Nie;Nie;-;-;-;podziemny;0.2;Tak
6533334;473436;725502;6533334C;5922953;473239;725715;5922953C;Orange Polska S.A.;światłowodowe;-;Tak;Nie;-;-;-;podziemny w kanalizacji;0.4;Nie
6533334;473436;725502;6533334C;5907779;473240;725825;5907779C;Orange Polska S.A.;światłowodowe;-;Tak;Nie;-;-;-;podziemny w kanalizacji;0.5;Nie
6533334;473436;725502;6533334C;5670215;473415;725722;5670215C;Orange Polska S.A.;światłowodowe;-;Tak;Nie;-;-;-;podziemny w kanalizacji;0.3;Nie
6533334;473436;725502;6533334C;5929572;473419;725612;5929572C;Orange Polska S.A.;światłowodowe;-;Tak;Nie;-;-;-;podziemny w kanalizacji;0.2;Nie
6533334;473436;725502;6533334C;5860404;473320;725665;5860404C;Orange Polska S.A.;światłowodowe;-;Tak;Nie;-;-;-;podziemny w kanalizacji;0.3;Nie
7002786;472966;725501;7002786N;6199123;472628;725852;6199123C;NETIA S.A.;światłowodowe;-;Nie;Nie;-;-;-;podziemny;0.7;Nie
6199122;472639;725962;6199122C;6199123;472628;725852;6199123C;NETIA S.A.;światłowodowe;-;Nie;Nie;-;-;-;podziemny;0.2;Nie
6921517;472762;725489;6921517N;6749508;472753;725481;6749508N;NETIA S.A.;światłowodowe;-;Nie;Nie;-;-;-;podziemny;0.1;Nie
6569398;472372;726335;6569398C;6254346;473108;726669;6254346C;Orange Polska S.A.;światłowodowe;-;Tak;Nie;-;-;-;podziemny w kanalizacji;1;Nie
6418594;472544;726626;6418594C;6232383;472427;726356;6232383C;Orange Polska S.A.;światłowodowe;-;Tak;Nie;-;-;-;podziemny w kanalizacji;0.5;Nie
6418594;472544;726626;6418594C;5687045;472664;726684;5687045C;Orange Polska S.A.;światłowodowe;-;Tak;Nie;-;-;-;podziemny w kanalizacji;0.3;Nie
6214120;472580;726481;6214120C;6216034;472665;726493;6216034C;NAUKOWA I AKADEMICKA SIEĆ KOMPUTEROWA - PAŃSTWOWY INSTYTUT BADAWCZY;światłowodowe;-;Nie;Nie;-;-;-;podziemny w kanalizacji;0.5;Nie
5874550;472475;726229;5874550C;6870271;472502;726188;6870271N;EXATEL S.A.;światłowodowe;-;Nie;Nie;-;-;-;podziemny;0.1;Nie
5977156;472780;726214;5977156C;6224311;472797;726224;6224311C;Orange Polska S.A.;światłowodowe;-;Tak;Nie;-;-;-;podziemny w rurociągu;0.1;Nie
5874224;472375;726333;5874224C;5871029;472355;726376;5871029C;EXATEL S.A.;światłowodowe;-;Nie;Nie;-;-;-;podziemny;0.1;Nie
6569398;472372;726335;6569398C;6577414;472363;726514;6577414C;Orange Polska S.A.;światłowodowe;-;Tak;Nie;-;-;-;podziemny w kanalizacji;0.3;Nie
7144684;472502;726188;7144684N;7009923;472462;726284;7009923N;NETIA S.A.;światłowodowe;-;Nie;Nie;-;-;-;podziemny;0.5;Nie
7144684;472502;726188;7144684N;7008219;472427;726356;7008219N;NETIA S.A.;światłowodowe;-;Nie;Nie;-;-;-;podziemny;0.1;Nie
6214130;472666;725817;6214130C;6214131;472320;726457;6214131C;NAUKOWA I AKADEMICKA SIEĆ KOMPUTEROWA - PAŃSTWOWY INSTYTUT BADAWCZY;światłowodowe;-;Nie;Nie;-;-;-;podziemny w kanalizacji;1;Nie
6591909;472472;726442;6591909C;6591050;472628;725852;6591050C;Towerlink Poland Sp. z o. o.;światłowodowe;-;Tak;Tak;-;-;-;podziemny;2.6;Nie
6578978;472373;725966;6578978C;6578979;472201;725869;6578979C;GDAŃSK-MIASTO NA PRAWACH POWIATU;światłowodowe;-;Nie;Nie;-;-;-;podziemny w kanalizacji;0.6;Nie
6423895;472263;726633;6423895C;6423897;472445;726168;6423897C;UPC POLSKA sp. z o.o.;światłowodowe;-;Tak;Nie;-;-;-;podziemny w kanalizacji;0.1;Nie
5943174;472405;726390;5943174C;7082611;472502;726188;7082611N;Orange Polska S.A.;światłowodowe;-;Tak;Nie;-;-;-;podziemny;0.3;Nie
6584411;472763;726244;6584411C;5977156;472780;726214;5977156C;Orange Polska S.A.;światłowodowe;-;Tak;Nie;-;-;-;podziemny w kanalizacji;0.2;Nie
6541372;472220;725835;6541372C;6299584;472209;725969;6299584C;Orange Polska S.A.;światłowodowe;-;Tak;Nie;-;-;-;podziemny w kanalizacji;0.2;Nie
6748597;472237;725924;6748597N;6199085;472258;726470;6199085C;NETIA S.A.;światłowodowe;-;Nie;Nie;-;-;-;podziemny;0.6;Nie
6199085;472258;726470;6199085C;7011802;472132;726384;7011802N;NETIA S.A.;światłowodowe;-;Nie;Nie;-;-;-;podziemny;0.2;Nie
6507162;472584;726522;6507162C;6746539;472670;725783;6746539N;LOGITUS Sp. z o.o.;światłowodowe;-;Nie;Nie;-;-;-;podziemny w kanalizacji;1.1;Nie
6216044;472705;725905;6216044C;6214130;472666;725817;6214130C;NAUKOWA I AKADEMICKA SIEĆ KOMPUTEROWA - PAŃSTWOWY INSTYTUT BADAWCZY;światłowodowe;-;Nie;Nie;-;-;-;podziemny w kanalizacji;0.2;Nie
5694563;472662;726339;5694563C;5694553;472851;726106;5694553C;Orange Polska S.A.;światłowodowe;-;Tak;Nie;-;-;-;podziemny w kanalizacji;0.4;Nie
5967593;472946;726149;5967593C;5667372;472961;726117;5667372C;Orange Polska S.A.;światłowodowe;-;Tak;Nie;-;-;-;podziemny w kanalizacji;0.1;Nie
5694563;472662;726339;5694563C;5967593;472946;726149;5967593C;Orange Polska S.A.;światłowodowe;-;Tak;Nie;-;-;-;podziemny;0.5;Nie
6547876;472883;726260;6547876C;6547863;472911;726207;6547863C;Orange Polska S.A.;światłowodowe;-;Tak;Nie;-;-;-;podziemny w kanalizacji;0.2;Nie
5694563;472662;726339;5694563C;6584411;472763;726244;6584411C;Orange Polska S.A.;światłowodowe;-;Tak;Nie;-;-;-;podziemny w kanalizacji;0.2;Nie
5756095;472685;725988;5756095C;5915887;472600;726048;5915887C;Orange Polska S.A.;światłowodowe;-;Tak;Nie;-;-;-;podziemny w kanalizacji;0.2;Nie
6199095;472999;725551;6199095C;6199096;472420;727064;6199096C;NETIA S.A.;światłowodowe;-;Nie;Nie;-;-;-;podziemny;1.9;Nie
6568200;472795;726193;6568200C;6593201;472809;726202;6593201C;Orange Polska S.A.;światłowodowe;-;Tak;Nie;-;-;-;podziemny w rurociągu;0.1;Nie
6838884;472678;726411;6838884N;7084452;472780;726210;7084452N;Orange Polska S.A.;światłowodowe;-;Tak;Nie;-;-;-;podziemny w kanalizacji;0.4;Nie
6564560;472763;726244;6564560C;6552312;472736;726226;6552312C;Orange Polska S.A.;światłowodowe;-;Tak;Nie;-;-;-;napowietrzny;0.1;Nie
6547876;472883;726260;6547876C;5731167;472895;726238;5731167C;Orange Polska S.A.;światłowodowe;-;Tak;Nie;-;-;-;podziemny w kanalizacji;0.1;Nie
6584411;472763;726244;6584411C;6568200;472795;726193;6568200C;Orange Polska S.A.;światłowodowe;-;Tak;Nie;-;-;-;podziemny w kanalizacji;0.2;Nie
6198774;472694;726352;6198774C;6198775;472780;726214;6198775C;NETIA S.A.;światłowodowe;-;Nie;Nie;-;-;-;podziemny;0.2;Tak
6584411;472763;726244;6584411C;5703432;472816;726164;5703432C;Orange Polska S.A.;światłowodowe;-;Tak;Nie;-;-;-;podziemny w kanalizacji;0.2;Nie
5703432;472816;726164;5703432C;6161199;472827;726172;6161199C;Orange Polska S.A.;światłowodowe;-;Tak;Nie;-;-;-;podziemny w rurociągu;0.1;Nie
5663145;473217;726479;5663145C;5663146;473246;726413;5663146C;UPC POLSKA sp. z o.o.;światłowodowe;-;Tak;Nie;-;-;-;podziemny w kanalizacji;0.2;Nie
6632433;473333;726623;6632433N;5663145;473217;726479;5663145C;UPC POLSKA sp. z o.o.;światłowodowe;-;Tak;Nie;-;-;-;podziemny w kanalizacji;0.7;Nie
6431352;473265;726596;6431352C;5663145;473217;726479;5663145C;UPC POLSKA sp. z o.o.;światłowodowe;-;Tak;Nie;-;-;-;podziemny w kanalizacji;0.1;Nie
6037428;473391;726296;6037428C;6628363;473002;726331;6628363N;Orange Polska S.A.;światłowodowe;-;Tak;Nie;-;-;-;podziemny w kanalizacji;0.8;Nie
6198776;473027;726159;6198776C;6198777;472883;726260;6198777C;NETIA S.A.;światłowodowe;-;Nie;Nie;-;-;-;podziemny;0.3;Tak
6198772;472873;726425;6198772C;6198776;473027;726159;6198776C;NETIA S.A.;światłowodowe;-;Nie;Nie;-;-;-;podziemny;0.4;Tak
7008918;473320;725665;7008918N;6746277;473239;725715;6746277N;LOGITUS Sp. z o.o.;światłowodowe;-;Nie;Nie;-;-;-;podziemny w rurociągu;0.2;Nie
7008917;473419;725612;7008917N;7008918;473320;725665;7008918N;LOGITUS Sp. z o.o.;światłowodowe;-;Nie;Nie;-;-;-;podziemny w rurociągu;0.2;Nie
6746276;473401;725840;6746276N;6746275;473345;725901;6746275N;LOGITUS Sp. z o.o.;światłowodowe;-;Nie;Nie;-;-;-;podziemny w rurociągu;0.2;Nie
6746278;473415;725722;6746278N;6746276;473401;725840;6746276N;LOGITUS Sp. z o.o.;światłowodowe;-;Nie;Nie;-;-;-;podziemny w rurociągu;0.3;Nie
6198551;473419;725612;6198551C;6198552;473239;725715;6198552C;NETIA S.A.;światłowodowe;-;Nie;Nie;-;-;-;podziemny;0.3;Tak
6541372;472220;725835;6541372C;5709391;472811;725536;5709391C;Orange Polska S.A.;światłowodowe;-;Tak;Nie;-;-;-;podziemny w kanalizacji;0.9;Nie
5709391;472811;725536;5709391C;6275225;472413;726226;6275225C;Orange Polska S.A.;światłowodowe;-;Tak;Nie;-;-;-;podziemny;1;Nie
6294673;472720;725696;6294673C;6569398;472372;726335;6569398C;Orange Polska S.A.;światłowodowe;-;Tak;Nie;-;-;-;podziemny w kanalizacji;0.7;Nie
6591050;472628;725852;6591050C;6591049;472805;725700;6591049C;Towerlink Poland Sp. z o. o.;światłowodowe;-;Tak;Tak;-;-;-;podziemny;0.4;Nie
6448353;472628;725852;6448353C;6304359;472764;725747;6304359C;Orange Polska S.A.;światłowodowe;-;Tak;Nie;-;-;-;podziemny w kanalizacji;0.3;Nie
6634701;472331;725162;6634701N;5663623;472315;725331;5663623C;UPC POLSKA sp. z o.o.;światłowodowe;-;Tak;Nie;-;-;-;podziemny w kanalizacji;0.6;Nie
6021099;472556;725425;6021099C;5719916;472315;725331;5719916C;Orange Polska S.A.;światłowodowe;-;Tak;Nie;-;-;-;podziemny w kanalizacji;0.3;Nie
6021283;472556;725425;6021283C;6407100;472578;725369;6407100C;Orange Polska S.A.;światłowodowe;-;Tak;Nie;-;-;-;podziemny w kanalizacji;0.1;Nie
5709391;472811;725536;5709391C;6021099;472556;725425;6021099C;Orange Polska S.A.;światłowodowe;-;Tak;Nie;-;-;-;podziemny w kanalizacji;0.4;Nie
6543734;472099;725149;6543734C;5911957;472102;725167;5911957C;Orange Polska S.A.;światłowodowe;-;Tak;Nie;-;-;-;podziemny w kanalizacji;0.1;Nie
5693684;472502;726188;5693684C;5904712;473299;725099;5904712C;Orange Polska S.A.;światłowodowe;-;Tak;Nie;-;-;-;podziemny w kanalizacji;2;Nie
6579415;473173;725281;6579415C;6437620;473122;725306;6437620C;Orange Polska S.A.;światłowodowe;-;Tak;Nie;-;-;-;podziemny w rurociągu;0.1;Nie
5830903;472958;725575;5830903C;5734504;472972;725653;5734504C;Orange Polska S.A.;światłowodowe;-;Tak;Nie;-;-;-;podziemny w kanalizacji;0.2;Nie
6448353;472628;725852;6448353C;5908652;472907;725591;5908652C;Orange Polska S.A.;światłowodowe;-;Tak;Nie;-;-;-;podziemny w kanalizacji;0.6;Nie
6746277;473239;725715;6746277N;7008919;473240;725825;7008919N;LOGITUS Sp. z o.o.;światłowodowe;-;Nie;Nie;-;-;-;podziemny w rurociągu;0.2;Nie
6448353;472628;725852;6448353C;5830903;472958;725575;5830903C;Orange Polska S.A.;światłowodowe;-;Tak;Nie;-;-;-;podziemny w kanalizacji;0.6;Nie
5904712;473299;725099;5904712C;7082611;472502;726188;7082611N;Orange Polska S.A.;światłowodowe;-;Tak;Nie;-;-;-;podziemny w kanalizacji;0.4;Nie
5908652;472907;725591;5908652C;6291216;472947;725529;6291216C;Orange Polska S.A.;światłowodowe;-;Tak;Nie;-;-;-;podziemny w kanalizacji;0.2;Nie
6198261;475753;724094;6198261C;6198840;475859;724057;6198840C;NETIA S.A.;światłowodowe;-;Nie;Nie;-;-;-;podziemny;0.1;Nie
6199104;475801;724313;6199104C;6198261;475753;724094;6198261C;NETIA S.A.;światłowodowe;-;Nie;Nie;-;-;-;podziemny;0.2;Nie
6199103;475761;724230;6199103C;6199104;475801;724313;6199104C;NETIA S.A.;światłowodowe;-;Nie;Nie;-;-;-;podziemny;0.1;Nie
6199104;475801;724313;6199104C;6750414;475885;724256;6750414N;NETIA S.A.;światłowodowe;-;Nie;Nie;-;-;-;podziemny;0.1;Nie
6199104;475801;724313;6199104C;6199105;475869;724378;6199105C;NETIA S.A.;światłowodowe;-;Nie;Nie;-;-;-;podziemny;0.1;Nie
5834586;474930;723722;5834586C;6550705;475094;723736;6550705C;Orange Polska S.A.;światłowodowe;-;Tak;Nie;-;-;-;podziemny w kanalizacji;0.3;Nie
5664707;474972;723703;5664707C;5972809;474950;723997;5972809C;Orange Polska S.A.;światłowodowe;-;Tak;Nie;-;-;-;podziemny w kanalizacji;0.9;Nie
7049286;474956;724006;7049286N;6591910;474955;723950;6591910C;Towerlink Poland Sp. z o. o.;światłowodowe;-;Tak;Tak;-;-;-;podziemny;0.1;Nie
5939785;474958;723709;5939785C;5702071;474963;723667;5702071C;Orange Polska S.A.;światłowodowe;-;Tak;Nie;-;-;-;podziemny w kanalizacji;0.2;Nie
7008516;475051;723707;7008516N;6199129;475094;723736;6199129C;NETIA S.A.;światłowodowe;-;Nie;Nie;-;-;-;podziemny;0.1;Nie
7008516;475051;723707;7008516N;7012519;475080;723697;7012519N;NETIA S.A.;światłowodowe;-;Nie;Nie;-;-;-;podziemny;0.1;Nie
6198471;475598;724439;6198471C;6198463;475518;724900;6198463C;NETIA S.A.;światłowodowe;-;Nie;Nie;-;-;-;podziemny;0.6;Nie
6198463;475518;724900;6198463C;7119427;475607;724681;7119427N;NETIA S.A.;światłowodowe;-;Nie;Nie;-;-;-;podziemny;0.3;Nie
6198471;475598;724439;6198471C;7012376;475585;724440;7012376N;NETIA S.A.;światłowodowe;-;Nie;Nie;-;-;-;podziemny;0.1;Nie
6198261;475753;724094;6198261C;6198471;475598;724439;6198471C;NETIA S.A.;światłowodowe;-;Nie;Nie;-;-;-;podziemny;0.6;Nie
6199083;475731;723886;6199083C;6199103;475761;724230;6199103C;NETIA S.A.;światłowodowe;-;Nie;Nie;-;-;-;podziemny;0.4;Nie
6022290;474920;724156;6022290C;5818694;474857;724096;5818694C;Orange Polska S.A.;światłowodowe;-;Tak;Nie;-;-;-;podziemny w kanalizacji;0.2;Nie
6022290;474920;724156;6022290C;5751458;474866;724420;5751458C;Orange Polska S.A.;światłowodowe;-;Tak;Nie;-;-;-;podziemny w kanalizacji;0.3;Nie
6022290;474920;724156;6022290C;5975866;474866;724381;5975866C;Orange Polska S.A.;światłowodowe;-;Tak;Nie;-;-;-;podziemny w kanalizacji;0.3;Nie
6022290;474920;724156;6022290C;5668679;474874;724228;5668679C;Orange Polska S.A.;światłowodowe;-;Tak;Nie;-;-;-;podziemny w kanalizacji;0.2;Nie
5768702;474666;723902;5768702C;6275157;474725;723775;6275157C;Orange Polska S.A.;światłowodowe;-;Tak;Nie;-;-;-;podziemny w kanalizacji;0.4;Nie
5780532;474480;723895;5780532C;5942100;474434;723798;5942100C;Orange Polska S.A.;światłowodowe;-;Tak;Nie;-;-;-;podziemny w kanalizacji;0.2;Nie
6634690;474600;723813;6634690N;6429317;474598;723833;6429317C;UPC POLSKA sp. z o.o.;światłowodowe;-;Nie;Nie;-;-;-;podziemny;0.1;Nie
6591736;474631;723815;6591736C;7056893;474438;723926;7056893N;Towerlink Poland Sp. z o. o.;światłowodowe;-;Tak;Tak;-;-;-;podziemny;0.2;Nie
7020293;474539;723842;7020293N;7020292;474507;723831;7020292N;TB TELECOM Sp.z o.o.;światłowodowe;-;Nie;Tak;-;-;-;podziemny w kanalizacji;0.1;Nie
5780532;474480;723895;5780532C;6029248;474618;723922;6029248C;Orange Polska S.A.;światłowodowe;-;Tak;Nie;-;-;-;podziemny w kanalizacji;0.3;Nie
6198853;474434;723798;6198853C;6198854;474631;723759;6198854C;NETIA S.A.;światłowodowe;-;Nie;Nie;-;-;-;podziemny;0.3;Tak
6198469;474446;723845;6198469C;6198465;474631;723759;6198465C;NETIA S.A.;światłowodowe;-;Nie;Nie;-;-;-;podziemny;0.2;Nie
6022290;474920;724156;6022290C;5701800;474969;724240;5701800C;Orange Polska S.A.;światłowodowe;-;Tak;Nie;-;-;-;podziemny w kanalizacji;0.2;Nie
6022290;474920;724156;6022290C;6584597;474955;724394;6584597C;Orange Polska S.A.;światłowodowe;-;Tak;Nie;-;-;-;podziemny w kanalizacji;0.4;Nie
6022290;474920;724156;6022290C;6173478;474997;724278;6173478C;Orange Polska S.A.;światłowodowe;-;Tak;Nie;-;-;-;podziemny w kanalizacji;0.3;Nie
6022290;474920;724156;6022290C;6572346;474982;724167;6572346C;Orange Polska S.A.;światłowodowe;-;Tak;Nie;-;-;-;podziemny w kanalizacji;0.5;Nie
6431703;475040;724133;6431703C;6766418;475019;724427;6766418N;UPC POLSKA sp. z o.o.;światłowodowe;-;Tak;Nie;-;-;-;podziemny w kanalizacji;0.1;Nie
6561563;475088;724036;6561563C;5705814;475036;724097;5705814C;Orange Polska S.A.;światłowodowe;-;Tak;Nie;-;-;-;podziemny w kanalizacji;0.2;Nie
6969001;474904;724029;6969001N;6579006;474566;724220;6579006C;GDAŃSK-MIASTO NA PRAWACH POWIATU;światłowodowe;-;Nie;Nie;-;-;-;podziemny w kanalizacji;0.7;Nie
5921555;474688;724239;5921555C;5765242;474602;724157;5765242C;Orange Polska S.A.;światłowodowe;-;Tak;Nie;-;-;-;podziemny w kanalizacji;0.3;Nie
6022290;474920;724156;6022290C;5921555;474688;724239;5921555C;Orange Polska S.A.;światłowodowe;-;Tak;Nie;-;-;-;podziemny w kanalizacji;0.3;Nie
5921555;474688;724239;5921555C;6277636;474779;724249;6277636C;Orange Polska S.A.;światłowodowe;-;Tak;Nie;-;-;-;podziemny w kanalizacji;0.2;Nie
5921555;474688;724239;5921555C;5756134;474709;724242;5756134C;Orange Polska S.A.;światłowodowe;-;Tak;Nie;-;-;-;podziemny w kanalizacji;0.1;Nie
5917445;474719;724120;5917445C;6022290;474920;724156;6022290C;Orange Polska S.A.;światłowodowe;-;Tak;Nie;-;-;-;podziemny w kanalizacji;0.2;Nie
6591737;474575;723740;6591737C;7058487;474493;723753;7058487N;Towerlink Poland Sp. z o. o.;światłowodowe;-;Tak;Tak;-;-;-;podziemny;0.1;Nie
6591737;474575;723740;6591737C;7048613;474623;723752;7048613N;Towerlink Poland Sp. z o. o.;światłowodowe;-;Tak;Tak;-;-;-;podziemny;0.1;Nie
6591737;474575;723740;6591737C;6591736;474631;723815;6591736C;Towerlink Poland Sp. z o. o.;światłowodowe;-;Tak;Tak;-;-;-;podziemny;0.1;Nie
6579188;474617;723766;6579188C;6575782;474530;723788;6575782C;Orange Polska S.A.;światłowodowe;-;Tak;Nie;-;-;-;podziemny w kanalizacji;0.3;Nie
6223692;474551;723709;6223692C;6294316;474533;723680;6294316C;Orange Polska S.A.;światłowodowe;-;Tak;Nie;-;-;-;podziemny w kanalizacji;0.1;Nie
6199102;475842;723652;6199102C;6199084;475727;723817;6199084C;NETIA S.A.;światłowodowe;-;Nie;Nie;-;-;-;podziemny;0.2;Nie
6199084;475727;723817;6199084C;6199083;475731;723886;6199083C;NETIA S.A.;światłowodowe;-;Nie;Nie;-;-;-;podziemny;0.1;Nie
6591736;474631;723815;6591736C;6591910;474955;723950;6591910C;Towerlink Poland Sp. z o. o.;światłowodowe;-;Tak;Tak;-;-;-;podziemny;0.5;Nie
6229905;474749;723690;6229905C;6229366;474810;723654;6229366C;Orange Polska S.A.;światłowodowe;-;Tak;Nie;-;-;-;podziemny w kanalizacji;0.1;Nie
6229905;474749;723690;6229905C;5657115;474810;723710;5657115C;Orange Polska S.A.;światłowodowe;-;Tak;Nie;-;-;-;podziemny w kanalizacji;0.3;Nie
5834586;474930;723722;5834586C;6563961;474803;723737;6563961C;Orange Polska S.A.;światłowodowe;-;Tak;Nie;-;-;-;podziemny w kanalizacji;0.3;Nie
5834586;474930;723722;5834586C;5986714;474821;723762;5986714C;Orange Polska S.A.;światłowodowe;-;Tak;Nie;-;-;-;podziemny w kanalizacji;0.2;Nie
6199093;474885;723918;6199093C;6199094;474105;724465;6199094C;NETIA S.A.;światłowodowe;-;Nie;Nie;-;-;-;podziemny;1;Nie
6579810;474359;724162;6579810C;5911874;474626;724272;5911874C;Orange Polska S.A.;światłowodowe;-;Tak;Nie;-;-;-;podziemny;0.5;Nie
5921555;474688;724239;5921555C;5759055;474566;724220;5759055C;Orange Polska S.A.;światłowodowe;-;Tak;Nie;-;-;-;podziemny w kanalizacji;0.2;Nie
5921555;474688;724239;5921555C;6223823;474586;724417;6223823C;Orange Polska S.A.;światłowodowe;-;Tak;Nie;-;-;-;podziemny w kanalizacji;0.4;Nie
6292520;474728;724437;6292520C;5696299;474740;724490;5696299C;Orange Polska S.A.;światłowodowe;-;Tak;Nie;-;-;-;podziemny w kanalizacji;0.3;Nie
6549122;474429;724621;6549122C;5748044;474530;724651;5748044C;Orange Polska S.A.;światłowodowe;-;Tak;Nie;-;-;-;podziemny w kanalizacji;0.2;Nie
6198464;474710;726445;6198464C;6748566;474800;726379;6748566N;NETIA S.A.;światłowodowe;-;Nie;Nie;-;-;-;podziemny;0.2;Nie
6502265;474839;726399;6502265C;6387089;474772;726424;6387089C;Światłowód Inwestycje Sp. z o. o.;światłowodowe;-;Tak;Nie;-;-;-;podziemny w kanalizacji;0.5;Nie
6242490;474508;726609;6242490C;6578034;474490;726657;6578034C;Orange Polska S.A.;światłowodowe;-;Tak;Nie;-;-;-;podziemny w kanalizacji;0.1;Nie
5686739;474746;726714;5686739C;5686722;474708;726778;5686722C;Orange Polska S.A.;światłowodowe;-;Tak;Nie;-;-;-;podziemny w kanalizacji;0.2;Nie
6645681;474523;726201;6645681N;6430589;474815;725713;6430589C;UPC POLSKA sp. z o.o.;światłowodowe;-;Tak;Nie;-;-;-;podziemny w kanalizacji;0.7;Nie
6452662;474728;725980;6452662C;5908677;474815;725713;5908677C;Orange Polska S.A.;światłowodowe;-;Tak;Nie;-;-;-;podziemny w kanalizacji;0.4;Nie
6748984;474806;725835;6748984N;6198464;474710;726445;6198464C;NETIA S.A.;światłowodowe;-;Nie;Nie;-;-;-;podziemny;0.7;Nie
6587141;474613;726009;6587141C;6418513;474550;725949;6418513C;Orange Polska S.A.;światłowodowe;-;Tak;Nie;-;-;-;podziemny w kanalizacji;0.2;Nie
7119430;474117;726722;7119430N;6748576;474674;726025;6748576N;NETIA S.A.;światłowodowe;-;Nie;Nie;-;-;-;podziemny;1.3;Nie
6541238;474623;726068;6541238C;6829641;474604;726155;6829641N;Orange Polska S.A.;światłowodowe;-;Tak;Nie;-;-;-;podziemny w kanalizacji;0.1;Nie
6198833;474177;726669;6198833C;6198834;474811;726382;6198834C;NETIA S.A.;światłowodowe;-;Nie;Nie;-;-;-;podziemny;1.2;Tak
5675690;474928;725401;5675690C;6056731;475056;725369;6056731C;Orange Polska S.A.;światłowodowe;-;Tak;Nie;-;-;-;podziemny w kanalizacji;0.3;Nie
5936376;474767;725597;5936376C;6455290;474835;725585;6455290C;Orange Polska S.A.;światłowodowe;-;Tak;Nie;-;-;-;podziemny w kanalizacji;0.1;Nie
5908677;474815;725713;5908677C;5936376;474767;725597;5936376C;Orange Polska S.A.;światłowodowe;-;Tak;Nie;-;-;-;podziemny w kanalizacji;0.3;Nie
5908677;474815;725713;5908677C;5968503;474943;725614;5968503C;Orange Polska S.A.;światłowodowe;-;Tak;Nie;-;-;-;podziemny w kanalizacji;0.2;Nie
5908677;474815;725713;5908677C;5905316;475026;725647;5905316C;Orange Polska S.A.;światłowodowe;-;Tak;Nie;-;-;-;podziemny w kanalizacji;0.3;Nie
6198243;475612;726282;6198243C;6749546;475155;725751;6749546N;NETIA S.A.;światłowodowe;-;Nie;Nie;-;-;-;podziemny;0.8;Nie
7144638;475421;725767;7144638N;6198243;475612;726282;6198243C;NETIA S.A.;światłowodowe;-;Nie;Nie;-;-;-;podziemny;0.5;Nie
6198243;475612;726282;6198243C;6749660;475390;725554;6749660N;NETIA S.A.;światłowodowe;-;Nie;Nie;-;-;-;podziemny;1.1;Nie
5679083;474425;724784;5679083C;6541238;474623;726068;6541238C;Orange Polska S.A.;światłowodowe;-;Tak;Nie;-;-;-;podziemny w kanalizacji;1.9;Nie
6549112;474572;725010;6549112C;5829336;474653;724840;5829336C;Orange Polska S.A.;światłowodowe;-;Tak;Nie;-;-;-;podziemny w kanalizacji;0.3;Nie
6549112;474572;725010;6549112C;5945461;474831;725113;5945461C;Orange Polska S.A.;światłowodowe;-;Tak;Nie;-;-;-;podziemny w kanalizacji;0.4;Nie
5692669;474825;725429;5692669C;6567031;474784;725320;6567031C;Orange Polska S.A.;światłowodowe;-;Tak;Nie;-;-;-;podziemny w kanalizacji;0.1;Nie
5926928;474418;725366;5926928C;6475546;474496;725484;6475546C;Orange Polska S.A.;światłowodowe;-;Tak;Nie;-;-;-;podziemny;0.4;Nie
5692669;474825;725429;5692669C;6573210;474761;725376;6573210C;Orange Polska S.A.;światłowodowe;-;Tak;Nie;-;-;-;podziemny w kanalizacji;0.2;Nie
6600133;474495;726052;6600133C;6298146;474454;725871;6298146C;Orange Polska S.A.;światłowodowe;-;Tak;Nie;-;-;-;podziemny w kanalizacji;0.3;Nie
6837743;474286;723932;6837743N;6829641;474604;726155;6829641N;Orange Polska S.A.;światłowodowe;-;Tak;Nie;-;-;-;podziemny w kanalizacji;4.1;Nie
5926928;474418;725366;5926928C;6404908;474823;725310;6404908C;Orange Polska S.A.;światłowodowe;-;Tak;Nie;-;-;-;podziemny w kanalizacji;1.1;Nie
6301136;475056;724576;6301136C;5828475;475062;724645;5828475C;Orange Polska S.A.;światłowodowe;-;Tak;Nie;-;-;-;podziemny w kanalizacji;0.1;Nie
5828475;475062;724645;5828475C;5747701;475065;724680;5747701C;Orange Polska S.A.;światłowodowe;-;Tak;Nie;-;-;-;podziemny w kanalizacji;0.1;Nie
5920104;475062;724322;5920104C;6231862;475103;724675;6231862C;Orange Polska S.A.;światłowodowe;-;Tak;Nie;-;-;-;podziemny w kanalizacji;0.4;Nie
6591963;475103;724675;6591963C;6592747;475070;724474;6592747C;Emitel S.A.;światłowodowe;-;Nie;Nie;-;-;-;podziemny w kanalizacji;0.2;Nie
6749697;475353;725176;6749697N;6198463;475518;724900;6198463C;NETIA S.A.;światłowodowe;-;Nie;Nie;-;-;-;podziemny;0.4;Tak
5663685;474696;724848;5663685C;6634678;474795;724690;6634678N;UPC POLSKA sp. z o.o.;światłowodowe;-;Tak;Nie;-;-;-;podziemny w kanalizacji;0.2;Nie
6271380;474821;724626;6271380C;6292520;474728;724437;6292520C;Orange Polska S.A.;światłowodowe;-;Tak;Nie;-;-;-;podziemny w kanalizacji;1;Nie
6271380;474821;724626;6271380C;5724582;474803;724526;5724582C;Orange Polska S.A.;światłowodowe;-;Tak;Nie;-;-;-;podziemny w kanalizacji;0.2;Nie
5920104;475062;724322;5920104C;6271380;474821;724626;6271380C;Orange Polska S.A.;światłowodowe;-;Tak;Nie;-;-;-;podziemny w kanalizacji;0.5;Nie
5922060;475018;724732;5922060C;6270587;474877;724751;6270587C;Orange Polska S.A.;światłowodowe;-;Tak;Nie;-;-;-;podziemny w rurociągu;0.1;Nie
6429634;475111;724769;6429634C;6766418;475019;724427;6766418N;UPC POLSKA sp. z o.o.;światłowodowe;-;Nie;Nie;-;-;-;podziemny w kanalizacji;0.4;Nie
6292520;474728;724437;6292520C;6292552;474850;724356;6292552C;Orange Polska S.A.;światłowodowe;-;Tak;Nie;-;-;-;podziemny w kanalizacji;0.2;Nie
6198465;474631;723759;6198465C;6198432;474347;723836;6198432C;NETIA S.A.;światłowodowe;-;Nie;Nie;-;-;-;podziemny;0.4;Nie
6198853;474434;723798;6198853C;6198857;474135;723855;6198857C;NETIA S.A.;światłowodowe;-;Nie;Nie;-;-;-;podziemny;0.4;Tak
6198247;474252;724000;6198247C;6198853;474434;723798;6198853C;NETIA S.A.;światłowodowe;-;Nie;Nie;-;-;-;podziemny;0.4;Nie
6198247;474252;724000;6198247C;6198432;474347;723836;6198432C;NETIA S.A.;światłowodowe;-;Nie;Nie;-;-;-;podziemny;0.3;Nie
6198247;474252;724000;6198247C;7119250;474350;723999;7119250N;NETIA S.A.;światłowodowe;-;Nie;Nie;-;-;-;podziemny;0.1;Nie
7020294;474552;723853;7020294N;7020293;474539;723842;7020293N;TB TELECOM Sp.z o.o.;światłowodowe;-;Nie;Tak;-;-;-;podziemny w kanalizacji;0.2;Nie
7020294;474552;723853;7020294N;7020291;474481;723920;7020291N;TB TELECOM Sp.z o.o.;światłowodowe;-;Nie;Tak;-;-;-;podziemny w kanalizacji;0.1;Nie
5780532;474480;723895;5780532C;5835740;474424;723865;5835740C;Orange Polska S.A.;światłowodowe;-;Tak;Nie;-;-;-;podziemny w kanalizacji;0.2;Nie
7020291;474481;723920;7020291N;7020290;474455;723876;7020290N;TB TELECOM Sp.z o.o.;światłowodowe;-;Nie;Tak;-;-;-;podziemny w kanalizacji;0.2;Nie
5663288;474611;725012;5663288C;6766417;474456;724612;6766417N;UPC POLSKA sp. z o.o.;światłowodowe;-;Nie;Nie;-;-;-;podziemny w kanalizacji;0.1;Nie
6549122;474429;724621;6549122C;6579219;474445;724757;6579219C;Orange Polska S.A.;światłowodowe;-;Tak;Nie;-;-;-;podziemny w kanalizacji;0.2;Nie
6549122;474429;724621;6549122C;6549112;474572;725010;6549112C;Orange Polska S.A.;światłowodowe;-;Tak;Nie;-;-;-;podziemny w kanalizacji;0.6;Nie
6746914;474338;725019;6746914N;7008777;474381;725001;7008777N;LOGITUS Sp. z o.o.;światłowodowe;-;Nie;Nie;-;-;-;podziemny w rurociągu;0.2;Nie
6746914;474338;725019;6746914N;7008776;474404;725139;7008776N;LOGITUS Sp. z o.o.;światłowodowe;-;Nie;Nie;-;-;-;podziemny w rurociągu;0.2;Nie
6293803;474350;723999;6293803C;5919114;474397;723886;5919114C;Orange Polska S.A.;światłowodowe;-;Tak;Nie;-;-;-;podziemny w kanalizacji;0.2;Nie
6293803;474350;723999;6293803C;5780532;474480;723895;5780532C;Orange Polska S.A.;światłowodowe;-;Tak;Nie;-;-;-;podziemny w kanalizacji;0.3;Nie
6198853;474434;723798;6198853C;6198873;474570;724395;6198873C;NETIA S.A.;światłowodowe;-;Nie;Nie;-;-;-;podziemny;0.9;Tak
6494133;474547;724428;6494133C;6494132;474526;724428;6494132C;MULTIMEDIA  POLSKA  Sp. z o. o.;światłowodowe;-;Nie;Nie;-;-;-;podziemny;0.1;Nie
6748196;474376;723973;6748196N;6198469;474446;723845;6198469C;NETIA S.A.;światłowodowe;-;Nie;Nie;-;-;-;podziemny;0.2;Nie
6837743;474286;723932;6837743N;6579810;474359;724162;6579810C;Orange Polska S.A.;światłowodowe;-;Tak;Nie;-;-;-;podziemny w kanalizacji;0.5;Nie
6837743;474286;723932;6837743N;6293803;474350;723999;6293803C;Orange Polska S.A.;światłowodowe;-;Tak;Nie;-;-;-;podziemny w kanalizacji;0.2;Nie
6837743;474286;723932;6837743N;5720111;474350;723999;5720111C;Orange Polska S.A.;światłowodowe;-;Tak;Nie;-;-;-;podziemny w kanalizacji;0.4;Nie
6578971;474330;724124;6578971C;6578969;474540;723941;6578969C;GDAŃSK-MIASTO NA PRAWACH POWIATU;światłowodowe;-;Nie;Nie;-;-;-;podziemny w kanalizacji;0.8;Nie
5968959;474350;723999;5968959C;5919230;474336;724042;5919230C;Orange Polska S.A.;światłowodowe;-;Tak;Nie;-;-;-;podziemny w kanalizacji;0.2;Nie
6579810;474359;724162;6579810C;6228656;474307;724144;6228656C;Orange Polska S.A.;światłowodowe;-;Tak;Nie;-;-;-;podziemny w kanalizacji;0.1;Nie
6293803;474350;723999;6293803C;6579810;474359;724162;6579810C;Orange Polska S.A.;światłowodowe;-;Tak;Nie;-;-;-;podziemny w kanalizacji;0.2;Nie
5705625;474484;724060;5705625C;6549122;474429;724621;6549122C;Orange Polska S.A.;światłowodowe;-;Tak;Nie;-;-;-;podziemny w kanalizacji;0.7;Nie
5705625;474484;724060;5705625C;5731094;474451;724031;5731094C;Orange Polska S.A.;światłowodowe;-;Tak;Nie;-;-;-;podziemny w kanalizacji;0.2;Nie
5705625;474484;724060;5705625C;6533330;474469;724112;6533330C;Orange Polska S.A.;światłowodowe;-;Tak;Nie;-;-;-;podziemny w kanalizacji;0.2;Nie
5780532;474480;723895;5780532C;5705625;474484;724060;5705625C;Orange Polska S.A.;światłowodowe;-;Tak;Nie;-;-;-;podziemny w kanalizacji;0.2;Nie
5705625;474484;724060;5705625C;6563614;474474;724018;6563614C;Orange Polska S.A.;światłowodowe;-;Tak;Nie;-;-;-;podziemny w kanalizacji;0.1;Nie
6593260;474480;723895;6593260C;7056893;474438;723926;7056893N;Towerlink Poland Sp. z o. o.;światłowodowe;-;Tak;Tak;-;-;-;podziemny;0.1;Nie
5756171;474450;724492;5756171C;6549122;474429;724621;6549122C;Orange Polska S.A.;światłowodowe;-;Tak;Nie;-;-;-;podziemny w kanalizacji;0.2;Nie
6567458;474366;723784;6567458C;5737561;474395;723765;5737561C;Orange Polska S.A.;światłowodowe;-;Tak;Nie;-;-;-;podziemny w kanalizacji;0.1;Nie
7119416;474530;723788;7119416N;6198432;474347;723836;6198432C;NETIA S.A.;światłowodowe;-;Nie;Nie;-;-;-;podziemny;0.2;Nie
7119416;474530;723788;7119416N;6198853;474434;723798;6198853C;NETIA S.A.;światłowodowe;-;Nie;Nie;-;-;-;podziemny;0.1;Tak
6198469;474446;723845;6198469C;7119416;474530;723788;7119416N;NETIA S.A.;światłowodowe;-;Nie;Nie;-;-;-;podziemny;0.3;Nie
6198469;474446;723845;6198469C;6198432;474347;723836;6198432C;NETIA S.A.;światłowodowe;-;Nie;Nie;-;-;-;podziemny;0.2;Nie
6295904;474446;723845;6295904C;5718268;474372;723836;5718268C;Orange Polska S.A.;światłowodowe;-;Tak;Nie;-;-;-;podziemny w kanalizacji;0.1;Nie
6198873;474570;724395;6198873C;6748253;474309;724649;6748253N;NETIA S.A.;światłowodowe;-;Nie;Nie;-;-;-;podziemny;0.3;Tak
6198873;474570;724395;6198873C;6198874;474595;724527;6198874C;NETIA S.A.;światłowodowe;-;Nie;Nie;-;-;-;podziemny;0.2;Tak
6494134;474607;724446;6494134C;6494133;474547;724428;6494133C;MULTIMEDIA  POLSKA  Sp. z o. o.;światłowodowe;-;Nie;Nie;-;-;-;podziemny;0.1;Nie
6494135;474551;724495;6494135C;6494134;474607;724446;6494134C;MULTIMEDIA  POLSKA  Sp. z o. o.;światłowodowe;-;Nie;Nie;-;-;-;podziemny;0.1;Nie
6510242;474595;724527;6510242C;6494135;474551;724495;6494135C;MULTIMEDIA  POLSKA  Sp. z o. o.;światłowodowe;-;Nie;Nie;-;-;-;podziemny w kanalizacji;0.1;Nie
6837743;474286;723932;6837743N;5967676;474350;723999;5967676C;Orange Polska S.A.;światłowodowe;-;Tak;Nie;-;-;-;podziemny w kanalizacji;0.2;Nie
6224983;474312;723951;6224983C;6837743;474286;723932;6837743N;Orange Polska S.A.;światłowodowe;-;Tak;Nie;-;-;-;podziemny w kanalizacji;0.1;Nie
6224983;474312;723951;6224983C;6837743;474286;723932;6837743N;Orange Polska S.A.;światłowodowe;-;Tak;Nie;-;-;-;podziemny w kanalizacji;0.1;Nie
6837743;474286;723932;6837743N;5968959;474350;723999;5968959C;Orange Polska S.A.;światłowodowe;-;Tak;Nie;-;-;-;podziemny w kanalizacji;0.2;Nie
6837743;474286;723932;6837743N;5691160;474312;723951;5691160C;Orange Polska S.A.;światłowodowe;-;Tak;Nie;-;-;-;podziemny w kanalizacji;0.1;Nie
6837743;474286;723932;6837743N;7098709;474446;723845;7098709N;Orange Polska S.A.;światłowodowe;-;Tak;Nie;-;-;-;podziemny w kanalizacji;0.4;Nie
6837743;474286;723932;6837743N;6295904;474446;723845;6295904C;Orange Polska S.A.;światłowodowe;-;Tak;Nie;-;-;-;podziemny w kanalizacji;0.3;Nie
6837743;474286;723932;6837743N;6028648;474334;725400;6028648C;Orange Polska S.A.;światłowodowe;-;Tak;Nie;-;-;-;podziemny w kanalizacji;2.1;Nie
5920513;474309;725280;5920513C;5968732;474505;725084;5968732C;Orange Polska S.A.;światłowodowe;-;Tak;Nie;-;-;-;podziemny w kanalizacji;0.5;Nie
7020302;474359;725941;7020302N;7020295;474552;723853;7020295N;TB TELECOM Sp.z o.o.;światłowodowe;-;Nie;Tak;-;-;-;podziemny w kanalizacji;3.5;Nie
7020302;474359;725941;7020302N;7020294;474552;723853;7020294N;TB TELECOM Sp.z o.o.;światłowodowe;-;Nie;Tak;-;-;-;podziemny w kanalizacji;3.5;Nie
6429642;474307;723976;6429642C;6429644;474244;723863;6429644C;UPC POLSKA sp. z o.o.;światłowodowe;-;Tak;Nie;-;-;-;podziemny;0.1;Nie
6700507;474312;723951;6700507N;6198247;474252;724000;6198247C;NETIA S.A.;światłowodowe;-;Nie;Nie;-;-;-;podziemny;0.1;Nie
6198461;474336;724042;6198461C;6198247;474252;724000;6198247C;NETIA S.A.;światłowodowe;-;Nie;Nie;-;-;-;podziemny;0.2;Nie
6837743;474286;723932;6837743N;6425676;474260;723924;6425676C;Orange Polska S.A.;światłowodowe;-;Tak;Nie;-;-;-;podziemny w kanalizacji;0.2;Nie
6198262;474041;724281;6198262C;6198247;474252;724000;6198247C;NETIA S.A.;światłowodowe;-;Nie;Nie;-;-;-;podziemny;0.5;Nie
6198536;474041;724281;6198536C;6198247;474252;724000;6198247C;NETIA S.A.;światłowodowe;-;Nie;Nie;-;-;-;podziemny;0.5;Nie
5805395;474062;724153;5805395C;6438662;474076;724096;6438662C;Orange Polska S.A.;światłowodowe;-;Tak;Nie;-;-;-;podziemny w kanalizacji;0.6;Nie
6249881;474018;724151;6249881C;6563415;473982;724109;6563415C;Orange Polska S.A.;światłowodowe;-;Tak;Nie;-;-;-;podziemny w kanalizacji;0.2;Nie
6591052;474012;724200;6591052C;7050315;474019;724219;7050315N;Towerlink Poland Sp. z o. o.;światłowodowe;-;Tak;Tak;-;-;-;podziemny;0.1;Nie
6837743;474286;723932;6837743N;6579207;473870;724274;6579207C;Orange Polska S.A.;światłowodowe;-;Tak;Nie;-;-;-;podziemny w kanalizacji;0.6;Nie
6837743;474286;723932;6837743N;7003132;474041;724281;7003132N;Orange Polska S.A.;światłowodowe;-;Tak;Nie;-;-;-;podziemny w kanalizacji;1;Nie
6837743;474286;723932;6837743N;6282216;474107;724244;6282216C;Orange Polska S.A.;światłowodowe;-;Tak;Nie;-;-;-;podziemny w kanalizacji;0.5;Nie
6837743;474286;723932;6837743N;6292484;474107;724244;6292484C;Orange Polska S.A.;światłowodowe;-;Tak;Nie;-;-;-;podziemny w kanalizacji;0.6;Nie
6749664;474041;724281;6749664N;7119417;474312;723951;7119417N;NETIA S.A.;światłowodowe;-;Nie;Nie;-;-;-;podziemny;0.1;Nie
6700507;474312;723951;6700507N;7149198;474140;724500;7149198N;NETIA S.A.;światłowodowe;-;Nie;Nie;-;-;-;podziemny;1;Nie
7007654;474292;724461;7007654N;7149198;474140;724500;7149198N;NETIA S.A.;światłowodowe;-;Nie;Nie;-;-;-;podziemny;0.2;Nie
5683827;474169;723877;5683827C;6264700;474252;724000;6264700C;Orange Polska S.A.;światłowodowe;-;Tak;Nie;-;-;-;podziemny w kanalizacji;0.3;Nie
6230623;474218;724189;6230623C;5984553;474174;724151;5984553C;Orange Polska S.A.;światłowodowe;-;Tak;Nie;-;-;-;podziemny w kanalizacji;0.1;Nie
6230623;474218;724189;6230623C;5757795;474233;724168;5757795C;Orange Polska S.A.;światłowodowe;-;Tak;Nie;-;-;-;podziemny w kanalizacji;0.1;Nie
6230623;474218;724189;6230623C;6403892;474252;724225;6403892C;Orange Polska S.A.;światłowodowe;-;Tak;Nie;-;-;-;podziemny;0.2;Nie
6199094;474105;724465;6199094C;7149198;474140;724500;7149198N;NETIA S.A.;światłowodowe;-;Nie;Nie;-;-;-;podziemny;0.1;Nie
6746913;474242;724989;6746913N;6746911;474166;724963;6746911N;LOGITUS Sp. z o.o.;światłowodowe;-;Nie;Nie;-;-;-;podziemny w rurociągu;0.2;Nie
6746902;474216;725124;6746902N;6746913;474242;724989;6746913N;LOGITUS Sp. z o.o.;światłowodowe;-;Nie;Nie;-;-;-;podziemny w rurociągu;0.2;Nie
6746902;474216;725124;6746902N;6746914;474338;725019;6746914N;LOGITUS Sp. z o.o.;światłowodowe;-;Nie;Nie;-;-;-;podziemny w rurociągu;0.2;Nie
6416376;474269;725095;6416376C;5732295;474217;725017;5732295C;Orange Polska S.A.;światłowodowe;-;Tak;Nie;-;-;-;podziemny w kanalizacji;0.2;Nie
6416376;474269;725095;6416376C;5991420;474242;724989;5991420C;Orange Polska S.A.;światłowodowe;-;Tak;Nie;-;-;-;podziemny w kanalizacji;0.2;Nie
5805395;474062;724153;5805395C;6007548;474078;724140;6007548C;Orange Polska S.A.;światłowodowe;-;Tak;Nie;-;-;-;podziemny w kanalizacji;0.1;Nie
5805395;474062;724153;5805395C;6249881;474018;724151;6249881C;Orange Polska S.A.;światłowodowe;-;Tak;Nie;-;-;-;podziemny w kanalizacji;0.2;Nie
5716388;474107;724244;5716388C;5739675;474149;724193;5739675C;Orange Polska S.A.;światłowodowe;-;Tak;Nie;-;-;-;podziemny w kanalizacji;0.1;Nie
6292484;474107;724244;6292484C;7003132;474041;724281;7003132N;Orange Polska S.A.;światłowodowe;-;Tak;Nie;-;-;-;podziemny w kanalizacji;0.4;Nie
5683827;474169;723877;5683827C;5727407;473966;724030;5727407C;Orange Polska S.A.;światłowodowe;-;Tak;Nie;-;-;-;podziemny w kanalizacji;0.4;Nie
5683827;474169;723877;5683827C;6550392;473968;724065;6550392C;Orange Polska S.A.;światłowodowe;-;Tak;Nie;-;-;-;podziemny w kanalizacji;0.4;Nie
5683827;474169;723877;5683827C;5997701;473975;723960;5997701C;Orange Polska S.A.;światłowodowe;-;Tak;Nie;-;-;-;podziemny w kanalizacji;0.3;Nie
5683827;474169;723877;5683827C;6585963;474063;723918;6585963C;Orange Polska S.A.;światłowodowe;-;Tak;Nie;-;-;-;podziemny w kanalizacji;0.2;Nie
5683827;474169;723877;5683827C;5999178;474104;723898;5999178C;Orange Polska S.A.;światłowodowe;-;Tak;Nie;-;-;-;podziemny w kanalizacji;0.1;Nie
7009753;474054;723808;7009753N;6198884;474130;723829;6198884C;NETIA S.A.;światłowodowe;-;Nie;Nie;-;-;-;podziemny;0.1;Nie
6198857;474135;723855;6198857C;6198884;474130;723829;6198884C;NETIA S.A.;światłowodowe;-;Nie;Nie;-;-;-;podziemny;0.1;Tak
6507360;473862;725877;6507360C;6507358;474060;725998;6507358C;LOGITUS Sp. z o.o.;światłowodowe;-;Nie;Nie;-;-;-;podziemny w kanalizacji;0.3;Nie
6507955;473968;724978;6507955C;6507399;473886;724980;6507399C;LOGITUS Sp. z o.o.;światłowodowe;-;Nie;Nie;-;-;-;podziemny w rurociągu;0.2;Nie
6507399;473886;724980;6507399C;6507398;473929;725020;6507398C;LOGITUS Sp. z o.o.;światłowodowe;-;Nie;Nie;-;-;-;podziemny w rurociągu;0.1;Nie
6507955;473968;724978;6507955C;6507954;473936;724907;6507954C;LOGITUS Sp. z o.o.;światłowodowe;-;Nie;Nie;-;-;-;podziemny w rurociągu;0.2;Nie
6746906;474000;725221;6746906N;6746283;473953;725282;6746283N;LOGITUS Sp. z o.o.;światłowodowe;-;Nie;Nie;-;-;-;podziemny w rurociągu;0.2;Nie
6645772;474094;725278;6645772N;5671919;473933;725055;5671919C;UPC POLSKA sp. z o.o.;światłowodowe;-;Tak;Nie;-;-;-;podziemny w kanalizacji;0.4;Nie
7007847;473536;724484;7007847N;6198527;473561;724804;6198527C;NETIA S.A.;światłowodowe;-;Nie;Nie;-;-;-;podziemny;0.4;Nie
7012534;473604;724541;7012534N;6198858;473526;724513;6198858C;NETIA S.A.;światłowodowe;-;Nie;Nie;-;-;-;podziemny;0.2;Nie
6198527;473561;724804;6198527C;6198858;473526;724513;6198858C;NETIA S.A.;światłowodowe;-;Nie;Nie;-;-;-;podziemny;0.4;Tak
7006516;473551;724609;7006516N;6748624;473609;724657;6748624N;NETIA S.A.;światłowodowe;-;Nie;Nie;-;-;-;podziemny;0.2;Nie
6175576;473757;723874;6175576C;6006025;473944;723839;6006025C;Orange Polska S.A.;światłowodowe;-;Tak;Nie;-;-;-;podziemny w kanalizacji;0.2;Nie
6175576;473757;723874;6175576C;5964603;473838;723854;5964603C;Orange Polska S.A.;światłowodowe;-;Tak;Nie;-;-;-;podziemny w kanalizacji;0.2;Nie
5727407;473966;724030;5727407C;6440836;473856;723960;6440836C;Orange Polska S.A.;światłowodowe;-;Tak;Nie;-;-;-;podziemny;0.3;Nie
5805395;474062;724153;5805395C;5922052;474011;724010;5922052C;Orange Polska S.A.;światłowodowe;-;Tak;Nie;-;-;-;podziemny w kanalizacji;0.4;Nie
6837743;474286;723932;6837743N;5679083;474425;724784;5679083C;Orange Polska S.A.;światłowodowe;-;Tak;Nie;-;-;-;podziemny w kanalizacji;1.4;Nie
6284321;473832;724113;6284321C;5709514;473781;724184;5709514C;Orange Polska S.A.;światłowodowe;-;Tak;Nie;-;-;-;podziemny w kanalizacji;0.2;Nie
6214116;473891;724280;6214116C;6214144;473549;724737;6214144C;NAUKOWA I AKADEMICKA SIEĆ KOMPUTEROWA - PAŃSTWOWY INSTYTUT BADAWCZY;światłowodowe;-;Nie;Nie;-;-;-;podziemny w kanalizacji;0.7;Nie
6302147;473538;724749;6302147C;6235656;473526;724513;6235656C;Orange Polska S.A.;światłowodowe;-;Tak;Nie;-;-;-;podziemny w kanalizacji;0.3;Nie
5683498;473530;724712;5683498C;6014691;473609;724657;6014691C;Orange Polska S.A.;światłowodowe;-;Tak;Nie;-;-;-;podziemny w kanalizacji;0.2;Nie
6562615;473561;724686;6562615C;7081442;473609;724657;7081442N;Orange Polska S.A.;światłowodowe;-;Tak;Nie;-;-;-;podziemny w kanalizacji;0.2;Nie
6302147;473538;724749;6302147C;6562615;473561;724686;6562615C;Orange Polska S.A.;światłowodowe;-;Tak;Nie;-;-;-;podziemny;0.1;Nie
6251156;473549;724496;6251156C;6550291;473565;724501;6550291C;Orange Polska S.A.;światłowodowe;-;Tak;Nie;-;-;-;podziemny w kanalizacji;0.1;Nie
7144680;473526;724513;7144680N;6749680;473493;724483;6749680N;NETIA S.A.;światłowodowe;-;Nie;Nie;-;-;-;podziemny;0.1;Nie
6749521;473493;724483;6749521N;7144680;473526;724513;7144680N;NETIA S.A.;światłowodowe;-;Nie;Nie;-;-;-;podziemny;0.1;Nie
6749523;473493;724483;6749523N;7144680;473526;724513;7144680N;NETIA S.A.;światłowodowe;-;Nie;Nie;-;-;-;podziemny;0.1;Nie
6749544;473493;724483;6749544N;7144680;473526;724513;7144680N;NETIA S.A.;światłowodowe;-;Nie;Nie;-;-;-;podziemny;0.1;Nie
6749653;473493;724483;6749653N;7144680;473526;724513;7144680N;NETIA S.A.;światłowodowe;-;Nie;Nie;-;-;-;podziemny;0.1;Nie
6772673;473345;724428;6772673N;6766373;473415;724493;6766373N;MULTIMEDIA  POLSKA  Sp. z o. o.;światłowodowe;-;Nie;Nie;-;-;-;podziemny;0.1;Nie
6513423;473526;724513;6513423C;7182281;473493;724483;7182281N;MULTIMEDIA  POLSKA  Sp. z o. o.;światłowodowe;-;Nie;Nie;-;-;-;podziemny;0.1;Nie
6198858;473526;724513;6198858C;6198859;473496;724450;6198859C;NETIA S.A.;światłowodowe;-;Nie;Nie;-;-;-;podziemny;0.2;Tak
6198857;474135;723855;6198857C;6198527;473561;724804;6198527C;NETIA S.A.;światłowodowe;-;Nie;Nie;-;-;-;podziemny;1.5;Tak
6837743;474286;723932;6837743N;7000823;473530;724712;7000823N;Orange Polska S.A.;światłowodowe;-;Tak;Nie;-;-;-;podziemny w kanalizacji;1.4;Nie
6430805;473485;724837;6430805C;6430807;474310;723983;6430807C;UPC POLSKA sp. z o.o.;światłowodowe;-;Tak;Nie;-;-;-;podziemny w kanalizacji;0.1;Nie
6198268;473486;724976;6198268C;6198247;474252;724000;6198247C;NETIA S.A.;światłowodowe;-;Nie;Nie;-;-;-;podziemny;1.7;Nie
6198246;473373;724930;6198246C;6198262;474041;724281;6198262C;NETIA S.A.;światłowodowe;-;Nie;Nie;-;-;-;podziemny;0.9;Nie
7007847;473536;724484;7007847N;7008222;473543;724392;7008222N;NETIA S.A.;światłowodowe;-;Nie;Nie;-;-;-;podziemny;0.2;Nie
6772672;473424;724524;6772672N;6766372;473432;724556;6766372N;MULTIMEDIA  POLSKA  Sp. z o. o.;światłowodowe;-;Nie;Nie;-;-;-;podziemny;0.1;Nie
6431935;473485;724627;6431935C;6831099;473479;724577;6831099N;Orange Polska S.A.;światłowodowe;-;Tak;Nie;-;-;-;podziemny w kanalizacji;0.1;Nie
6302147;473538;724749;6302147C;5804198;473328;724604;5804198C;Orange Polska S.A.;światłowodowe;-;Tak;Nie;-;-;-;podziemny w kanalizacji;0.4;Nie
6214144;473549;724737;6214144C;6216035;473432;725030;6216035C;NAUKOWA I AKADEMICKA SIEĆ KOMPUTEROWA - PAŃSTWOWY INSTYTUT BADAWCZY;światłowodowe;-;Nie;Nie;-;-;-;podziemny w kanalizacji;0.5;Nie
5705458;473423;724951;5705458C;5919666;473505;724950;5919666C;Orange Polska S.A.;światłowodowe;-;Tak;Nie;-;-;-;podziemny;0.3;Nie
6198268;473486;724976;6198268C;6198527;473561;724804;6198527C;NETIA S.A.;światłowodowe;-;Nie;Nie;-;-;-;podziemny;0.4;Nie
7006516;473551;724609;7006516N;7006518;473519;724655;7006518N;NETIA S.A.;światłowodowe;-;Nie;Nie;-;-;-;podziemny;0.1;Nie
6198268;473486;724976;6198268C;6748455;473505;724950;6748455N;NETIA S.A.;światłowodowe;-;Nie;Nie;-;-;-;podziemny;0.1;Nie
6456011;474608;725228;6456011C;6594014;473776;725986;6594014C;Orange Polska S.A.;światłowodowe;-;Tak;Nie;-;-;-;podziemny w kanalizacji;1.3;Nie
6290226;474144;725242;6290226C;5715190;473909;725106;5715190C;Orange Polska S.A.;światłowodowe;-;Tak;Nie;-;-;-;podziemny w kanalizacji;0.4;Nie
5663639;474254;725451;5663639C;5669466;474496;725484;5669466C;UPC POLSKA sp. z o.o.;światłowodowe;-;Tak;Nie;-;-;-;podziemny w kanalizacji;0.1;Nie
6529593;474366;725804;6529593C;5994891;474283;725685;5994891C;Orange Polska S.A.;światłowodowe;-;Tak;Nie;-;-;-;podziemny w kanalizacji;0.1;Nie
5926928;474418;725366;5926928C;6418582;474600;725452;6418582C;Orange Polska S.A.;światłowodowe;-;Tak;Nie;-;-;-;podziemny w kanalizacji;0.4;Nie
5669468;474562;725508;5669468C;6645682;474557;725500;6645682N;UPC POLSKA sp. z o.o.;światłowodowe;-;Nie;Nie;-;-;-;podziemny w kanalizacji;0.1;Nie
6282216;474107;724244;6282216C;6566485;473688;724870;6566485C;Orange Polska S.A.;światłowodowe;-;Tak;Nie;-;-;-;podziemny w kanalizacji;1;Nie
5716388;474107;724244;5716388C;5920369;473765;724569;5920369C;Orange Polska S.A.;światłowodowe;-;Tak;Nie;-;-;-;podziemny w kanalizacji;0.6;Nie
5920369;473765;724569;5920369C;5769038;473802;724578;5769038C;Orange Polska S.A.;światłowodowe;-;Tak;Nie;-;-;-;podziemny w kanalizacji;0.2;Nie
5991420;474242;724989;5991420C;6259400;474051;725055;6259400C;Orange Polska S.A.;światłowodowe;-;Tak;Nie;-;-;-;podziemny w kanalizacji;0.2;Nie
5991420;474242;724989;5991420C;5700304;474128;725025;5700304C;Orange Polska S.A.;światłowodowe;-;Tak;Nie;-;-;-;podziemny w kanalizacji;0.1;Nie
6223823;474586;724417;6223823C;5858854;474542;724520;5858854C;Orange Polska S.A.;światłowodowe;-;Tak;Nie;-;-;-;podziemny w kanalizacji;0.3;Nie
5991420;474242;724989;5991420C;5909038;474166;724963;5909038C;Orange Polska S.A.;światłowodowe;-;Tak;Nie;-;-;-;podziemny w kanalizacji;0.2;Nie
6429629;473855;724362;6429629C;6634693;473891;724280;6634693N;UPC POLSKA sp. z o.o.;światłowodowe;-;Tak;Nie;-;-;-;podziemny w kanalizacji;0.1;Nie
6429630;473824;724587;6429630C;6429629;473855;724362;6429629C;UPC POLSKA sp. z o.o.;światłowodowe;-;Tak;Nie;-;-;-;podziemny w kanalizacji;0.4;Nie
6766374;473266;724392;6766374N;6491140;473291;724445;6491140C;MULTIMEDIA  POLSKA  Sp. z o. o.;światłowodowe;-;Nie;Nie;-;-;-;podziemny w kanalizacji;0.1;Nie
6494835;473309;724405;6494835C;6766374;473266;724392;6766374N;MULTIMEDIA  POLSKA  Sp. z o. o.;światłowodowe;-;Nie;Nie;-;-;-;podziemny w kanalizacji;0.1;Nie
6494835;473309;724405;6494835C;6766184;473290;724509;6766184N;MULTIMEDIA  POLSKA  Sp. z o. o.;światłowodowe;-;Nie;Nie;-;-;-;podziemny w kanalizacji;0.1;Nie
5963038;473269;724530;5963038C;5947973;473069;724713;5947973C;Orange Polska S.A.;światłowodowe;-;Tak;Nie;-;-;-;podziemny w kanalizacji;0.5;Nie
6022598;473486;724976;6022598C;6579415;473173;725281;6579415C;Orange Polska S.A.;światłowodowe;-;Tak;Nie;-;-;-;podziemny w rurociągu;0.5;Nie
5703813;473232;725097;5703813C;6157888;473299;725099;6157888C;Orange Polska S.A.;światłowodowe;-;Tak;Nie;-;-;-;podziemny w kanalizacji;0.2;Nie
6278265;473425;724442;6278265C;5733313;473369;724398;5733313C;Orange Polska S.A.;światłowodowe;-;Tak;Nie;-;-;-;podziemny w rurociągu;0.1;Nie
6430580;473486;724976;6430580C;6430578;473392;724991;6430578C;UPC POLSKA sp. z o.o.;światłowodowe;-;Tak;Nie;-;-;-;podziemny w kanalizacji;0.1;Nie
6838740;473746;725982;6838740N;6829641;474604;726155;6829641N;Orange Polska S.A.;światłowodowe;-;Tak;Nie;-;-;-;podziemny w kanalizacji;2.5;Nie
5758317;473553;726061;5758317C;5918386;473619;726018;5918386C;Orange Polska S.A.;światłowodowe;-;Tak;Nie;-;-;-;podziemny w kanalizacji;0.2;Nie
5821803;473773;726379;5821803C;6025452;473804;726247;6025452C;Orange Polska S.A.;światłowodowe;-;Tak;Nie;-;-;-;podziemny w kanalizacji;0.1;Nie
5827805;474443;726430;5827805C;6242490;474508;726609;6242490C;Orange Polska S.A.;światłowodowe;-;Tak;Nie;-;-;-;podziemny w kanalizacji;0.3;Nie
5694640;474008;726624;5694640C;5943972;474266;726700;5943972C;Orange Polska S.A.;światłowodowe;-;Tak;Nie;-;-;-;podziemny w kanalizacji;0.5;Nie
5972903;473187;726685;5972903C;6240415;473068;726687;6240415C;Orange Polska S.A.;światłowodowe;-;Tak;Nie;-;-;-;podziemny w kanalizacji;0.2;Nie
6433831;473518;725285;6433831C;6259405;473586;725209;6259405C;Orange Polska S.A.;światłowodowe;-;Tak;Nie;-;-;-;podziemny w kanalizacji;0.1;Nie
6270076;473586;725209;6270076C;6433831;473518;725285;6433831C;Orange Polska S.A.;światłowodowe;-;Tak;Nie;-;-;-;podziemny w kanalizacji;0.2;Nie
5830908;473737;725943;5830908C;5830949;473839;725636;5830949C;Orange Polska S.A.;światłowodowe;-;Tak;Nie;-;-;-;podziemny w kanalizacji;0.6;Nie
5725514;473749;725403;5725514C;5905278;473756;725312;5905278C;Orange Polska S.A.;światłowodowe;-;Tak;Nie;-;-;-;podziemny w kanalizacji;0.2;Nie
5909311;473595;724770;5909311C;5705458;473423;724951;5705458C;Orange Polska S.A.;światłowodowe;-;Tak;Nie;-;-;-;podziemny w kanalizacji;0.3;Nie
6235656;473526;724513;6235656C;6278265;473425;724442;6278265C;Orange Polska S.A.;światłowodowe;-;Tak;Nie;-;-;-;podziemny w kanalizacji;0.3;Nie
6302147;473538;724749;6302147C;6476204;473526;724513;6476204C;Orange Polska S.A.;światłowodowe;-;Tak;Nie;-;-;-;podziemny w kanalizacji;0.5;Nie
6302147;473538;724749;6302147C;5954136;473551;724609;5954136C;Orange Polska S.A.;światłowodowe;-;Tak;Nie;-;-;-;podziemny w kanalizacji;0.3;Nie
6302147;473538;724749;6302147C;6988337;473604;724541;6988337N;Orange Polska S.A.;światłowodowe;-;Tak;Nie;-;-;-;podziemny w kanalizacji;0.4;Nie
6634095;473415;724493;6634095N;6633329;473490;724433;6633329N;UPC POLSKA sp. z o.o.;światłowodowe;-;Tak;Nie;-;-;-;podziemny w kanalizacji;0.2;Nie
5683498;473530;724712;5683498C;6251156;473549;724496;6251156C;Orange Polska S.A.;światłowodowe;-;Tak;Nie;-;-;-;podziemny w kanalizacji;0.4;Nie
5673547;473479;724823;5673547C;6634095;473415;724493;6634095N;UPC POLSKA sp. z o.o.;światłowodowe;-;Tak;Nie;-;-;-;podziemny w kanalizacji;0.7;Nie
6562615;473561;724686;6562615C;6987571;473505;724626;6987571N;Orange Polska S.A.;światłowodowe;-;Tak;Nie;-;-;-;podziemny w kanalizacji;0.2;Nie
6333595;473256;724361;6333595C;6398262;473217;724249;6398262C;Światłowód Inwestycje Sp. z o. o.;światłowodowe;-;Tak;Nie;-;-;-;podziemny w rurociągu;0.3;Nie
6766374;473266;724392;6766374N;6491146;473233;724365;6491146C;MULTIMEDIA  POLSKA  Sp. z o. o.;światłowodowe;-;Nie;Nie;-;-;-;podziemny;0.1;Nie
5941486;473103;724396;5941486C;6163028;472931;724371;6163028C;Orange Polska S.A.;światłowodowe;-;Tak;Nie;-;-;-;podziemny w kanalizacji;0.2;Nie
6766374;473266;724392;6766374N;6491141;473203;724434;6491141C;MULTIMEDIA  POLSKA  Sp. z o. o.;światłowodowe;-;Nie;Nie;-;-;-;podziemny;0.1;Nie
5941486;473103;724396;5941486C;6230319;473137;724257;6230319C;Orange Polska S.A.;światłowodowe;-;Tak;Nie;-;-;-;podziemny w kanalizacji;0.2;Nie
5691463;473140;724321;5691463C;6555921;473200;724336;6555921C;Orange Polska S.A.;światłowodowe;-;Tak;Nie;-;-;-;podziemny w kanalizacji;0.3;Nie
6837743;474286;723932;6837743N;6276678;473102;723889;6276678C;Orange Polska S.A.;światłowodowe;-;Tak;Nie;-;-;-;podziemny w kanalizacji;1.3;Nie
6837743;474286;723932;6837743N;5933451;473386;724914;5933451C;Orange Polska S.A.;światłowodowe;-;Tak;Nie;-;-;-;podziemny w kanalizacji;1.4;Nie
6198527;473561;724804;6198527C;6198432;474347;723836;6198432C;NETIA S.A.;światłowodowe;-;Nie;Nie;-;-;-;podziemny;1.7;Nie
5983451;474291;725388;5983451C;6353777;473809;725031;6353777C;Światłowód Inwestycje Sp. z o. o.;światłowodowe;-;Tak;Nie;-;-;-;podziemny w kanalizacji;1.8;Nie
7119415;473269;724938;7119415N;6748624;473609;724657;6748624N;NETIA S.A.;światłowodowe;-;Nie;Nie;-;-;-;podziemny;0.6;Nie
7119415;473269;724938;7119415N;6749518;473530;724712;6749518N;NETIA S.A.;światłowodowe;-;Nie;Nie;-;-;-;podziemny;0.5;Nie
5941486;473103;724396;5941486C;5965301;473120;724283;5965301C;Orange Polska S.A.;światłowodowe;-;Tak;Nie;-;-;-;podziemny w kanalizacji;0.2;Nie
5941486;473103;724396;5941486C;5691463;473140;724321;5691463C;Orange Polska S.A.;światłowodowe;-;Tak;Nie;-;-;-;podziemny w rurociągu;0.2;Nie
5941486;473103;724396;5941486C;5711245;473256;724361;5711245C;Orange Polska S.A.;światłowodowe;-;Tak;Nie;-;-;-;podziemny w kanalizacji;0.3;Nie
6491138;473200;724336;6491138C;6491139;473163;724399;6491139C;MULTIMEDIA  POLSKA  Sp. z o. o.;światłowodowe;-;Nie;Nie;-;-;-;podziemny;0.1;Nie
5911782;473322;724134;5911782C;6435108;473225;724111;6435108C;Orange Polska S.A.;światłowodowe;-;Tak;Nie;-;-;-;podziemny w kanalizacji;0.2;Nie
6634280;473291;724445;6634280N;6633322;473200;724336;6633322N;UPC POLSKA sp. z o.o.;światłowodowe;-;Tak;Nie;-;-;-;podziemny w kanalizacji;0.1;Nie
6634095;473415;724493;6634095N;6632766;473256;724361;6632766N;UPC POLSKA sp. z o.o.;światłowodowe;-;Tak;Nie;-;-;-;podziemny w kanalizacji;0.1;Nie
6772673;473345;724428;6772673N;6772671;473383;724516;6772671N;MULTIMEDIA  POLSKA  Sp. z o. o.;światłowodowe;-;Nie;Nie;-;-;-;podziemny;0.1;Nie
7182281;473493;724483;7182281N;6772672;473424;724524;6772672N;MULTIMEDIA  POLSKA  Sp. z o. o.;światłowodowe;-;Nie;Nie;-;-;-;podziemny;0.1;Nie
6494835;473309;724405;6494835C;6491138;473200;724336;6491138C;MULTIMEDIA  POLSKA  Sp. z o. o.;światłowodowe;-;Nie;Nie;-;-;-;podziemny w kanalizacji;0.2;Nie
6579207;473870;724274;6579207C;6164905;473183;724069;6164905C;Orange Polska S.A.;światłowodowe;-;Tak;Nie;-;-;-;podziemny w kanalizacji;0.8;Nie
6430274;473438;724161;6430274C;6632431;473550;724184;6632431N;UPC POLSKA sp. z o.o.;światłowodowe;-;Tak;Nie;-;-;-;podziemny w kanalizacji;0.4;Nie
5968959;474350;723999;5968959C;6175576;473757;723874;6175576C;Orange Polska S.A.;światłowodowe;-;Tak;Nie;-;-;-;podziemny w kanalizacji;0.8;Nie
5805395;474062;724153;5805395C;6006704;474120;724107;6006704C;Orange Polska S.A.;światłowodowe;-;Tak;Nie;-;-;-;podziemny w kanalizacji;0.1;Nie
6837743;474286;723932;6837743N;5683827;474169;723877;5683827C;Orange Polska S.A.;światłowodowe;-;Tak;Nie;-;-;-;podziemny w kanalizacji;0.3;Nie
5663332;474172;723897;5663332C;5663693;474260;723924;5663693C;UPC POLSKA sp. z o.o.;światłowodowe;-;Tak;Nie;-;-;-;podziemny w kanalizacji;0.2;Nie
6837743;474286;723932;6837743N;6023274;473333;723965;6023274C;Orange Polska S.A.;światłowodowe;-;Tak;Nie;-;-;-;podziemny w kanalizacji;1.2;Nie
6837743;474286;723932;6837743N;6996117;473491;724171;6996117N;Orange Polska S.A.;światłowodowe;-;Tak;Nie;-;-;-;podziemny w kanalizacji;1.3;Nie
5813796;472953;723912;5813796C;5703057;473423;723839;5703057C;Orange Polska S.A.;światłowodowe;-;Tak;Nie;-;-;-;podziemny w kanalizacji;0.5;Nie
5794507;472953;723912;5794507C;6126650;472956;723926;6126650C;Światłowód Inwestycje Sp. z o. o.;światłowodowe;-;Tak;Nie;-;-;-;podziemny w kanalizacji;0.1;Nie
5688419;473041;723934;5688419C;5688448;473003;723924;5688448C;Orange Polska S.A.;światłowodowe;-;Tak;Nie;-;-;-;podziemny w kanalizacji;0.1;Nie
6198880;473102;723889;6198880C;7006523;473100;723908;7006523N;NETIA S.A.;światłowodowe;-;Nie;Nie;-;-;-;podziemny;0.1;Nie
6023274;473333;723965;6023274C;7076847;473169;723883;7076847N;Orange Polska S.A.;światłowodowe;-;Tak;Nie;-;-;-;podziemny w kanalizacji;0.3;Nie
5703057;473423;723839;5703057C;5919628;473235;723846;5919628C;Orange Polska S.A.;światłowodowe;-;Tak;Nie;-;-;-;podziemny w kanalizacji;0.1;Nie
6198880;473102;723889;6198880C;7008570;473061;723904;7008570N;NETIA S.A.;światłowodowe;-;Nie;Nie;-;-;-;podziemny;0.1;Nie
5941486;473103;724396;5941486C;6578110;472722;724734;6578110C;Orange Polska S.A.;światłowodowe;-;Tak;Nie;-;-;-;podziemny w kanalizacji;0.6;Nie
6578110;472722;724734;6578110C;6009719;472962;724577;6009719C;Orange Polska S.A.;światłowodowe;-;Tak;Nie;-;-;-;podziemny w kanalizacji;0.3;Nie
6634643;472740;724739;6634643N;5663278;473579;723996;5663278C;UPC POLSKA sp. z o.o.;światłowodowe;-;Tak;Nie;-;-;-;podziemny w kanalizacji;1.4;Nie
5813796;472953;723912;5813796C;5705196;472886;723902;5705196C;Orange Polska S.A.;światłowodowe;-;Tak;Nie;-;-;-;podziemny w kanalizacji;0.2;Nie
5941486;473103;724396;5941486C;6599448;472958;724170;6599448C;Orange Polska S.A.;światłowodowe;-;Tak;Nie;-;-;-;podziemny w kanalizacji;0.4;Nie
5911782;473322;724134;5911782C;5941486;473103;724396;5941486C;Orange Polska S.A.;światłowodowe;-;Tak;Nie;-;-;-;podziemny w kanalizacji;0.4;Nie
5692959;472956;724096;5692959C;6175078;473017;724167;6175078C;Orange Polska S.A.;światłowodowe;-;Tak;Nie;-;-;-;podziemny w kanalizacji;0.2;Nie
7008568;473140;724321;7008568N;6198858;473526;724513;6198858C;NETIA S.A.;światłowodowe;-;Nie;Nie;-;-;-;podziemny;0.5;Nie
6214144;473549;724737;6214144C;6214130;472666;725817;6214130C;NAUKOWA I AKADEMICKA SIEĆ KOMPUTEROWA - PAŃSTWOWY INSTYTUT BADAWCZY;światłowodowe;-;Nie;Nie;-;-;-;podziemny w kanalizacji;1.5;Nie
5709391;472811;725536;5709391C;5910418;473392;724991;5910418C;Orange Polska S.A.;światłowodowe;-;Tak;Nie;-;-;-;podziemny w kanalizacji;1.4;Nie
5703813;473232;725097;5703813C;5910418;473392;724991;5910418C;Orange Polska S.A.;światłowodowe;-;Tak;Nie;-;-;-;podziemny w kanalizacji;0.5;Nie
5703813;473232;725097;5703813C;5709391;472811;725536;5709391C;Orange Polska S.A.;światłowodowe;-;Tak;Nie;-;-;-;podziemny w kanalizacji;0.6;Nie
5703813;473232;725097;5703813C;5742293;472964;724919;5742293C;Orange Polska S.A.;światłowodowe;-;Tak;Nie;-;-;-;podziemny w kanalizacji;0.4;Nie
6198268;473486;724976;6198268C;6198248;473269;724938;6198248C;NETIA S.A.;światłowodowe;-;Nie;Nie;-;-;-;podziemny;0.3;Nie
7119424;473351;724954;7119424N;6198248;473269;724938;6198248C;NETIA S.A.;światłowodowe;-;Nie;Nie;-;-;-;podziemny;0.1;Nie
7119415;473269;724938;7119415N;7008365;473266;725057;7008365N;NETIA S.A.;światłowodowe;-;Nie;Nie;-;-;-;podziemny;0.2;Nie
6578110;472722;724734;6578110C;5969662;472580;724541;5969662C;Orange Polska S.A.;światłowodowe;-;Tak;Nie;-;-;-;podziemny w kanalizacji;0.3;Nie
6578110;472722;724734;6578110C;5917042;472693;724698;5917042C;Orange Polska S.A.;światłowodowe;-;Tak;Nie;-;-;-;podziemny w kanalizacji;0.1;Nie
6224983;474312;723951;6224983C;6294673;472720;725696;6294673C;Orange Polska S.A.;światłowodowe;-;Tak;Nie;-;-;-;podziemny w kanalizacji;2.5;Nie
6837743;474286;723932;6837743N;5709391;472811;725536;5709391C;Orange Polska S.A.;światłowodowe;-;Tak;Nie;-;-;-;podziemny;2.3;Nie
6837743;474286;723932;6837743N;5735236;472849;725432;5735236C;Orange Polska S.A.;światłowodowe;-;Tak;Nie;-;-;-;podziemny w rurociągu;2.5;Nie
5705196;472886;723902;5705196C;5986676;472854;723899;5986676C;Orange Polska S.A.;światłowodowe;-;Tak;Nie;-;-;-;podziemny w kanalizacji;0.1;Nie
6199094;474105;724465;6199094C;6199095;472999;725551;6199095C;NETIA S.A.;światłowodowe;-;Nie;Nie;-;-;-;podziemny;1.6;Nie
6598484;472453;727009;6598484C;5761235;472420;727064;5761235C;Orange Polska S.A.;światłowodowe;-;Tak;Nie;-;-;-;podziemny w kanalizacji;0.2;Nie
6598484;472453;727009;6598484C;5923585;472537;726996;5923585C;Orange Polska S.A.;światłowodowe;-;Tak;Nie;-;-;-;podziemny w kanalizacji;0.2;Nie
5923585;472537;726996;5923585C;5697988;472619;726828;5697988C;Orange Polska S.A.;światłowodowe;-;Tak;Nie;-;-;-;podziemny w kanalizacji;0.3;Nie
5697988;472619;726828;5697988C;6418594;472544;726626;6418594C;Orange Polska S.A.;światłowodowe;-;Tak;Nie;-;-;-;podziemny w kanalizacji;0.4;Nie
6420855;472549;726700;6420855C;5653937;472569;726710;5653937C;Orange Polska S.A.;światłowodowe;-;Tak;Nie;-;-;-;podziemny w rurociągu;0.1;Nie
5972903;473187;726685;5972903C;6406696;472971;726762;6406696C;Orange Polska S.A.;światłowodowe;-;Tak;Nie;-;-;-;podziemny w kanalizacji;0.4;Nie
5669474;473512;726801;5669474C;6634275;473408;726486;6634275N;UPC POLSKA sp. z o.o.;światłowodowe;-;Tak;Nie;-;-;-;podziemny w kanalizacji;0.7;Nie
5669474;473512;726801;5669474C;6645775;473740;726776;6645775N;UPC POLSKA sp. z o.o.;światłowodowe;-;Tak;Nie;-;-;-;podziemny w kanalizacji;0.4;Nie
5858505;473801;726739;5858505C;5911746;473677;726416;5911746C;Orange Polska S.A.;światłowodowe;-;Tak;Nie;-;-;-;podziemny w kanalizacji;0.4;Nie
5663145;473217;726479;5663145C;5669474;473512;726801;5669474C;UPC POLSKA sp. z o.o.;światłowodowe;-;Tak;Nie;-;-;-;podziemny w kanalizacji;0.1;Nie
6500743;472555;726469;6500743C;6480300;472609;726866;6480300C;3s Spółka Akcyjna;światłowodowe;-;Tak;Nie;-;-;-;podziemny w kanalizacji;0.6;Nie
6037428;473391;726296;6037428C;6839116;472733;727034;6839116N;Orange Polska S.A.;światłowodowe;-;Tak;Nie;-;-;-;podziemny w kanalizacji;1.5;Nie
5691544;473472;727046;5691544C;5942676;472731;726515;5942676C;Orange Polska S.A.;światłowodowe;-;Tak;Nie;-;-;-;podziemny w kanalizacji;0.1;Nie
5671330;472838;726615;5671330C;6632575;472821;726810;6632575N;UPC POLSKA sp. z o.o.;światłowodowe;-;Tak;Nie;-;-;-;podziemny w kanalizacji;0.1;Nie
6632575;472821;726810;6632575N;6632574;472848;726723;6632574N;UPC POLSKA sp. z o.o.;światłowodowe;-;Tak;Nie;-;-;-;podziemny w kanalizacji;0.1;Nie
5671330;472838;726615;5671330C;6647098;473021;726733;6647098N;UPC POLSKA sp. z o.o.;światłowodowe;-;Tak;Nie;-;-;-;podziemny w kanalizacji;0.5;Nie
5763736;472609;726866;5763736C;6839116;472733;727034;6839116N;Orange Polska S.A.;światłowodowe;-;Tak;Nie;-;-;-;podziemny w kanalizacji;0.5;Nie
5858505;473801;726739;5858505C;6528947;473997;726793;6528947C;Orange Polska S.A.;światłowodowe;-;Tak;Nie;-;-;-;podziemny w kanalizacji;0.5;Nie
5700979;474097;726815;5700979C;6532001;474110;726822;6532001C;Orange Polska S.A.;światłowodowe;-;Tak;Nie;-;-;-;podziemny w kanalizacji;0.1;Nie
6561970;474154;726754;6561970C;5752781;474327;726794;5752781C;Orange Polska S.A.;światłowodowe;-;Tak;Nie;-;-;-;podziemny;0.2;Nie
6634120;474527;726825;6634120N;6634119;474478;726883;6634119N;UPC POLSKA sp. z o.o.;światłowodowe;-;Tak;Nie;-;-;-;podziemny w kanalizacji;0.1;Nie
5682970;474685;726779;5682970C;5682958;474679;726790;5682958C;Orange Polska S.A.;światłowodowe;-;Tak;Nie;-;-;-;podziemny w rurociągu;0.1;Nie
5858505;473801;726739;5858505C;5747739;473871;726708;5747739C;Orange Polska S.A.;światłowodowe;-;Tak;Nie;-;-;-;podziemny w kanalizacji;0.2;Nie
5669474;473512;726801;5669474C;5663639;474254;725451;5663639C;UPC POLSKA sp. z o.o.;światłowodowe;-;Tak;Nie;-;-;-;podziemny w kanalizacji;0.1;Nie
5703813;473232;725097;5703813C;6056364;473097;725335;6056364C;Orange Polska S.A.;światłowodowe;-;Tak;Nie;-;-;-;podziemny w kanalizacji;0.7;Nie
6634640;473234;724871;6634640N;5673547;473479;724823;5673547C;UPC POLSKA sp. z o.o.;światłowodowe;-;Tak;Nie;-;-;-;podziemny w kanalizacji;0.3;Nie
6430805;473485;724837;6430805C;6430578;473392;724991;6430578C;UPC POLSKA sp. z o.o.;światłowodowe;-;Tak;Nie;-;-;-;podziemny w kanalizacji;0.3;Nie
6746279;473487;725390;6746279N;7008915;473436;725502;7008915N;LOGITUS Sp. z o.o.;światłowodowe;-;Nie;Nie;-;-;-;podziemny w rurociągu;0.2;Nie
6533334;473436;725502;6533334C;5696379;473520;725594;5696379C;Orange Polska S.A.;światłowodowe;-;Tak;Nie;-;-;-;podziemny w kanalizacji;0.1;Nie
5746131;473305;725019;5746131C;6977465;472596;725833;6977465N;Orange Polska S.A.;światłowodowe;-;Tak;Nie;-;-;-;podziemny w kanalizacji;1.4;Nie
6198268;473486;724976;6198268C;6199123;472628;725852;6199123C;NETIA S.A.;światłowodowe;-;Nie;Nie;-;-;-;podziemny;1.3;Nie
6634700;472227;724810;6634700N;6430791;472227;725000;6430791C;UPC POLSKA sp. z o.o.;światłowodowe;-;Tak;Nie;-;-;-;podziemny w kanalizacji;0.1;Nie
6430791;472227;725000;6430791C;6634701;472331;725162;6634701N;UPC POLSKA sp. z o.o.;światłowodowe;-;Tak;Nie;-;-;-;podziemny w kanalizacji;0.1;Nie
6291190;472246;725018;6291190C;6556856;472256;724959;6556856C;Orange Polska S.A.;światłowodowe;-;Tak;Nie;-;-;-;podziemny w kanalizacji;0.2;Nie
6021099;472556;725425;6021099C;5812497;472299;725284;5812497C;Orange Polska S.A.;światłowodowe;-;Tak;Nie;-;-;-;podziemny w kanalizacji;0.4;Nie
5697768;472321;725084;5697768C;5697776;472324;725071;5697776C;Orange Polska S.A.;światłowodowe;-;Tak;Nie;-;-;-;podziemny w rurociągu;0.1;Nie
6031142;472281;725060;6031142C;6468787;472284;725045;6468787C;Orange Polska S.A.;światłowodowe;-;Tak;Nie;-;-;-;podziemny w rurociągu;0.1;Nie
5834921;472318;725100;5834921C;5697768;472321;725084;5697768C;Orange Polska S.A.;światłowodowe;-;Tak;Nie;-;-;-;podziemny w rurociągu;0.1;Nie
6468787;472284;725045;6468787C;6273837;472288;725029;6273837C;Orange Polska S.A.;światłowodowe;-;Tak;Nie;-;-;-;podziemny w rurociągu;0.1;Nie
6291190;472246;725018;6291190C;6291174;472283;724987;6291174C;Orange Polska S.A.;światłowodowe;-;Tak;Nie;-;-;-;podziemny w kanalizacji;0.1;Nie
5920104;475062;724322;5920104C;6582795;475054;724433;6582795C;Orange Polska S.A.;światłowodowe;-;Tak;Nie;-;-;-;podziemny;0.2;Nie
5920104;475062;724322;5920104C;5800368;475113;724428;5800368C;Orange Polska S.A.;światłowodowe;-;Tak;Nie;-;-;-;podziemny w kanalizacji;0.2;Nie
6297788;475132;724996;6297788C;5699118;475084;724951;5699118C;Orange Polska S.A.;światłowodowe;-;Tak;Nie;-;-;-;podziemny w kanalizacji;0.1;Nie
6297788;475132;724996;6297788C;5704846;475151;725362;5704846C;Orange Polska S.A.;światłowodowe;-;Tak;Nie;-;-;-;podziemny w kanalizacji;0.4;Nie
5858395;474488;723941;5858395C;5858394;474054;725302;5858394C;"VECTRA Investments" Spółka z ograniczoną odpowiedzialnością Spółka jawna;światłowodowe;-;Nie;Nie;-;-;-;podziemny w kanalizacji;2.5;Nie
7164764;474116;725363;7164764N;7164761;474933;724976;7164761N;VL Media;światłowodowe;-;Nie;Nie;-;-;-;podziemny w kanalizacji;1.4;Nie
6837743;474286;723932;6837743N;5920104;475062;724322;5920104C;Orange Polska S.A.;światłowodowe;-;Tak;Nie;-;-;-;podziemny w kanalizacji;1.7;Nie
5939940;475042;724384;5939940C;6837743;474286;723932;6837743N;Orange Polska S.A.;światłowodowe;-;Tak;Nie;-;-;-;podziemny w kanalizacji;1.7;Nie
6837743;474286;723932;6837743N;6056075;475008;724152;6056075C;Orange Polska S.A.;światłowodowe;-;Tak;Nie;-;-;-;podziemny w kanalizacji;1.3;Nie
5926928;474418;725366;5926928C;5873984;474776;725527;5873984C;Orange Polska S.A.;światłowodowe;-;Tak;Nie;-;-;-;podziemny w kanalizacji;0.7;Nie
6837743;474286;723932;6837743N;5917445;474719;724120;5917445C;Orange Polska S.A.;światłowodowe;-;Tak;Nie;-;-;-;podziemny w kanalizacji;1;Nie
6578972;474990;723649;6578972C;6578971;474330;724124;6578971C;GDAŃSK-MIASTO NA PRAWACH POWIATU;światłowodowe;-;Nie;Nie;-;-;-;podziemny w kanalizacji;1.1;Nie
6567458;474366;723784;6567458C;6540466;474333;723709;6540466C;Orange Polska S.A.;światłowodowe;-;Tak;Nie;-;-;-;podziemny w kanalizacji;0.2;Nie
5780532;474480;723895;5780532C;6579188;474617;723766;6579188C;Orange Polska S.A.;światłowodowe;-;Tak;Nie;-;-;-;podziemny w kanalizacji;0.2;Nie
6969109;475144;723972;6969109N;6969001;474904;724029;6969001N;GDAŃSK-MIASTO NA PRAWACH POWIATU;światłowodowe;-;Nie;Nie;-;-;-;podziemny w kanalizacji;6;Nie
6969109;475144;723972;6969109N;6578972;474990;723649;6578972C;GDAŃSK-MIASTO NA PRAWACH POWIATU;światłowodowe;-;Nie;Nie;-;-;-;podziemny w kanalizacji;0.6;Nie
5834586;474930;723722;5834586C;6052767;475070;723649;6052767C;Orange Polska S.A.;światłowodowe;-;Tak;Nie;-;-;-;podziemny w kanalizacji;0.3;Nie
6766442;474615;723762;6766442N;6429644;474244;723863;6429644C;UPC POLSKA sp. z o.o.;światłowodowe;-;Tak;Nie;-;-;-;podziemny w kanalizacji;0.5;Nie
6837743;474286;723932;6837743N;5667702;474617;723766;5667702C;Orange Polska S.A.;światłowodowe;-;Tak;Nie;-;-;-;podziemny w kanalizacji;0.6;Nie
6283652;474868;723788;6283652C;6837743;474286;723932;6837743N;Orange Polska S.A.;światłowodowe;-;Tak;Nie;-;-;-;podziemny w kanalizacji;1.3;Nie
5703363;475052;723828;5703363C;6837743;474286;723932;6837743N;Orange Polska S.A.;światłowodowe;-;Tak;Nie;-;-;-;podziemny;1.6;Nie
6593264;473039;724073;6593264C;6593260;474480;723895;6593260C;Towerlink Poland Sp. z o. o.;światłowodowe;-;Tak;Tak;-;-;-;podziemny;2.5;Nie
5936190;472465;723905;5936190C;5692959;472956;724096;5692959C;Orange Polska S.A.;światłowodowe;-;Tak;Nie;-;-;-;podziemny w kanalizacji;0.6;Nie
5936190;472465;723905;5936190C;6057411;472744;724011;6057411C;Orange Polska S.A.;światłowodowe;-;Tak;Nie;-;-;-;podziemny w kanalizacji;0.3;Nie
5692711;472136;724950;5692711C;6031142;472281;725060;6031142C;Orange Polska S.A.;światłowodowe;-;Tak;Nie;-;-;-;podziemny w kanalizacji;0.3;Nie
5692711;472136;724950;5692711C;5726416;472149;725008;5726416C;Orange Polska S.A.;światłowodowe;-;Tak;Nie;-;-;-;podziemny w kanalizacji;0.2;Nie
5692711;472136;724950;5692711C;5692742;472185;725046;5692742C;Orange Polska S.A.;światłowodowe;-;Tak;Nie;-;-;-;podziemny w kanalizacji;0.2;Nie
6022631;472259;724757;6022631C;5991400;472333;724793;5991400C;Orange Polska S.A.;światłowodowe;-;Tak;Nie;-;-;-;podziemny w kanalizacji;0.3;Nie
5693684;472502;726188;5693684C;6562615;473561;724686;6562615C;Orange Polska S.A.;światłowodowe;-;Tak;Nie;-;-;-;podziemny w kanalizacji;0.3;Nie
5709391;472811;725536;5709391C;5692711;472136;724950;5692711C;Orange Polska S.A.;światłowodowe;-;Tak;Nie;-;-;-;podziemny w kanalizacji;1.3;Nie
5692711;472136;724950;5692711C;5939650;472227;725000;5939650C;Orange Polska S.A.;światłowodowe;-;Tak;Nie;-;-;-;podziemny w kanalizacji;0.2;Nie
5692711;472136;724950;5692711C;6291190;472246;725018;6291190C;Orange Polska S.A.;światłowodowe;-;Tak;Nie;-;-;-;podziemny w kanalizacji;0.3;Nie
5933451;473386;724914;5933451C;6411981;472192;725318;6411981C;Orange Polska S.A.;światłowodowe;-;Tak;Nie;-;-;-;podziemny w kanalizacji;1.7;Nie
6633323;474599;724430;6633323N;6978065;474623;724342;6978065N;UPC POLSKA sp. z o.o.;światłowodowe;-;Tak;Nie;-;-;-;podziemny;0.1;Nie
5693684;472502;726188;5693684C;5693655;473802;724578;5693655C;Orange Polska S.A.;światłowodowe;-;Tak;Nie;-;-;-;podziemny w kanalizacji;0.2;Nie
6430792;472185;724695;6430792C;6430793;472163;724711;6430793C;UPC POLSKA sp. z o.o.;światłowodowe;-;Tak;Nie;-;-;-;podziemny w kanalizacji;0.1;Nie
5692711;472136;724950;5692711C;6022631;472259;724757;6022631C;Orange Polska S.A.;światłowodowe;-;Tak;Nie;-;-;-;podziemny w kanalizacji;0.3;Nie
6591740;474252;724000;6591740C;6591050;472628;725852;6591050C;Towerlink Poland Sp. z o. o.;światłowodowe;-;Tak;Tak;-;-;-;podziemny;2.9;Nie
5822843;472021;726204;5822843C;6837856;472149;725008;6837856N;Orange Polska S.A.;światłowodowe;-;Tak;Nie;-;-;-;podziemny w kanalizacji;2.1;Nie
5692742;472185;725046;5692742C;6543734;472099;725149;6543734C;Orange Polska S.A.;światłowodowe;-;Tak;Nie;-;-;-;podziemny w kanalizacji;0.2;Nie
6022631;472259;724757;6022631C;5917045;472109;724671;5917045C;Orange Polska S.A.;światłowodowe;-;Tak;Nie;-;-;-;podziemny w kanalizacji;0.3;Nie
6829641;474604;726155;6829641N;6471368;474828;727045;6471368C;Orange Polska S.A.;światłowodowe;-;Tak;Nie;-;-;-;podziemny w kanalizacji;1.3;Nie
5822843;472021;726204;5822843C;5937164;472258;726470;5937164C;Orange Polska S.A.;światłowodowe;-;Tak;Nie;-;-;-;podziemny w kanalizacji;0.4;Nie
5686739;474746;726714;5686739C;5944118;474822;726839;5944118C;Orange Polska S.A.;światłowodowe;-;Tak;Nie;-;-;-;podziemny w kanalizacji;0.3;Nie
5808498;474783;727035;5808498C;5686739;474746;726714;5686739C;Orange Polska S.A.;światłowodowe;-;Tak;Nie;-;-;-;podziemny w kanalizacji;0.6;Nie
5670469;474804;727085;5670469C;6634257;474838;727010;6634257N;UPC POLSKA sp. z o.o.;światłowodowe;-;Tak;Nie;-;-;-;podziemny;0.2;Nie
6831068;474836;727055;6831068N;6155912;474835;726637;6155912C;Orange Polska S.A.;światłowodowe;-;Tak;Nie;-;-;-;podziemny w kanalizacji;1.1;Nie
6634690;474600;723813;6634690N;6632772;474691;724026;6632772N;UPC POLSKA sp. z o.o.;światłowodowe;-;Tak;Nie;-;-;-;podziemny w kanalizacji;0.4;Nie
7104282;474744;723813;7104282N;7104310;472225;726638;7104310N;mBit Mariusz Krupiński;światłowodowe;-;Nie;Nie;-;-;-;podziemny w kanalizacji;4.2;Nie
7173427;474389;726755;7173427N;7173471;472117;723840;7173471N;ENERGA-OPERATOR S.A.;światłowodowe;-;Tak;Nie;-;-;-;napowietrzny;5;Nie
7173471;472117;723840;7173471N;7174062;473069;725248;7174062N;ENERGA-OPERATOR S.A.;światłowodowe;-;Tak;Nie;-;-;-;podziemny w kanalizacji;2.3;Nie
6837743;474286;723932;6837743N;6269893;473133;723901;6269893C;Orange Polska S.A.;światłowodowe;-;Tak;Nie;-;-;-;podziemny w kanalizacji;1.6;Nie
6837743;474286;723932;6837743N;5693684;472502;726188;5693684C;Orange Polska S.A.;światłowodowe;-;Tak;Nie;-;-;-;podziemny w kanalizacji;1.1;Nie
6591970;474312;723951;6591970C;6591971;472354;726376;6591971C;Emitel S.A.;światłowodowe;-;Nie;Nie;-;-;-;podziemny w kanalizacji;3.2;Nie
6005697;471989;726237;6005697C;5693511;471980;726156;5693511C;Orange Polska S.A.;światłowodowe;-;Tak;Nie;-;-;-;podziemny w kanalizacji;0.3;Nie
6005697;471989;726237;6005697C;5913720;472086;725979;5913720C;Orange Polska S.A.;światłowodowe;-;Tak;Nie;-;-;-;podziemny w kanalizacji;0.4;Nie
6005697;471989;726237;6005697C;6540398;472034;726070;6540398C;Orange Polska S.A.;światłowodowe;-;Tak;Nie;-;-;-;podziemny w kanalizacji;0.3;Nie
5692711;472136;724950;5692711C;5840158;471995;725146;5840158C;Orange Polska S.A.;światłowodowe;-;Tak;Nie;-;-;-;podziemny w kanalizacji;0.4;Nie
5692711;472136;724950;5692711C;5785752;472065;724796;5785752C;Orange Polska S.A.;światłowodowe;-;Tak;Nie;-;-;-;podziemny w kanalizacji;0.3;Nie
6005697;471989;726237;6005697C;5751150;472008;726114;5751150C;Orange Polska S.A.;światłowodowe;-;Tak;Nie;-;-;-;podziemny w kanalizacji;0.2;Nie
6317263;472067;723650;6317263C;6526294;471941;723695;6526294C;Orange Polska S.A.;światłowodowe;-;Tak;Nie;-;-;-;podziemny w kanalizacji;0.2;Nie
6837743;474286;723932;6837743N;5907720;472090;723656;5907720C;Orange Polska S.A.;światłowodowe;-;Tak;Nie;-;-;-;podziemny w kanalizacji;2.5;Nie
5907720;472090;723656;5907720C;6839076;472375;723896;6839076N;Orange Polska S.A.;światłowodowe;-;Tak;Nie;-;-;-;podziemny w kanalizacji;0.4;Nie
6526294;471941;723695;6526294C;6526358;471887;723809;6526358C;Orange Polska S.A.;światłowodowe;-;Tak;Nie;-;-;-;podziemny w kanalizacji;0.3;Nie
6576986;472935;723822;6576986C;6247232;472681;723694;6247232C;Orange Polska S.A.;światłowodowe;-;Tak;Nie;-;-;-;podziemny w kanalizacji;0.4;Nie
5683827;474169;723877;5683827C;5764697;474253;723692;5764697C;Orange Polska S.A.;światłowodowe;-;Tak;Nie;-;-;-;podziemny w kanalizacji;0.4;Nie
6837743;474286;723932;6837743N;6833086;474054;723808;6833086N;Orange Polska S.A.;światłowodowe;-;Tak;Nie;-;-;-;podziemny w rurociągu;0.4;Nie
6837743;474286;723932;6837743N;6833086;474054;723808;6833086N;Orange Polska S.A.;światłowodowe;-;Tak;Nie;-;-;-;podziemny w rurociągu;0.4;Nie
6005697;471989;726237;6005697C;5692994;471839;726398;5692994C;Orange Polska S.A.;światłowodowe;-;Tak;Nie;-;-;-;podziemny w kanalizacji;0.4;Nie
5692994;471839;726398;5692994C;6227536;471851;726368;6227536C;Orange Polska S.A.;światłowodowe;-;Tak;Nie;-;-;-;podziemny w kanalizacji;0.1;Nie
6647100;472071;727011;6647100N;5663689;472140;727024;5663689C;UPC POLSKA sp. z o.o.;światłowodowe;-;Tak;Nie;-;-;-;podziemny w kanalizacji;0.1;Nie
6838756;473912;726615;6838756N;6831068;474836;727055;6831068N;Orange Polska S.A.;światłowodowe;-;Tak;Nie;-;-;-;podziemny w kanalizacji;2.2;Nie
6596117;474765;726675;6596117C;7049612;474164;726325;7049612N;Towerlink Poland Sp. z o. o.;światłowodowe;-;Tak;Tak;-;-;-;podziemny;1.1;Nie
6645680;474790;726703;6645680N;6645681;474523;726201;6645681N;UPC POLSKA sp. z o.o.;światłowodowe;-;Nie;Nie;-;-;-;podziemny w kanalizacji;0.9;Nie
6969109;475144;723972;6969109N;6968995;471793;727162;6968995N;GDAŃSK-MIASTO NA PRAWACH POWIATU;światłowodowe;-;Nie;Nie;-;-;-;podziemny w kanalizacji;7.5;Nie
6968995;471793;727162;6968995N;6578975;472387;726452;6578975C;GDAŃSK-MIASTO NA PRAWACH POWIATU;światłowodowe;-;Nie;Nie;-;-;-;podziemny w kanalizacji;0.3;Nie
6548442;471844;723967;6548442C;6440776;471848;723988;6440776C;Orange Polska S.A.;światłowodowe;-;Tak;Nie;-;-;-;podziemny w rurociągu;0.1;Nie
6430798;471963;726177;6430798C;6634699;471974;726207;6634699N;UPC POLSKA sp. z o.o.;światłowodowe;-;Tak;Nie;-;-;-;podziemny w kanalizacji;0.1;Nie
6546063;471995;724608;6546063C;6039215;472228;724689;6039215C;Orange Polska S.A.;światłowodowe;-;Tak;Nie;-;-;-;podziemny w kanalizacji;0.2;Nie
6022631;472259;724757;6022631C;6546063;471995;724608;6546063C;Orange Polska S.A.;światłowodowe;-;Tak;Nie;-;-;-;podziemny w kanalizacji;0.4;Nie
6546063;471995;724608;6546063C;6030460;471945;724638;6030460C;Orange Polska S.A.;światłowodowe;-;Tak;Nie;-;-;-;podziemny w kanalizacji;0.3;Nie
6591968;472061;727087;6591968C;6591971;472354;726376;6591971C;Emitel S.A.;światłowodowe;-;Nie;Nie;-;-;-;podziemny w kanalizacji;0.8;Nie
5684593;476384;723062;5684593C;6544086;476234;724054;6544086C;Orange Polska S.A.;światłowodowe;-;Tak;Nie;-;-;-;podziemny w kanalizacji;0.8;Nie
6596115;476789;723691;6596115C;6596118;476234;724054;6596118C;Towerlink Poland Sp. z o. o.;światłowodowe;-;Tak;Tak;-;-;-;podziemny;1.5;Nie
6876107;476578;723040;6876107N;5874127;476402;722931;5874127C;EXATEL S.A.;światłowodowe;-;Nie;Nie;-;-;-;podziemny;0.4;Nie
6939037;476789;723691;6939037N;6938995;476573;723492;6938995N;GRUPA RADIOWA AGORY Sp. z o.o.;światłowodowe;-;Nie;Nie;-;-;-;podziemny w kanalizacji;0.8;Nie
6198480;476234;724054;6198480C;6198452;476302;723994;6198452C;NETIA S.A.;światłowodowe;-;Nie;Nie;-;-;-;podziemny;0.1;Nie
6569406;476215;723989;6569406C;5763157;476409;723821;5763157C;Orange Polska S.A.;światłowodowe;-;Tak;Nie;-;-;-;podziemny w kanalizacji;0.3;Nie
5928429;476065;723964;5928429C;5946416;476028;723835;5946416C;Orange Polska S.A.;światłowodowe;-;Tak;Nie;-;-;-;podziemny w kanalizacji;0.2;Nie
5678328;476180;723950;5678328C;5915118;476101;723926;5915118C;Orange Polska S.A.;światłowodowe;-;Tak;Nie;-;-;-;podziemny w kanalizacji;0.1;Nie
5678328;476180;723950;5678328C;5779006;475874;723999;5779006C;Orange Polska S.A.;światłowodowe;-;Tak;Nie;-;-;-;podziemny w kanalizacji;0.3;Nie
5928429;476065;723964;5928429C;6252800;476039;723900;6252800C;Orange Polska S.A.;światłowodowe;-;Tak;Nie;-;-;-;podziemny w kanalizacji;0.1;Nie
6198752;476127;723897;6198752C;6198753;476065;723964;6198753C;NETIA S.A.;światłowodowe;-;Nie;Nie;-;-;-;podziemny;0.2;Nie
6198452;476302;723994;6198452C;6749371;476350;723834;6749371N;NETIA S.A.;światłowodowe;-;Nie;Nie;-;-;-;podziemny;0.3;Nie
6198452;476302;723994;6198452C;6749372;476146;723974;6749372N;NETIA S.A.;światłowodowe;-;Nie;Nie;-;-;-;podziemny;0.3;Nie
5969216;474990;723575;5969216C;6269301;474717;723287;6269301C;Orange Polska S.A.;światłowodowe;-;Tak;Nie;-;-;-;podziemny w kanalizacji;0.5;Nie
5652530;474360;723554;5652530C;5754569;474379;723528;5754569C;Orange Polska S.A.;światłowodowe;-;Tak;Nie;-;-;-;podziemny;0.1;Nie
6554832;474463;723531;6554832C;5971876;474458;723560;5971876C;Orange Polska S.A.;światłowodowe;-;Tak;Nie;-;-;-;podziemny w kanalizacji;0.2;Nie
6229905;474749;723690;6229905C;6561055;474692;723536;6561055C;Orange Polska S.A.;światłowodowe;-;Tak;Nie;-;-;-;podziemny w kanalizacji;0.3;Nie
5937120;475684;723605;5937120C;6544086;476234;724054;6544086C;Orange Polska S.A.;światłowodowe;-;Tak;Nie;-;-;-;podziemny w kanalizacji;0.3;Nie
6214145;475836;723012;6214145C;6216040;475909;723092;6216040C;NAUKOWA I AKADEMICKA SIEĆ KOMPUTEROWA - PAŃSTWOWY INSTYTUT BADAWCZY;światłowodowe;-;Nie;Nie;-;-;-;podziemny w kanalizacji;0.2;Nie
6593275;475969;724035;6593275C;6591920;476372;722942;6591920C;Towerlink Poland Sp. z o. o.;światłowodowe;-;Tak;Tak;-;-;-;podziemny;1.6;Nie
6198437;475981;723682;6198437C;6198480;476234;724054;6198480C;NETIA S.A.;światłowodowe;-;Nie;Nie;-;-;-;podziemny;0.5;Nie
5878666;476045;723617;5878666C;5874127;476402;722931;5874127C;EXATEL S.A.;światłowodowe;-;Nie;Nie;-;-;-;podziemny;0.9;Nie
6544086;476234;724054;6544086C;6569406;476215;723989;6569406C;Orange Polska S.A.;światłowodowe;-;Tak;Nie;-;-;-;podziemny w kanalizacji;0.5;Nie
6837743;474286;723932;6837743N;5827799;474551;722931;5827799C;Orange Polska S.A.;światłowodowe;-;Tak;Nie;-;-;-;podziemny w kanalizacji;1.9;Nie
6269301;474717;723287;6269301C;5716587;474685;723253;5716587C;Orange Polska S.A.;światłowodowe;-;Tak;Nie;-;-;-;podziemny w kanalizacji;0.2;Nie
6591974;475175;723558;6591974C;6591970;474312;723951;6591970C;Emitel S.A.;światłowodowe;-;Nie;Nie;-;-;-;podziemny w kanalizacji;1.5;Nie
6591975;474521;723599;6591975C;6591974;475175;723558;6591974C;Emitel S.A.;światłowodowe;-;Nie;Nie;-;-;-;podziemny w kanalizacji;0.9;Nie
6591970;474312;723951;6591970C;6591975;474521;723599;6591975C;Emitel S.A.;światłowodowe;-;Nie;Nie;-;-;-;podziemny w kanalizacji;1;Nie
6198235;476289;723073;6198235C;6198432;474347;723836;6198432C;NETIA S.A.;światłowodowe;-;Nie;Nie;-;-;-;podziemny;3.1;Nie
6440768;474344;721101;6440768C;5935349;474423;721211;5935349C;Orange Polska S.A.;światłowodowe;-;Tak;Nie;-;-;-;podziemny w kanalizacji;0.1;Nie
6440768;474344;721101;6440768C;5937947;474355;721157;5937947C;Orange Polska S.A.;światłowodowe;-;Tak;Nie;-;-;-;podziemny w kanalizacji;0.1;Nie
6440768;474344;721101;6440768C;6296599;474399;721148;6296599C;Orange Polska S.A.;światłowodowe;-;Tak;Nie;-;-;-;podziemny w kanalizacji;0.1;Nie
6578959;474403;721106;6578959C;6578958;474430;721249;6578958C;GDAŃSK-MIASTO NA PRAWACH POWIATU;światłowodowe;-;Nie;Nie;-;-;-;podziemny w rurociągu;0.3;Nie
5958367;474403;721106;5958367C;5992955;474457;721106;5992955C;Orange Polska S.A.;światłowodowe;-;Tak;Nie;-;-;-;podziemny w kanalizacji;0.2;Nie
7051080;474436;721150;7051080N;6543170;474423;721211;6543170C;Orange Polska S.A.;światłowodowe;-;Tak;Nie;-;-;-;podziemny w kanalizacji;0.1;Nie
6536034;474492;721172;6536034C;7051080;474436;721150;7051080N;Orange Polska S.A.;światłowodowe;-;Tak;Nie;-;-;-;podziemny w kanalizacji;0.3;Nie
7051080;474436;721150;7051080N;6473981;474974;721263;6473981C;Orange Polska S.A.;światłowodowe;-;Tak;Nie;-;-;-;podziemny w kanalizacji;1;Nie
7051080;474436;721150;7051080N;6536034;474492;721172;6536034C;Orange Polska S.A.;światłowodowe;-;Tak;Nie;-;-;-;podziemny w kanalizacji;0.3;Nie
5822009;474696;721223;5822009C;6392275;474627;721194;6392275C;Światłowód Inwestycje Sp. z o. o.;światłowodowe;-;Tak;Nie;-;-;-;podziemny w kanalizacji;0.2;Nie
6536034;474492;721172;6536034C;7051080;474436;721150;7051080N;Orange Polska S.A.;światłowodowe;-;Tak;Nie;-;-;-;podziemny w kanalizacji;0.3;Nie
6536034;474492;721172;6536034C;7051080;474436;721150;7051080N;Orange Polska S.A.;światłowodowe;-;Tak;Nie;-;-;-;podziemny w kanalizacji;0.3;Nie
5678381;474696;721223;5678381C;5988334;474729;721098;5988334C;Orange Polska S.A.;światłowodowe;-;Tak;Nie;-;-;-;podziemny w kanalizacji;0.3;Nie
5814918;476197;721143;5814918C;5665494;475972;721124;5665494C;Orange Polska S.A.;światłowodowe;-;Tak;Nie;-;-;-;podziemny w kanalizacji;0.3;Nie
6473981;474974;721263;6473981C;6267000;475193;721191;6267000C;Orange Polska S.A.;światłowodowe;-;Tak;Nie;-;-;-;podziemny w kanalizacji;0.3;Nie
5678381;474696;721223;5678381C;5945893;474668;721303;5945893C;Orange Polska S.A.;światłowodowe;-;Tak;Nie;-;-;-;podziemny w kanalizacji;0.1;Nie
6101189;476247;721007;6101189C;6328584;474836;721163;6328584C;Światłowód Inwestycje Sp. z o. o.;światłowodowe;-;Tak;Nie;-;-;-;podziemny w kanalizacji;0.2;Nie
6101189;476247;721007;6101189C;6377446;474873;721282;6377446C;Światłowód Inwestycje Sp. z o. o.;światłowodowe;-;Tak;Nie;-;-;-;podziemny w kanalizacji;0.2;Nie
6101189;476247;721007;6101189C;5993139;474894;721221;5993139C;Światłowód Inwestycje Sp. z o. o.;światłowodowe;-;Tak;Nie;-;-;-;podziemny w kanalizacji;0.2;Nie
6101189;476247;721007;6101189C;5783170;474922;721278;5783170C;Światłowód Inwestycje Sp. z o. o.;światłowodowe;-;Tak;Nie;-;-;-;podziemny w kanalizacji;0.1;Nie
6634050;474846;721058;6634050N;6645671;475005;721298;6645671N;UPC POLSKA sp. z o.o.;światłowodowe;-;Tak;Nie;-;-;-;podziemny w kanalizacji;0.6;Nie
6266981;475465;721097;6266981C;5753602;475466;721068;5753602C;Orange Polska S.A.;światłowodowe;-;Tak;Nie;-;-;-;podziemny w kanalizacji;0.2;Nie
6026396;476247;721007;6026396C;6278231;474933;721187;6278231C;Orange Polska S.A.;światłowodowe;-;Tak;Nie;-;-;-;podziemny w kanalizacji;0.1;Nie
6026396;476247;721007;6026396C;6238021;474863;721115;6238021C;Orange Polska S.A.;światłowodowe;-;Tak;Nie;-;-;-;podziemny w kanalizacji;0.2;Nie
6573279;476207;721034;6573279C;5814918;476197;721143;5814918C;Orange Polska S.A.;światłowodowe;-;Tak;Nie;-;-;-;podziemny w kanalizacji;0.2;Nie
6440768;474344;721101;6440768C;6026396;476247;721007;6026396C;Orange Polska S.A.;światłowodowe;-;Tak;Nie;-;-;-;podziemny w kanalizacji;0.8;Nie
6026396;476247;721007;6026396C;5678381;474696;721223;5678381C;Orange Polska S.A.;światłowodowe;-;Tak;Nie;-;-;-;podziemny w kanalizacji;0.4;Nie
5958367;474403;721106;5958367C;6465363;474458;721053;6465363C;Orange Polska S.A.;światłowodowe;-;Tak;Nie;-;-;-;podziemny w kanalizacji;0.2;Nie
6440768;474344;721101;6440768C;5706418;474430;721249;5706418C;Orange Polska S.A.;światłowodowe;-;Tak;Nie;-;-;-;podziemny w kanalizacji;0.2;Nie
6592719;474561;722895;6592719C;6592720;474559;722905;6592720C;Emitel S.A.;światłowodowe;-;Nie;Nie;-;-;-;podziemny;0.1;Nie
6592753;474717;722916;6592753C;6592719;474561;722895;6592719C;Emitel S.A.;światłowodowe;-;Nie;Nie;-;-;-;podziemny w kanalizacji;0.3;Nie
6591967;475021;723356;6591967C;6592753;474717;722916;6592753C;Emitel S.A.;światłowodowe;-;Nie;Nie;-;-;-;podziemny w kanalizacji;0.9;Nie
6749700;474551;722931;6749700N;6198469;474446;723845;6198469C;NETIA S.A.;światłowodowe;-;Nie;Nie;-;-;-;podziemny;1.4;Nie
6198465;474631;723759;6198465C;6748783;474702;723532;6748783N;NETIA S.A.;światłowodowe;-;Nie;Nie;-;-;-;podziemny;0.4;Nie
6747479;474868;723621;6747479N;6198469;474446;723845;6198469C;NETIA S.A.;światłowodowe;-;Nie;Nie;-;-;-;podziemny;0.8;Nie
6596130;475024;723303;6596130C;6596127;475625;721689;6596127C;Towerlink Poland Sp. z o. o.;światłowodowe;-;Tak;Tak;-;-;-;podziemny;3;Nie
5821523;477158;721715;5821523C;6568650;476240;723160;6568650C;Orange Polska S.A.;światłowodowe;-;Tak;Nie;-;-;-;podziemny w kanalizacji;1.8;Nie
5873701;474925;723595;5873701C;6247210;475654;721882;6247210C;Orange Polska S.A.;światłowodowe;-;Tak;Nie;-;-;-;podziemny w kanalizacji;3;Nie
6591910;474955;723950;6591910C;6593265;475345;723885;6593265C;Towerlink Poland Sp. z o. o.;światłowodowe;-;Tak;Tak;-;-;-;podziemny;0.5;Nie
6125524;476034;722810;6125524C;5767705;474862;723440;5767705C;T-MOBILE POLSKA S.A.;światłowodowe;-;Nie;Nie;-;-;-;podziemny;1.6;Nie
6214145;475836;723012;6214145C;6214146;474858;723627;6214146C;NAUKOWA I AKADEMICKA SIEĆ KOMPUTEROWA - PAŃSTWOWY INSTYTUT BADAWCZY;światłowodowe;-;Nie;Nie;-;-;-;podziemny w kanalizacji;1.5;Nie
6507350;474984;723559;6507350C;6746672;475882;723093;6746672N;LOGITUS Sp. z o.o.;światłowodowe;-;Nie;Nie;-;-;-;podziemny w kanalizacji;1.3;Nie
6954868;474997;723317;6954868N;6950781;474880;723262;6950781N;T-MOBILE POLSKA S.A.;światłowodowe;-;Nie;Nie;-;-;-;podziemny;0.1;Nie
6125524;476034;722810;6125524C;7134191;475795;723179;7134191N;T-MOBILE POLSKA S.A.;światłowodowe;-;Nie;Nie;-;-;-;podziemny;0.5;Nie
5694624;475627;723224;5694624C;5940959;475652;723212;5940959C;Orange Polska S.A.;światłowodowe;-;Tak;Nie;-;-;-;podziemny w kanalizacji;0.2;Nie
5694624;475627;723224;5694624C;5688495;475596;723289;5688495C;Orange Polska S.A.;światłowodowe;-;Tak;Nie;-;-;-;podziemny w kanalizacji;0.2;Nie
6028157;474946;723503;6028157C;6431927;475341;723520;6431927C;Orange Polska S.A.;światłowodowe;-;Tak;Nie;-;-;-;podziemny w kanalizacji;0.6;Nie
6251804;475815;723086;6251804C;6259658;476386;722562;6259658C;Orange Polska S.A.;światłowodowe;-;Tak;Nie;-;-;-;podziemny w kanalizacji;1;Nie
6577372;476132;722575;6577372C;5694624;475627;723224;5694624C;Orange Polska S.A.;światłowodowe;-;Tak;Nie;-;-;-;podziemny w kanalizacji;1;Nie
6531776;475161;723506;6531776C;6475851;476111;722610;6475851C;Orange Polska S.A.;światłowodowe;-;Tak;Nie;-;-;-;podziemny w kanalizacji;1.6;Nie
6304710;475971;722739;6304710C;5987334;475632;722815;5987334C;Orange Polska S.A.;światłowodowe;-;Tak;Nie;-;-;-;podziemny w kanalizacji;0.5;Nie
6229339;476832;722055;6229339C;6837743;474286;723932;6837743N;Orange Polska S.A.;światłowodowe;-;Tak;Nie;-;-;-;podziemny w kanalizacji;3.5;Nie
6150788;476222;722155;6150788C;6306204;476214;722130;6306204C;Światłowód Inwestycje Sp. z o. o.;światłowodowe;-;Tak;Nie;-;-;-;podziemny w kanalizacji;0.1;Nie
6199092;476727;722253;6199092C;6199093;474885;723918;6199093C;NETIA S.A.;światłowodowe;-;Nie;Nie;-;-;-;podziemny;2.5;Nie
6837743;474286;723932;6837743N;5968643;476254;722338;5968643C;Orange Polska S.A.;światłowodowe;-;Tak;Nie;-;-;-;podziemny w kanalizacji;3.1;Nie
6475851;476111;722610;6475851C;6298133;475738;722514;6298133C;Orange Polska S.A.;światłowodowe;-;Tak;Nie;-;-;-;podziemny w kanalizacji;0.5;Nie
6748811;474719;723517;6748811N;6198432;474347;723836;6198432C;NETIA S.A.;światłowodowe;-;Nie;Nie;-;-;-;podziemny;0.5;Nie
6245896;477056;721930;6245896C;7083694;476635;723497;7083694N;Orange Polska S.A.;światłowodowe;-;Tak;Nie;-;-;-;podziemny w kanalizacji;2;Nie
6591974;475175;723558;6591974C;6591973;476868;721937;6591973C;Emitel S.A.;światłowodowe;-;Nie;Nie;-;-;-;podziemny w kanalizacji;2.5;Nie
6082040;476757;721961;6082040C;6082027;475895;723579;6082027C;Atman sp. z o.o.;światłowodowe;-;Nie;Nie;-;-;-;podziemny;3.7;Nie
5694624;475627;723224;5694624C;5946176;475416;723971;5946176C;Orange Polska S.A.;światłowodowe;-;Tak;Nie;-;-;-;podziemny w kanalizacji;1.5;Nie
5928429;476065;723964;5928429C;6298686;475932;723773;6298686C;Orange Polska S.A.;światłowodowe;-;Tak;Nie;-;-;-;podziemny w kanalizacji;0.5;Nie
6198754;476065;723964;6198754C;6198755;475915;723832;6198755C;NETIA S.A.;światłowodowe;-;Nie;Nie;-;-;-;podziemny;0.2;Tak
6567989;475033;721364;6567989C;6156208;475403;721622;6156208C;Orange Polska S.A.;światłowodowe;-;Tak;Nie;-;-;-;podziemny w kanalizacji;0.6;Nie
5654525;475326;721613;5654525C;6588661;475256;721640;6588661C;Orange Polska S.A.;światłowodowe;-;Tak;Nie;-;-;-;podziemny w kanalizacji;0.2;Nie
6272188;475820;721621;6272188C;5932111;475784;721678;5932111C;Orange Polska S.A.;światłowodowe;-;Tak;Nie;-;-;-;podziemny;0.3;Nie
7155153;475953;721647;7155153N;7076322;475882;721718;7076322N;VIATOR  Komputery, Teleinformatyka Dariusz Boguta;światłowodowe;-;Nie;Nie;-;-;-;podziemny w rurociągu;0.1;Nie
6156208;475403;721622;6156208C;5728642;475207;721659;5728642C;Orange Polska S.A.;światłowodowe;-;Tak;Nie;-;-;-;podziemny w kanalizacji;0.3;Nie
6578972;474990;723649;6578972C;6969110;476699;720871;6969110N;GDAŃSK-MIASTO NA PRAWACH POWIATU;światłowodowe;-;Nie;Nie;-;-;-;podziemny w kanalizacji;3.9;Nie
6969109;475144;723972;6969109N;6969111;476680;720927;6969111N;GDAŃSK-MIASTO NA PRAWACH POWIATU;światłowodowe;-;Nie;Nie;-;-;-;podziemny w kanalizacji;4.3;Nie
6487288;477272;721420;6487288C;6664887;474827;723128;6664887N;INSTYTUT CHEMII BIOORGANICZNEJ POLSKIEJ AKADEMII NAUK POZNAŃSKIE CENTRUM SUPERKOMPUTEROWO-SIECIOWE;światłowodowe;-;Nie;Nie;-;-;-;podziemny w rurociągu;5;Nie
6825471;474669;723382;6825471N;6825474;477059;721666;6825474N;Volta Communications Sp. z o.o.;światłowodowe;-;Tak;Tak;-;-;-;podziemny w kanalizacji;5;Nie
6288082;475024;723303;6288082C;6288081;477059;721666;6288081C;HAWE TELEKOM Sp. z o.o. w restrukturyzacji;światłowodowe;-;Nie;Nie;-;-;-;podziemny w kanalizacji;4.4;Nie
6591920;476372;722942;6591920C;6591917;477059;721666;6591917C;Towerlink Poland Sp. z o. o.;światłowodowe;-;Tak;Tak;-;-;-;podziemny;2;Nie
5827484;475682;720909;5827484C;5997720;475885;720932;5997720C;Orange Polska S.A.;światłowodowe;-;Tak;Nie;-;-;-;podziemny w kanalizacji;0.2;Nie
6326646;475560;720988;6326646C;6321261;475616;720936;6321261C;Światłowód Inwestycje Sp. z o. o.;światłowodowe;-;Tak;Nie;-;-;-;podziemny w kanalizacji;0.2;Nie
6028379;475556;720954;6028379C;6307468;475528;720989;6307468C;Światłowód Inwestycje Sp. z o. o.;światłowodowe;-;Tak;Nie;-;-;-;podziemny w kanalizacji;0.1;Nie
6573279;476207;721034;6573279C;6280972;476191;720967;6280972C;Orange Polska S.A.;światłowodowe;-;Tak;Nie;-;-;-;podziemny w kanalizacji;0.2;Nie
6006049;474707;720721;6006049C;5914884;474761;720575;5914884C;Orange Polska S.A.;światłowodowe;-;Tak;Nie;-;-;-;podziemny w kanalizacji;0.3;Nie
6006049;474707;720721;6006049C;6552244;475207;720576;6552244C;Orange Polska S.A.;światłowodowe;-;Tak;Nie;-;-;-;podziemny w kanalizacji;0.9;Nie
6540836;474707;720721;6540836C;6540837;474736;720656;6540837C;Orange Polska S.A.;światłowodowe;-;Tak;Nie;-;-;-;podziemny;0.1;Nie
6395328;474839;720559;6395328C;5843394;474761;720575;5843394C;Światłowód Inwestycje Sp. z o. o.;światłowodowe;-;Tak;Nie;-;-;-;podziemny w kanalizacji;0.1;Nie
6467316;476185;720789;6467316C;6012828;476260;720649;6012828C;Orange Polska S.A.;światłowodowe;-;Tak;Nie;-;-;-;podziemny w kanalizacji;0.3;Nie
5937754;476235;720802;5937754C;6285509;476663;720879;6285509C;Orange Polska S.A.;światłowodowe;-;Tak;Nie;-;-;-;podziemny;0.6;Nie
6565122;476663;720879;6565122C;7083169;476537;720850;7083169N;Orange Polska S.A.;światłowodowe;-;Tak;Nie;-;-;-;podziemny w kanalizacji;0.2;Nie
6565122;476663;720879;6565122C;5667136;476571;720902;5667136C;Orange Polska S.A.;światłowodowe;-;Tak;Nie;-;-;-;podziemny w kanalizacji;0.3;Nie
6467316;476185;720789;6467316C;6573479;476570;720848;6573479C;Orange Polska S.A.;światłowodowe;-;Tak;Nie;-;-;-;podziemny w kanalizacji;0.4;Nie
7051080;474436;721150;7051080N;6540836;474707;720721;6540836C;Orange Polska S.A.;światłowodowe;-;Tak;Nie;-;-;-;podziemny w kanalizacji;0.8;Nie
5958367;474403;721106;5958367C;6161426;474450;720881;6161426C;Orange Polska S.A.;światłowodowe;-;Tak;Nie;-;-;-;podziemny w kanalizacji;0.5;Nie
6266981;475465;721097;6266981C;5827484;475682;720909;5827484C;Orange Polska S.A.;światłowodowe;-;Tak;Nie;-;-;-;podziemny w kanalizacji;0.4;Nie
5958367;474403;721106;5958367C;6277925;474610;720959;6277925C;Orange Polska S.A.;światłowodowe;-;Tak;Nie;-;-;-;podziemny w kanalizacji;0.4;Nie
5958367;474403;721106;5958367C;5830338;474603;720915;5830338C;Orange Polska S.A.;światłowodowe;-;Tak;Nie;-;-;-;podziemny w kanalizacji;0.4;Nie
5958367;474403;721106;5958367C;5943587;474538;720994;5943587C;Orange Polska S.A.;światłowodowe;-;Tak;Nie;-;-;-;podziemny w kanalizacji;0.3;Nie
6159720;474935;720777;6159720C;5911946;474949;720805;5911946C;Orange Polska S.A.;światłowodowe;-;Tak;Nie;-;-;-;podziemny w kanalizacji;0.1;Nie
5958367;474403;721106;5958367C;6298070;474402;720916;6298070C;Orange Polska S.A.;światłowodowe;-;Tak;Nie;-;-;-;podziemny w kanalizacji;0.4;Nie
6528311;475922;720740;6528311C;5693120;476021;720794;5693120C;Orange Polska S.A.;światłowodowe;-;Tak;Nie;-;-;-;podziemny w kanalizacji;0.5;Nie
5663287;476066;720747;5663287C;6645674;475936;720807;6645674N;UPC POLSKA sp. z o.o.;światłowodowe;-;Tak;Nie;-;-;-;podziemny w kanalizacji;0.3;Nie
6476416;475974;720714;6476416C;6275711;475974;720693;6275711C;Orange Polska S.A.;światłowodowe;-;Tak;Nie;-;-;-;podziemny w kanalizacji;0.4;Nie
6467316;476185;720789;6467316C;5937720;476131;720654;5937720C;Orange Polska S.A.;światłowodowe;-;Tak;Nie;-;-;-;podziemny w kanalizacji;0.4;Nie
6528311;475922;720740;6528311C;5729520;475974;720762;5729520C;Orange Polska S.A.;światłowodowe;-;Tak;Nie;-;-;-;podziemny w kanalizacji;0.2;Nie
7051080;474436;721150;7051080N;6022566;475647;720622;6022566C;Orange Polska S.A.;światłowodowe;-;Tak;Nie;-;-;-;podziemny w kanalizacji;1.9;Nie
7051080;474436;721150;7051080N;6540836;474707;720721;6540836C;Orange Polska S.A.;światłowodowe;-;Tak;Nie;-;-;-;podziemny;0.8;Nie
6969111;476680;720927;6969111N;6578992;474445;720626;6578992C;GDAŃSK-MIASTO NA PRAWACH POWIATU;światłowodowe;-;Nie;Nie;-;-;-;podziemny w kanalizacji;3;Nie
6160194;474702;720612;6160194C;6536034;474492;721172;6536034C;Orange Polska S.A.;światłowodowe;-;Tak;Nie;-;-;-;podziemny w kanalizacji;0.7;Nie
5937754;476235;720802;5937754C;6536034;474492;721172;6536034C;Orange Polska S.A.;światłowodowe;-;Tak;Nie;-;-;-;podziemny w kanalizacji;1.9;Nie
6645669;474707;720606;6645669N;6645670;474694;720648;6645670N;UPC POLSKA sp. z o.o.;światłowodowe;-;Tak;Nie;-;-;-;podziemny w kanalizacji;0.1;Nie
6021338;476259;720807;6021338C;5980858;476222;720905;5980858C;Orange Polska S.A.;światłowodowe;-;Tak;Nie;-;-;-;podziemny w kanalizacji;0.2;Nie
5858663;474478;721006;5858663C;5858437;475740;720816;5858437C;"VECTRA Investments" Spółka z ograniczoną odpowiedzialnością Spółka jawna;światłowodowe;-;Nie;Nie;-;-;-;podziemny w kanalizacji;3;Nie
6068667;476239;721085;6068667C;6954672;475394;720587;6954672N;T-MOBILE POLSKA S.A.;światłowodowe;-;Nie;Nie;-;-;-;podziemny;1.3;Nie
5675153;476066;720747;5675153C;6645668;475423;720589;6645668N;UPC POLSKA sp. z o.o.;światłowodowe;-;Tak;Nie;-;-;-;podziemny w kanalizacji;0.8;Nie
6579107;475516;720594;6579107C;5717306;475479;720592;5717306C;Orange Polska S.A.;światłowodowe;-;Tak;Nie;-;-;-;podziemny w kanalizacji;0.1;Nie
6022566;475647;720622;6022566C;5682582;475650;720667;5682582C;Orange Polska S.A.;światłowodowe;-;Tak;Nie;-;-;-;podziemny w kanalizacji;0.1;Nie
6413925;475813;720667;6413925C;5740087;475924;720676;5740087C;Orange Polska S.A.;światłowodowe;-;Tak;Nie;-;-;-;podziemny w kanalizacji;0.2;Nie
5827484;475682;720909;5827484C;5715798;475681;720854;5715798C;Orange Polska S.A.;światłowodowe;-;Tak;Nie;-;-;-;podziemny w kanalizacji;0.3;Nie
5722255;475423;720589;5722255C;6174358;475207;720576;6174358C;Orange Polska S.A.;światłowodowe;-;Tak;Nie;-;-;-;podziemny w kanalizacji;0.3;Nie
6552244;475207;720576;6552244C;5782184;475222;720618;5782184C;Orange Polska S.A.;światłowodowe;-;Tak;Nie;-;-;-;podziemny w kanalizacji;0.1;Nie
5722255;475423;720589;5722255C;5982494;475304;720623;5982494C;Orange Polska S.A.;światłowodowe;-;Tak;Nie;-;-;-;podziemny w kanalizacji;0.2;Nie
6022566;475647;720622;6022566C;5778460;475610;720545;5778460C;Orange Polska S.A.;światłowodowe;-;Tak;Nie;-;-;-;podziemny w kanalizacji;0.2;Nie
5722255;475423;720589;5722255C;5932536;475430;720573;5932536C;Orange Polska S.A.;światłowodowe;-;Tak;Nie;-;-;-;podziemny w kanalizacji;0.1;Nie
5664378;476555;720605;5664378C;6238229;475662;720512;6238229C;Orange Polska S.A.;światłowodowe;-;Tak;Nie;-;-;-;podziemny w kanalizacji;1.1;Nie
5722255;475423;720589;5722255C;6005650;475516;720520;6005650C;Orange Polska S.A.;światłowodowe;-;Tak;Nie;-;-;-;podziemny w kanalizacji;0.2;Nie
6578960;474445;720626;6578960C;6578959;474403;721106;6578959C;GDAŃSK-MIASTO NA PRAWACH POWIATU;światłowodowe;-;Nie;Nie;-;-;-;podziemny w kanalizacji;0.7;Nie
7072286;475662;720512;7072286N;6264864;474405;720576;6264864C;Orange Polska S.A.;światłowodowe;-;Tak;Nie;-;-;-;podziemny w kanalizacji;1.4;Nie
7072286;475662;720512;7072286N;6536034;474492;721172;6536034C;Orange Polska S.A.;światłowodowe;-;Tak;Nie;-;-;-;podziemny w kanalizacji;2.1;Nie
5704319;474509;720616;5704319C;5936293;474598;720536;5936293C;Orange Polska S.A.;światłowodowe;-;Tak;Nie;-;-;-;podziemny w kanalizacji;0.2;Nie
6395328;474839;720559;6395328C;5985692;474691;720504;5985692C;Światłowód Inwestycje Sp. z o. o.;światłowodowe;-;Tak;Nie;-;-;-;podziemny w kanalizacji;0.2;Nie
7072286;475662;720512;7072286N;6160194;474702;720612;6160194C;Orange Polska S.A.;światłowodowe;-;Tak;Nie;-;-;-;podziemny w kanalizacji;1.2;Nie
6198486;475657;720629;6198486C;6198549;474519;720531;6198549C;NETIA S.A.;światłowodowe;-;Nie;Nie;-;-;-;podziemny;1.2;Nie
6198890;474816;720602;6198890C;6198549;474519;720531;6198549C;NETIA S.A.;światłowodowe;-;Nie;Nie;-;-;-;podziemny;0.3;Nie
7050151;473919;723044;7050151N;7048618;474097;722601;7048618N;Towerlink Poland Sp. z o. o.;światłowodowe;-;Tak;Tak;-;-;-;podziemny;0.8;Nie
7050151;473919;723044;7050151N;6591737;474575;723740;6591737C;Towerlink Poland Sp. z o. o.;światłowodowe;-;Tak;Tak;-;-;-;podziemny;1.4;Nie
5854371;474536;723987;5854371C;6251804;475815;723086;6251804C;Orange Polska S.A.;światłowodowe;-;Tak;Nie;-;-;-;podziemny w kanalizacji;1.6;Nie
6591740;474252;724000;6591740C;6593265;475345;723885;6593265C;Towerlink Poland Sp. z o. o.;światłowodowe;-;Tak;Tak;-;-;-;podziemny;1.9;Nie
6198438;474184;723311;6198438C;6198437;475981;723682;6198437C;NETIA S.A.;światłowodowe;-;Nie;Nie;-;-;-;podziemny;2.6;Nie
7081783;474097;722601;7081783N;5928632;474392;722286;5928632C;Orange Polska S.A.;światłowodowe;-;Tak;Nie;-;-;-;podziemny w rurociągu;0.8;Nie
6593250;474097;722601;6593250C;6591975;474521;723599;6591975C;Emitel S.A.;światłowodowe;-;Nie;Nie;-;-;-;podziemny w kanalizacji;1.7;Nie
6593250;474097;722601;6593250C;6592753;474717;722916;6592753C;Emitel S.A.;światłowodowe;-;Nie;Nie;-;-;-;podziemny w kanalizacji;1.1;Nie
5683827;474169;723877;5683827C;6567458;474366;723784;6567458C;Orange Polska S.A.;światłowodowe;-;Tak;Nie;-;-;-;podziemny w kanalizacji;0.3;Nie
6695969;473207;721656;6695969N;5726858;475801;723616;5726858C;JMDI Sp. z o.o.;światłowodowe;-;Tak;Tak;-;-;-;podziemny w kanalizacji;7.9;Nie
6695969;473207;721656;6695969N;5726857;475800;723644;5726857C;JMDI Sp. z o.o.;światłowodowe;-;Tak;Tak;-;-;-;podziemny w kanalizacji;6.9;Nie
5873597;475757;723088;5873597C;5871924;473466;721702;5871924C;EXATEL S.A.;światłowodowe;-;Nie;Nie;-;-;-;napowietrzny;2.8;Nie
6837743;474286;723932;6837743N;7088282;473400;721840;7088282N;Orange Polska S.A.;światłowodowe;-;Tak;Nie;-;-;-;podziemny w kanalizacji;3.4;Nie
6532714;473359;721891;6532714C;6276160;474607;722355;6276160C;Orange Polska S.A.;światłowodowe;-;Tak;Nie;-;-;-;podziemny w kanalizacji;0.1;Nie
6198855;473267;722290;6198855C;6198854;474631;723759;6198854C;NETIA S.A.;światłowodowe;-;Nie;Nie;-;-;-;podziemny;2.5;Tak
5788965;473843;722371;5788965C;6352147;473847;722406;6352147C;Światłowód Inwestycje Sp. z o. o.;światłowodowe;-;Tak;Nie;-;-;-;podziemny w kanalizacji;0.1;Nie
6304147;473882;722413;6304147C;6305460;473864;722371;6305460C;Światłowód Inwestycje Sp. z o. o.;światłowodowe;-;Tak;Nie;-;-;-;podziemny w kanalizacji;0.1;Nie
5673549;474080;721424;5673549C;6647076;473865;721377;6647076N;UPC POLSKA sp. z o.o.;światłowodowe;-;Tak;Nie;-;-;-;podziemny w kanalizacji;0.2;Nie
5782884;473919;722398;5782884C;5839066;473946;722400;5839066C;Światłowód Inwestycje Sp. z o. o.;światłowodowe;-;Tak;Nie;-;-;-;podziemny w kanalizacji;0.1;Nie
5788965;473843;722371;5788965C;5839093;473844;722384;5839093C;Światłowód Inwestycje Sp. z o. o.;światłowodowe;-;Tak;Nie;-;-;-;podziemny w kanalizacji;0.1;Nie
5769150;473975;722324;5769150C;6261936;473983;722368;6261936C;Orange Polska S.A.;światłowodowe;-;Tak;Nie;-;-;-;podziemny w kanalizacji;0.1;Nie
6543170;474423;721211;6543170C;6011817;473400;721840;6011817C;Orange Polska S.A.;światłowodowe;-;Tak;Nie;-;-;-;podziemny w kanalizacji;2.2;Nie
6136415;473379;722013;6136415C;7133062;473608;721303;7133062N;T-MOBILE POLSKA S.A.;światłowodowe;-;Nie;Nie;-;-;-;podziemny;1.1;Nie
7081783;474097;722601;7081783N;5954104;473590;721445;5954104C;Orange Polska S.A.;światłowodowe;-;Tak;Nie;-;-;-;podziemny w kanalizacji;2.9;Nie
6415167;474432;723519;6415167C;6427581;473192;721607;6427581C;Orange Polska S.A.;światłowodowe;-;Tak;Nie;-;-;-;podziemny w kanalizacji;2.7;Nie
7008747;473294;721503;7008747N;6198856;473267;722290;6198856C;NETIA S.A.;światłowodowe;-;Nie;Nie;-;-;-;podziemny;0.3;Nie
6198439;473891;722749;6198439C;6198438;474184;723311;6198438C;NETIA S.A.;światłowodowe;-;Nie;Nie;-;-;-;podziemny;0.8;Nie
7173431;473474;721143;7173431N;7174053;475875;723204;7174053N;ENERGA-OPERATOR S.A.;światłowodowe;-;Tak;Nie;-;-;-;napowietrzny na linii energetycznej;4;Nie
5678381;474696;721223;5678381C;5839464;474565;721266;5839464C;Orange Polska S.A.;światłowodowe;-;Tak;Nie;-;-;-;podziemny w kanalizacji;0.2;Nie
6214386;473705;721323;6214386C;6214135;474090;721971;6214135C;NAUKOWA I AKADEMICKA SIEĆ KOMPUTEROWA - PAŃSTWOWY INSTYTUT BADAWCZY;światłowodowe;-;Nie;Nie;-;-;-;podziemny w kanalizacji;1;Nie
6272188;475820;721621;6272188C;5908864;475789;721644;5908864C;Orange Polska S.A.;światłowodowe;-;Tak;Nie;-;-;-;podziemny w kanalizacji;0.1;Nie
6276160;474607;722355;6276160C;6571147;473587;722023;6571147C;Orange Polska S.A.;światłowodowe;-;Tak;Nie;-;-;-;podziemny w kanalizacji;0.2;Nie
6198439;473891;722749;6198439C;6647009;474097;722601;6647009N;NETIA S.A.;światłowodowe;-;Nie;Nie;-;-;-;podziemny;0.4;Nie
6226227;473800;722148;6226227C;5754941;473793;722207;5754941C;Orange Polska S.A.;światłowodowe;-;Tak;Nie;-;-;-;podziemny w kanalizacji;0.1;Nie
5788965;473843;722371;5788965C;5993514;473836;722416;5993514C;Światłowód Inwestycje Sp. z o. o.;światłowodowe;-;Tak;Nie;-;-;-;podziemny w kanalizacji;0.1;Nie
5678381;474696;721223;5678381C;6557490;474609;721323;6557490C;Orange Polska S.A.;światłowodowe;-;Tak;Nie;-;-;-;podziemny w kanalizacji;0.2;Nie
6156208;475403;721622;6156208C;6030473;475367;721462;6030473C;Orange Polska S.A.;światłowodowe;-;Tak;Nie;-;-;-;podziemny w kanalizacji;0.2;Nie
6156208;475403;721622;6156208C;6272188;475820;721621;6272188C;Orange Polska S.A.;światłowodowe;-;Tak;Nie;-;-;-;podziemny w kanalizacji;0.6;Nie
6468156;474433;721420;6468156C;6278507;474127;721424;6278507C;Orange Polska S.A.;światłowodowe;-;Tak;Nie;-;-;-;podziemny w kanalizacji;0.3;Nie
6299653;475444;721330;6299653C;6573279;476207;721034;6573279C;Orange Polska S.A.;światłowodowe;-;Tak;Nie;-;-;-;podziemny w kanalizacji;1.5;Nie
6500740;474631;723815;6500740C;6500739;474178;720409;6500739C;3s Spółka Akcyjna;światłowodowe;-;Tak;Nie;-;-;-;podziemny w kanalizacji;5.8;Nie
6825471;474669;723382;6825471N;6825545;474814;720659;6825545N;Volta Communications Sp. z o.o.;światłowodowe;-;Tak;Tak;-;-;-;podziemny w kanalizacji;4.5;Nie
6440768;474344;721101;6440768C;5683016;474436;721308;5683016C;Orange Polska S.A.;światłowodowe;-;Tak;Nie;-;-;-;podziemny w kanalizacji;0.4;Nie
7051080;474436;721150;7051080N;6468156;474433;721420;6468156C;Orange Polska S.A.;światłowodowe;-;Tak;Nie;-;-;-;podziemny w kanalizacji;0.3;Nie
6278507;474127;721424;6278507C;5928095;474186;721244;5928095C;Orange Polska S.A.;światłowodowe;-;Tak;Nie;-;-;-;podziemny w kanalizacji;0.3;Nie
6647090;474136;721401;6647090N;5673549;474080;721424;5673549C;UPC POLSKA sp. z o.o.;światłowodowe;-;Tak;Nie;-;-;-;podziemny w kanalizacji;0.1;Nie
6578982;476890;721327;6578982C;6578981;476796;721425;6578981C;GDAŃSK-MIASTO NA PRAWACH POWIATU;światłowodowe;-;Nie;Nie;-;-;-;podziemny w kanalizacji;1.1;Nie
6591917;477059;721666;6591917C;6596121;476960;721392;6596121C;Towerlink Poland Sp. z o. o.;światłowodowe;-;Tak;Tak;-;-;-;podziemny;0.3;Nie
5693560;476815;721620;5693560C;6581934;476820;721748;6581934C;Orange Polska S.A.;światłowodowe;-;Tak;Nie;-;-;-;podziemny w kanalizacji;0.3;Nie
7072052;477035;721671;7072052N;5822502;477059;721666;5822502C;Orange Polska S.A.;światłowodowe;-;Tak;Nie;-;-;-;podziemny w kanalizacji;0.1;Nie
7006682;477039;721669;7006682N;6921744;477027;721668;6921744N;NETIA S.A.;światłowodowe;-;Nie;Nie;-;-;-;podziemny;0.1;Nie
6281326;477135;720667;6281326C;5681248;476974;721148;5681248C;Orange Polska S.A.;światłowodowe;-;Tak;Nie;-;-;-;podziemny w kanalizacji;0.6;Nie
5982084;477096;721634;5982084C;6565370;476950;721817;6565370C;Orange Polska S.A.;światłowodowe;-;Tak;Nie;-;-;-;podziemny w kanalizacji;0.5;Nie
6591972;476940;721852;6591972C;6592718;477059;721666;6592718C;Emitel S.A.;światłowodowe;-;Nie;Nie;-;-;-;podziemny w kanalizacji;0.4;Nie
6591973;476868;721937;6591973C;6591972;476940;721852;6591972C;Emitel S.A.;światłowodowe;-;Nie;Nie;-;-;-;podziemny w kanalizacji;0.2;Nie
6634666;477271;720682;6634666N;5663144;477253;720588;5663144C;UPC POLSKA sp. z o.o.;światłowodowe;-;Tak;Nie;-;-;-;podziemny w kanalizacji;0.2;Nie
7064231;477270;720591;7064231N;6079052;477156;720659;6079052C;Orange Polska S.A.;światłowodowe;-;Tak;Nie;-;-;-;podziemny w kanalizacji;0.3;Nie
7064231;477270;720591;7064231N;6221803;477218;720656;6221803C;Orange Polska S.A.;światłowodowe;-;Tak;Nie;-;-;-;podziemny w kanalizacji;0.4;Nie
7064231;477270;720591;7064231N;5765268;477292;720608;5765268C;Orange Polska S.A.;światłowodowe;-;Tak;Nie;-;-;-;podziemny w kanalizacji;0.1;Nie
5685830;477163;721097;5685830C;5962669;477248;721117;5962669C;Orange Polska S.A.;światłowodowe;-;Tak;Nie;-;-;-;podziemny w kanalizacji;0.2;Nie
5985795;477258;720619;5985795C;6571933;477261;720830;6571933C;Orange Polska S.A.;światłowodowe;-;Tak;Nie;-;-;-;podziemny w kanalizacji;0.4;Nie
6281326;477135;720667;6281326C;6281331;477038;720752;6281331C;Orange Polska S.A.;światłowodowe;-;Tak;Nie;-;-;-;podziemny w kanalizacji;0.2;Nie
5709205;477038;720752;5709205C;7077030;477044;720870;7077030N;Orange Polska S.A.;światłowodowe;-;Tak;Nie;-;-;-;podziemny w kanalizacji;0.3;Nie
6556448;477057;720880;6556448C;7077030;477044;720870;7077030N;Orange Polska S.A.;światłowodowe;-;Tak;Nie;-;-;-;podziemny w kanalizacji;0.1;Nie
6019464;477244;720516;6019464C;6587660;477139;720530;6587660C;Orange Polska S.A.;światłowodowe;-;Tak;Nie;-;-;-;podziemny w kanalizacji;0.2;Nie
6281326;477135;720667;6281326C;6302761;477167;720740;6302761C;Orange Polska S.A.;światłowodowe;-;Tak;Nie;-;-;-;podziemny w kanalizacji;0.2;Nie
6968996;476973;720959;6968996N;6578983;477140;721859;6578983C;GDAŃSK-MIASTO NA PRAWACH POWIATU;światłowodowe;-;Nie;Nie;-;-;-;podziemny w kanalizacji;1.3;Nie
6839105;477158;721715;6839105N;6010889;477230;721716;6010889C;Orange Polska S.A.;światłowodowe;-;Tak;Nie;-;-;-;podziemny w kanalizacji;0.2;Nie
6526730;477182;721721;6526730C;6541172;477207;721815;6541172C;Orange Polska S.A.;światłowodowe;-;Tak;Nie;-;-;-;podziemny w kanalizacji;0.2;Nie
7101454;477075;721882;7101454N;7147949;477027;721832;7147949N;NETIA S.A.;światłowodowe;-;Nie;Nie;-;-;-;podziemny;0.1;Nie
5716955;477079;721370;5716955C;5948023;477056;721358;5948023C;Orange Polska S.A.;światłowodowe;-;Tak;Nie;-;-;-;podziemny;0.3;Nie
5982084;477096;721634;5982084C;7072052;477035;721671;7072052N;Orange Polska S.A.;światłowodowe;-;Tak;Nie;-;-;-;podziemny w kanalizacji;0.4;Nie
6591917;477059;721666;6591917C;6593278;477096;721634;6593278C;Towerlink Poland Sp. z o. o.;światłowodowe;-;Tak;Tak;-;-;-;podziemny;0.2;Nie
5716955;477079;721370;5716955C;5770615;477125;721410;5770615C;Orange Polska S.A.;światłowodowe;-;Tak;Nie;-;-;-;podziemny w kanalizacji;0.3;Nie
7064231;477270;720591;7064231N;7073731;477275;720312;7073731N;Orange Polska S.A.;światłowodowe;-;Tak;Nie;-;-;-;podziemny w kanalizacji;0.5;Nie
5701503;477190;720368;5701503C;6447987;477117;720399;6447987C;Orange Polska S.A.;światłowodowe;-;Tak;Nie;-;-;-;podziemny w kanalizacji;0.2;Nie
7064231;477270;720591;7064231N;6552593;477204;720446;6552593C;Orange Polska S.A.;światłowodowe;-;Tak;Nie;-;-;-;podziemny w kanalizacji;0.3;Nie
6634661;477193;720462;6634661N;5663144;477253;720588;5663144C;UPC POLSKA sp. z o.o.;światłowodowe;-;Tak;Nie;-;-;-;podziemny w kanalizacji;0.2;Nie
6198219;477236;720502;6198219C;7119420;477290;720605;7119420N;NETIA S.A.;światłowodowe;-;Nie;Nie;-;-;-;podziemny;0.2;Nie
6265452;477280;720337;6265452C;5701503;477190;720368;5701503C;Orange Polska S.A.;światłowodowe;-;Tak;Nie;-;-;-;podziemny w kanalizacji;0.2;Nie
6591741;477011;720609;6591741C;7057812;477080;720391;7057812N;Towerlink Poland Sp. z o. o.;światłowodowe;-;Tak;Tak;-;-;-;podziemny;0.3;Nie
6596120;476924;721312;6596120C;6591919;477117;720399;6591919C;Towerlink Poland Sp. z o. o.;światłowodowe;-;Tak;Tak;-;-;-;podziemny;1.4;Nie
6590776;476984;720559;6590776C;6591919;477117;720399;6591919C;Towerlink Poland Sp. z o. o.;światłowodowe;-;Tak;Tak;-;-;-;podziemny;0.1;Nie
7064231;477270;720591;7064231N;5935874;476813;721538;5935874C;Orange Polska S.A.;światłowodowe;-;Tak;Nie;-;-;-;podziemny w kanalizacji;1.9;Nie
7064231;477270;720591;7064231N;6229339;476832;722055;6229339C;Orange Polska S.A.;światłowodowe;-;Tak;Nie;-;-;-;podziemny w kanalizacji;2;Nie
6079052;477156;720659;6079052C;6598721;476778;721214;6598721C;Orange Polska S.A.;światłowodowe;-;Tak;Nie;-;-;-;podziemny;1.2;Nie
6591919;477117;720399;6591919C;7057812;477080;720391;7057812N;Towerlink Poland Sp. z o. o.;światłowodowe;-;Tak;Tak;-;-;-;podziemny;0.1;Nie
6980105;476680;720872;6980105N;6565122;476663;720879;6565122C;Orange Polska S.A.;światłowodowe;-;Tak;Nie;-;-;-;podziemny w rurociągu;0.1;Nie
5872621;477050;721577;5872621C;5870962;476680;720918;5870962C;EXATEL S.A.;światłowodowe;-;Nie;Nie;-;-;-;podziemny;1.8;Nie
5985496;476680;720918;5985496C;5999819;476778;721214;5999819C;Orange Polska S.A.;światłowodowe;-;Tak;Nie;-;-;-;podziemny w kanalizacji;0.4;Nie
6969111;476680;720927;6969111N;6968996;476973;720959;6968996N;GDAŃSK-MIASTO NA PRAWACH POWIATU;światłowodowe;-;Nie;Nie;-;-;-;podziemny w kanalizacji;0.8;Nie
6969111;476680;720927;6969111N;6578981;476796;721425;6578981C;GDAŃSK-MIASTO NA PRAWACH POWIATU;światłowodowe;-;Nie;Nie;-;-;-;podziemny w kanalizacji;1.2;Nie
6596121;476960;721392;6596121C;6596120;476924;721312;6596120C;Towerlink Poland Sp. z o. o.;światłowodowe;-;Tak;Tak;-;-;-;podziemny;0.1;Nie
6968994;476660;720861;6968994N;6968992;476947;720959;6968992N;GDAŃSK-MIASTO NA PRAWACH POWIATU;światłowodowe;-;Nie;Nie;-;-;-;podziemny w kanalizacji;0.2;Nie
6968994;476660;720861;6968994N;6968993;476773;721205;6968993N;GDAŃSK-MIASTO NA PRAWACH POWIATU;światłowodowe;-;Nie;Nie;-;-;-;podziemny w kanalizacji;0.6;Nie
5763646;477020;720666;5763646C;6565122;476663;720879;6565122C;Orange Polska S.A.;światłowodowe;-;Tak;Nie;-;-;-;podziemny w kanalizacji;0.8;Nie
6969111;476680;720927;6969111N;6969017;476983;720347;6969017N;GDAŃSK-MIASTO NA PRAWACH POWIATU;światłowodowe;-;Nie;Nie;-;-;-;podziemny w kanalizacji;1.5;Nie
6969110;476699;720871;6969110N;6969111;476680;720927;6969111N;GDAŃSK-MIASTO NA PRAWACH POWIATU;światłowodowe;-;Nie;Nie;-;-;-;podziemny w kanalizacji;0.3;Nie
6465725;476750;721124;6465725C;6281985;477011;720609;6281985C;Orange Polska S.A.;światłowodowe;-;Tak;Nie;-;-;-;podziemny w kanalizacji;0.9;Nie
6980105;476680;720872;6980105N;5985496;476680;720918;5985496C;Orange Polska S.A.;światłowodowe;-;Tak;Nie;-;-;-;podziemny w kanalizacji;0.2;Nie
6596125;476768;720408;6596125C;6594168;476993;720318;6594168C;Towerlink Poland Sp. z o. o.;światłowodowe;-;Tak;Tak;-;-;-;podziemny;0.4;Nie
6565122;476663;720879;6565122C;7060788;476861;720804;7060788N;Orange Polska S.A.;światłowodowe;-;Tak;Nie;-;-;-;podziemny w kanalizacji;0.7;Nie
6245896;477056;721930;6245896C;6446682;477223;721938;6446682C;Orange Polska S.A.;światłowodowe;-;Tak;Nie;-;-;-;podziemny w kanalizacji;0.3;Nie
6062858;477223;721938;6062858C;7009921;477130;722006;7009921N;NETIA S.A.;światłowodowe;-;Nie;Nie;-;-;-;podziemny;0.2;Nie
7009921;477130;722006;7009921N;7011915;477123;722025;7011915N;NETIA S.A.;światłowodowe;-;Nie;Nie;-;-;-;podziemny;0.1;Nie
7012683;477123;722031;7012683N;7012684;477108;722024;7012684N;NETIA S.A.;światłowodowe;-;Nie;Nie;-;-;-;podziemny;0.1;Nie
6959580;476964;721760;6959580N;6060002;477185;721737;6060002C;T-MOBILE POLSKA S.A.;światłowodowe;-;Nie;Nie;-;-;-;podziemny;0.3;Nie
7005093;477011;721768;7005093N;7008415;476978;721766;7008415N;NETIA S.A.;światłowodowe;-;Nie;Nie;-;-;-;podziemny;0.1;Nie
7010141;476983;721791;7010141N;7005093;477011;721768;7005093N;NETIA S.A.;światłowodowe;-;Nie;Nie;-;-;-;podziemny;0.1;Nie
5881110;476963;722076;5881110C;5881157;477149;721797;5881157C;EXATEL S.A.;światłowodowe;-;Nie;Nie;-;-;-;podziemny;0.4;Nie
7011803;477205;721815;7011803N;6062858;477223;721938;6062858C;NETIA S.A.;światłowodowe;-;Nie;Nie;-;-;-;podziemny;0.2;Nie
6062858;477223;721938;6062858C;6749694;477229;721908;6749694N;NETIA S.A.;światłowodowe;-;Nie;Nie;-;-;-;podziemny;0.1;Nie
6921744;477027;721668;6921744N;7005093;477011;721768;7005093N;NETIA S.A.;światłowodowe;-;Nie;Nie;-;-;-;podziemny;0.1;Nie
6921743;477018;721673;6921743N;6921744;477027;721668;6921744N;NETIA S.A.;światłowodowe;-;Nie;Nie;-;-;-;podziemny;0.2;Nie
6921744;477027;721668;6921744N;6198435;477207;721815;6198435C;NETIA S.A.;światłowodowe;-;Nie;Nie;-;-;-;podziemny;0.2;Nie
6245896;477056;721930;6245896C;6839105;477158;721715;6839105N;Orange Polska S.A.;światłowodowe;-;Tak;Nie;-;-;-;podziemny w kanalizacji;0.4;Nie
6198860;477182;721721;6198860C;7005093;477011;721768;7005093N;NETIA S.A.;światłowodowe;-;Nie;Nie;-;-;-;podziemny;0.1;Nie
7005093;477011;721768;7005093N;6198242;476999;721723;6198242C;NETIA S.A.;światłowodowe;-;Nie;Nie;-;-;-;podziemny;0.2;Nie
6198242;476999;721723;6198242C;7147949;477027;721832;7147949N;NETIA S.A.;światłowodowe;-;Nie;Nie;-;-;-;podziemny;0.1;Nie
7005093;477011;721768;7005093N;7144669;477022;721751;7144669N;NETIA S.A.;światłowodowe;-;Nie;Nie;-;-;-;podziemny;0.1;Nie
7149225;477026;721652;7149225N;6198448;477059;721666;6198448C;NETIA S.A.;światłowodowe;-;Nie;Nie;-;-;-;podziemny;0.1;Nie
7149225;477026;721652;7149225N;6198448;477059;721666;6198448C;NETIA S.A.;światłowodowe;-;Nie;Nie;-;-;-;podziemny;0.1;Nie
7149225;477026;721652;7149225N;6198448;477059;721666;6198448C;NETIA S.A.;światłowodowe;-;Nie;Nie;-;-;-;podziemny;0.1;Nie
6921744;477027;721668;6921744N;7149225;477026;721652;7149225N;NETIA S.A.;światłowodowe;-;Nie;Nie;-;-;-;podziemny;0.2;Nie
6198448;477059;721666;6198448C;7144630;477045;721675;7144630N;NETIA S.A.;światłowodowe;-;Nie;Nie;-;-;-;podziemny;0.1;Nie
7149225;477026;721652;7149225N;6921744;477027;721668;6921744N;NETIA S.A.;światłowodowe;-;Nie;Nie;-;-;-;podziemny;0.2;Nie
5881157;477149;721797;5881157C;6869740;477026;721706;6869740N;EXATEL S.A.;światłowodowe;-;Nie;Nie;-;-;-;podziemny;0.4;Nie
6921744;477027;721668;6921744N;7149225;477026;721652;7149225N;NETIA S.A.;światłowodowe;-;Nie;Nie;-;-;-;podziemny;0.1;Nie
6921744;477027;721668;6921744N;7149225;477026;721652;7149225N;NETIA S.A.;światłowodowe;-;Nie;Nie;-;-;-;podziemny;0.1;Nie
7149225;477026;721652;7149225N;6646997;477039;721675;6646997N;NETIA S.A.;światłowodowe;-;Nie;Nie;-;-;-;podziemny;0.1;Nie
6748998;477048;721685;6748998N;7149225;477026;721652;7149225N;NETIA S.A.;światłowodowe;-;Nie;Nie;-;-;-;podziemny;0.1;Nie
6531172;478015;720393;6531172C;6531360;478079;720409;6531360C;Orange Polska S.A.;światłowodowe;-;Tak;Nie;-;-;-;podziemny w kanalizacji;0.1;Nie
7119436;478037;720397;7119436N;6198457;478052;720456;6198457C;NETIA S.A.;światłowodowe;-;Nie;Nie;-;-;-;podziemny;0.3;Tak
5948012;478052;720456;5948012C;6231443;478052;720402;6231443C;Orange Polska S.A.;światłowodowe;-;Tak;Nie;-;-;-;podziemny w kanalizacji;0.5;Nie
5690206;478052;720456;5690206C;6231443;478052;720402;6231443C;Orange Polska S.A.;światłowodowe;-;Tak;Nie;-;-;-;podziemny w kanalizacji;0.5;Nie
7007614;478069;720397;7007614N;7119436;478037;720397;7119436N;NETIA S.A.;światłowodowe;-;Nie;Nie;-;-;-;podziemny;0.1;Nie
7119436;478037;720397;7119436N;6198543;478052;720402;6198543C;NETIA S.A.;światłowodowe;-;Nie;Nie;-;-;-;podziemny;0.1;Nie
6198543;478052;720402;6198543C;6749477;478062;720403;6749477N;NETIA S.A.;światłowodowe;-;Nie;Nie;-;-;-;podziemny;0.1;Nie
6416788;478018;720343;6416788C;5653498;477962;720251;5653498C;Orange Polska S.A.;światłowodowe;-;Tak;Nie;-;-;-;podziemny w kanalizacji;0.2;Nie
6416788;478018;720343;6416788C;5934579;477970;720307;5934579C;Orange Polska S.A.;światłowodowe;-;Tak;Nie;-;-;-;podziemny;0.2;Nie
5690206;478052;720456;5690206C;6416788;478018;720343;6416788C;Orange Polska S.A.;światłowodowe;-;Tak;Nie;-;-;-;podziemny w kanalizacji;0.4;Nie
6416788;478018;720343;6416788C;6175324;478076;720357;6175324C;Orange Polska S.A.;światłowodowe;-;Tak;Nie;-;-;-;podziemny w kanalizacji;0.1;Nie
6125535;478003;720431;6125535C;7133588;478081;720386;7133588N;T-MOBILE POLSKA S.A.;światłowodowe;-;Nie;Nie;-;-;-;podziemny;0.1;Nie
7007642;477980;720390;7007642N;7007614;478069;720397;7007614N;NETIA S.A.;światłowodowe;-;Nie;Nie;-;-;-;podziemny;0.1;Nie
6749189;477996;720382;6749189N;7119436;478037;720397;7119436N;NETIA S.A.;światłowodowe;-;Nie;Nie;-;-;-;podziemny;0.1;Nie
7119436;478037;720397;7119436N;6748561;477994;720388;6748561N;NETIA S.A.;światłowodowe;-;Nie;Nie;-;-;-;podziemny;0.1;Nie
6748550;478017;720391;6748550N;7119436;478037;720397;7119436N;NETIA S.A.;światłowodowe;-;Nie;Nie;-;-;-;podziemny;0.2;Nie
6634646;477977;720437;6634646N;6634247;477966;720487;6634247N;UPC POLSKA sp. z o.o.;światłowodowe;-;Tak;Nie;-;-;-;podziemny w kanalizacji;0.1;Nie
6634646;477977;720437;6634646N;5668774;477997;720458;5668774C;UPC POLSKA sp. z o.o.;światłowodowe;-;Nie;Nie;-;-;-;podziemny;0.1;Nie
6634646;477977;720437;6634646N;6633277;478039;720545;6633277N;UPC POLSKA sp. z o.o.;światłowodowe;-;Tak;Nie;-;-;-;podziemny w kanalizacji;0.2;Nie
6271860;478076;720559;6271860C;6154974;478101;720648;6154974C;Orange Polska S.A.;światłowodowe;-;Tak;Nie;-;-;-;podziemny w rurociągu;0.1;Nie
5800770;478115;720731;5800770C;5693573;478060;720764;5693573C;Orange Polska S.A.;światłowodowe;-;Tak;Nie;-;-;-;podziemny w kanalizacji;0.2;Nie
5690206;478052;720456;5690206C;5800770;478115;720731;5800770C;Orange Polska S.A.;światłowodowe;-;Tak;Nie;-;-;-;podziemny w kanalizacji;0.5;Nie
5690206;478052;720456;5690206C;6271860;478076;720559;6271860C;Orange Polska S.A.;światłowodowe;-;Tak;Nie;-;-;-;podziemny w kanalizacji;0.3;Nie
5800770;478115;720731;5800770C;5743172;477926;720694;5743172C;Orange Polska S.A.;światłowodowe;-;Tak;Nie;-;-;-;podziemny w kanalizacji;0.3;Nie
6198457;478052;720456;6198457C;6198456;478076;720559;6198456C;NETIA S.A.;światłowodowe;-;Nie;Nie;-;-;-;podziemny;0.2;Tak
5948012;478052;720456;5948012C;5651430;477860;720849;5651430C;Orange Polska S.A.;światłowodowe;-;Tak;Nie;-;-;-;podziemny w kanalizacji;0.8;Nie
5690206;478052;720456;5690206C;6470752;477933;720629;6470752C;Orange Polska S.A.;światłowodowe;-;Tak;Nie;-;-;-;podziemny w kanalizacji;0.4;Nie
6305427;478076;720559;6305427C;5787076;478060;720764;5787076C;Światłowód Inwestycje Sp. z o. o.;światłowodowe;-;Tak;Nie;-;-;-;podziemny w kanalizacji;0.2;Nie
5673548;478026;720781;5673548C;6634248;477965;720742;6634248N;UPC POLSKA sp. z o.o.;światłowodowe;-;Tak;Nie;-;-;-;podziemny w kanalizacji;0.1;Nie
5663636;477887;720882;5663636C;6634278;477851;720941;6634278N;UPC POLSKA sp. z o.o.;światłowodowe;-;Tak;Nie;-;-;-;podziemny w kanalizacji;0.1;Nie
6430281;477899;720900;6430281C;5663636;477887;720882;5663636C;UPC POLSKA sp. z o.o.;światłowodowe;-;Tak;Nie;-;-;-;podziemny w kanalizacji;0.1;Nie
5693573;478060;720764;5693573C;6161830;478026;720781;6161830C;Orange Polska S.A.;światłowodowe;-;Tak;Nie;-;-;-;podziemny;0.1;Nie
6198498;476993;721114;6198498C;6198497;477197;721111;6198497C;NETIA S.A.;światłowodowe;-;Nie;Nie;-;-;-;podziemny;0.4;Nie
7144703;477005;721114;7144703N;6198498;476993;721114;6198498C;NETIA S.A.;światłowodowe;-;Nie;Nie;-;-;-;podziemny;0.3;Nie
5872244;476967;721122;5872244C;6871940;477270;721439;6871940N;EXATEL S.A.;światłowodowe;-;Nie;Nie;-;-;-;podziemny;0.9;Nie
5681248;476974;721148;5681248C;5681258;477033;721281;5681258C;Orange Polska S.A.;światłowodowe;-;Tak;Nie;-;-;-;podziemny w kanalizacji;0.3;Nie
5827818;477423;721455;5827818C;6878007;477261;721425;6878007N;Orange Polska S.A.;światłowodowe;-;Tak;Nie;-;-;-;podziemny w kanalizacji;0.7;Nie
5982474;477468;721385;5982474C;5687544;477333;721538;5687544C;Orange Polska S.A.;światłowodowe;-;Tak;Nie;-;-;-;podziemny w kanalizacji;0.2;Nie
5652335;477333;721538;5652335C;5827818;477423;721455;5827818C;Orange Polska S.A.;światłowodowe;-;Tak;Nie;-;-;-;podziemny w kanalizacji;0.2;Nie
5663316;477439;721718;5663316C;6634485;477471;721734;6634485N;UPC POLSKA sp. z o.o.;światłowodowe;-;Tak;Nie;-;-;-;podziemny w kanalizacji;0.1;Nie
5663434;477192;721306;5663434C;6634634;477083;721385;6634634N;UPC POLSKA sp. z o.o.;światłowodowe;-;Tak;Nie;-;-;-;podziemny w kanalizacji;0.2;Nie
7005093;477011;721768;7005093N;6750097;476914;721335;6750097N;NETIA S.A.;światłowodowe;-;Nie;Nie;-;-;-;podziemny;0.6;Nie
5982084;477096;721634;5982084C;5716955;477079;721370;5716955C;Orange Polska S.A.;światłowodowe;-;Tak;Nie;-;-;-;podziemny w kanalizacji;0.5;Nie
7144525;477216;721467;7144525N;7007813;477207;721401;7007813N;NETIA S.A.;światłowodowe;-;Nie;Nie;-;-;-;podziemny;0.1;Nie
6198242;476999;721723;6198242C;6198498;476993;721114;6198498C;NETIA S.A.;światłowodowe;-;Nie;Nie;-;-;-;podziemny;0.9;Nie
7011933;477035;721291;7011933N;7012485;477004;721300;7012485N;NETIA S.A.;światłowodowe;-;Nie;Nie;-;-;-;podziemny;0.1;Nie
5685830;477163;721097;5685830C;5704421;477028;720995;5704421C;Orange Polska S.A.;światłowodowe;-;Tak;Nie;-;-;-;podziemny w kanalizacji;0.3;Nie
6198264;477013;721021;6198264C;6748955;476988;721091;6748955N;NETIA S.A.;światłowodowe;-;Nie;Nie;-;-;-;podziemny;0.3;Nie
7144708;476999;721083;7144708N;6198264;477013;721021;6198264C;NETIA S.A.;światłowodowe;-;Nie;Nie;-;-;-;podziemny;0.1;Nie
7144703;477005;721114;7144703N;6198264;477013;721021;6198264C;NETIA S.A.;światłowodowe;-;Nie;Nie;-;-;-;podziemny;0.2;Nie
5685830;477163;721097;5685830C;5689046;477068;721044;5689046C;Orange Polska S.A.;światłowodowe;-;Tak;Nie;-;-;-;podziemny w kanalizacji;0.2;Nie
6198498;476993;721114;6198498C;7144708;476999;721083;7144708N;NETIA S.A.;światłowodowe;-;Nie;Nie;-;-;-;podziemny;0.2;Nie
6749303;477193;721093;6749303N;6198497;477197;721111;6198497C;NETIA S.A.;światłowodowe;-;Nie;Nie;-;-;-;podziemny;0.1;Nie
6198264;477013;721021;6198264C;6749185;476946;720989;6749185N;NETIA S.A.;światłowodowe;-;Nie;Nie;-;-;-;podziemny;0.2;Nie
5685830;477163;721097;5685830C;6241572;477047;720963;6241572C;Orange Polska S.A.;światłowodowe;-;Tak;Nie;-;-;-;podziemny w kanalizacji;0.4;Nie
6198264;477013;721021;6198264C;7119449;477004;721054;7119449N;NETIA S.A.;światłowodowe;-;Nie;Nie;-;-;-;podziemny;0.2;Nie
6198264;477013;721021;6198264C;6748424;477028;721105;6748424N;NETIA S.A.;światłowodowe;-;Nie;Nie;-;-;-;podziemny;0.1;Nie
6748424;477028;721105;6748424N;6198264;477013;721021;6198264C;NETIA S.A.;światłowodowe;-;Nie;Nie;-;-;-;podziemny;0.1;Nie
5689024;478092;721399;5689024C;5689029;478143;721253;5689029C;Orange Polska S.A.;światłowodowe;-;Tak;Nie;-;-;-;podziemny w kanalizacji;0.2;Nie
6301614;478076;721371;6301614C;5779107;478141;721297;5779107C;Światłowód Inwestycje Sp. z o. o.;światłowodowe;-;Tak;Nie;-;-;-;podziemny w kanalizacji;0.1;Nie
6114873;478092;721399;6114873C;5787581;478141;721297;5787581C;Światłowód Inwestycje Sp. z o. o.;światłowodowe;-;Tak;Nie;-;-;-;podziemny w kanalizacji;0.1;Nie
5670482;477988;721462;5670482C;6982909;478076;721371;6982909N;UPC POLSKA sp. z o.o.;światłowodowe;-;Tak;Nie;-;-;-;podziemny w kanalizacji;0.2;Nie
6114873;478092;721399;6114873C;6301614;478076;721371;6301614C;Światłowód Inwestycje Sp. z o. o.;światłowodowe;-;Tak;Nie;-;-;-;podziemny w kanalizacji;0.1;Nie
6381780;477775;721601;6381780C;6114873;478092;721399;6114873C;Światłowód Inwestycje Sp. z o. o.;światłowodowe;-;Tak;Nie;-;-;-;podziemny w kanalizacji;0.4;Nie
5688965;477525;721669;5688965C;5911976;477775;721601;5911976C;Orange Polska S.A.;światłowodowe;-;Tak;Nie;-;-;-;podziemny w kanalizacji;0.3;Nie
6239102;477775;721601;6239102C;6987042;477788;721634;6987042N;Orange Polska S.A.;światłowodowe;-;Tak;Nie;-;-;-;podziemny w kanalizacji;0.1;Nie
6591911;477775;721601;6591911C;7049284;477951;721666;7049284N;Towerlink Poland Sp. z o. o.;światłowodowe;-;Tak;Tak;-;-;-;podziemny;0.1;Nie
7049617;477867;721733;7049617N;6591911;477775;721601;6591911C;Towerlink Poland Sp. z o. o.;światłowodowe;-;Tak;Tak;-;-;-;podziemny;0.2;Nie
6198875;477775;721601;6198875C;6198209;477576;721634;6198209C;NETIA S.A.;światłowodowe;-;Nie;Nie;-;-;-;podziemny;0.2;Nie
6292172;477147;721470;6292172C;6158107;477492;721136;6158107C;Orange Polska S.A.;światłowodowe;-;Tak;Nie;-;-;-;podziemny w kanalizacji;0.7;Nie
5929910;477728;721150;5929910C;5744826;477656;721213;5744826C;Orange Polska S.A.;światłowodowe;-;Tak;Nie;-;-;-;podziemny w kanalizacji;0.1;Nie
6839105;477158;721715;6839105N;5713716;477211;721273;5713716C;Orange Polska S.A.;światłowodowe;-;Tak;Nie;-;-;-;podziemny w kanalizacji;0.8;Nie
5827818;477423;721455;5827818C;6221384;477282;721379;6221384C;Orange Polska S.A.;światłowodowe;-;Tak;Nie;-;-;-;podziemny w kanalizacji;0.3;Nie
7133418;477371;721402;7133418N;6954866;477267;721425;6954866N;T-MOBILE POLSKA S.A.;światłowodowe;-;Nie;Nie;-;-;-;podziemny;0.2;Nie
6158107;477492;721136;6158107C;5929910;477728;721150;5929910C;Orange Polska S.A.;światłowodowe;-;Tak;Nie;-;-;-;podziemny w kanalizacji;0.3;Nie
6749010;477672;721590;6749010N;6198209;477576;721634;6198209C;NETIA S.A.;światłowodowe;-;Nie;Nie;-;-;-;podziemny;0.2;Nie
6198209;477576;721634;6198209C;6198504;477186;721467;6198504C;NETIA S.A.;światłowodowe;-;Nie;Nie;-;-;-;podziemny;0.6;Nie
6765580;477576;721303;6765580N;5663683;477588;721369;5663683C;UPC POLSKA sp. z o.o.;światłowodowe;-;Tak;Nie;-;-;-;podziemny w kanalizacji;0.1;Nie
5982474;477468;721385;5982474C;5966823;477590;721304;5966823C;Orange Polska S.A.;światłowodowe;-;Tak;Nie;-;-;-;podziemny w kanalizacji;0.5;Nie
5982084;477096;721634;5982084C;5800150;478040;721336;5800150C;Orange Polska S.A.;światłowodowe;-;Tak;Nie;-;-;-;podziemny w kanalizacji;1.2;Nie
5827818;477423;721455;5827818C;5982474;477468;721385;5982474C;Orange Polska S.A.;światłowodowe;-;Tak;Nie;-;-;-;podziemny w kanalizacji;0.1;Nie
5741487;477333;721513;5741487C;6954673;477873;721722;6954673N;T-MOBILE POLSKA S.A.;światłowodowe;-;Nie;Nie;-;-;-;podziemny;0.8;Nie
5745436;477916;721578;5745436C;7056643;477951;721622;7056643N;Orange Polska S.A.;światłowodowe;-;Tak;Nie;-;-;-;podziemny w kanalizacji;0.2;Nie
6199124;477916;721578;6199124C;7007831;477948;721670;7007831N;NETIA S.A.;światłowodowe;-;Nie;Nie;-;-;-;podziemny;0.1;Nie
6199124;477916;721578;6199124C;6198875;477775;721601;6198875C;NETIA S.A.;światłowodowe;-;Nie;Nie;-;-;-;podziemny;0.2;Nie
6199124;477916;721578;6199124C;7012503;477912;721584;7012503N;NETIA S.A.;światłowodowe;-;Nie;Nie;-;-;-;podziemny;0.1;Nie
5688001;477377;721486;5688001C;6878007;477261;721425;6878007N;Orange Polska S.A.;światłowodowe;-;Tak;Nie;-;-;-;podziemny w kanalizacji;0.2;Nie
6010889;477230;721716;6010889C;5652335;477333;721538;5652335C;Orange Polska S.A.;światłowodowe;-;Tak;Nie;-;-;-;podziemny w kanalizacji;0.2;Nie
5652335;477333;721538;5652335C;5688965;477525;721669;5688965C;Orange Polska S.A.;światłowodowe;-;Tak;Nie;-;-;-;podziemny w kanalizacji;0.4;Nie
5809952;477525;721669;5809952C;5814763;477239;721638;5814763C;Światłowód Inwestycje Sp. z o. o.;światłowodowe;-;Tak;Nie;-;-;-;podziemny w kanalizacji;0.1;Nie
5992696;478060;720764;5992696C;5911129;478127;720700;5911129C;Orange Polska S.A.;światłowodowe;-;Tak;Nie;-;-;-;podziemny w rurociągu;0.1;Nie
5787076;478060;720764;5787076C;6372546;478127;720700;6372546C;Światłowód Inwestycje Sp. z o. o.;światłowodowe;-;Tak;Nie;-;-;-;podziemny w kanalizacji;0.1;Nie
5651430;477860;720849;5651430C;5942955;477920;720977;5942955C;Orange Polska S.A.;światłowodowe;-;Tak;Nie;-;-;-;podziemny w kanalizacji;0.3;Nie
6749552;477779;721037;6749552N;6198885;477777;721119;6198885C;NETIA S.A.;światłowodowe;-;Nie;Nie;-;-;-;podziemny;0.2;Nie
6233851;477494;721119;6233851C;6434692;477555;721121;6434692C;Orange Polska S.A.;światłowodowe;-;Tak;Nie;-;-;-;podziemny w kanalizacji;0.2;Nie
6131641;477506;721146;6131641C;6951117;477812;721122;6951117N;T-MOBILE POLSKA S.A.;światłowodowe;-;Nie;Nie;-;-;-;podziemny;0.4;Nie
5929910;477728;721150;5929910C;5805043;477612;721130;5805043C;Orange Polska S.A.;światłowodowe;-;Tak;Nie;-;-;-;podziemny w kanalizacji;0.1;Nie
5805043;477612;721130;5805043C;6268430;477628;721133;6268430C;Orange Polska S.A.;światłowodowe;-;Tak;Nie;-;-;-;podziemny w kanalizacji;0.1;Nie
7064231;477270;720591;7064231N;6239102;477775;721601;6239102C;Orange Polska S.A.;światłowodowe;-;Tak;Nie;-;-;-;podziemny w kanalizacji;1.9;Nie
6968997;477432;720634;6968997N;6578986;477738;720948;6578986C;GDAŃSK-MIASTO NA PRAWACH POWIATU;światłowodowe;-;Nie;Nie;-;-;-;podziemny w kanalizacji;0.8;Nie
7166400;477182;721737;7166400N;6514229;477560;720734;6514229C;NETDAY Sp. z o.o.;światłowodowe;-;Nie;Nie;-;-;-;podziemny w kanalizacji;2;Nie
6157206;477232;720848;6157206C;6293169;477583;720919;6293169C;Orange Polska S.A.;światłowodowe;-;Tak;Nie;-;-;-;podziemny w kanalizacji;0.4;Nie
5675151;477484;721107;5675151C;6634635;477649;721161;6634635N;UPC POLSKA sp. z o.o.;światłowodowe;-;Tak;Nie;-;-;-;podziemny w kanalizacji;0.3;Nie
6293169;477583;720919;6293169C;6293171;477729;720951;6293171C;Orange Polska S.A.;światłowodowe;-;Tak;Nie;-;-;-;podziemny w kanalizacji;0.4;Nie
6269122;477716;720387;6269122C;5690206;478052;720456;5690206C;Orange Polska S.A.;światłowodowe;-;Tak;Nie;-;-;-;podziemny w kanalizacji;0.4;Nie
6269122;477716;720387;6269122C;5951164;477802;720633;5951164C;Orange Polska S.A.;światłowodowe;-;Tak;Nie;-;-;-;podziemny w kanalizacji;0.4;Nie
5668774;477997;720458;5668774C;6634646;477977;720437;6634646N;UPC POLSKA sp. z o.o.;światłowodowe;-;Nie;Nie;-;-;-;podziemny;0.1;Nie
5673559;477707;720440;5673559C;6632758;477787;720640;6632758N;UPC POLSKA sp. z o.o.;światłowodowe;-;Tak;Nie;-;-;-;podziemny w kanalizacji;0.3;Nie
6029583;477950;720566;6029583C;7000343;477965;720565;7000343N;Orange Polska S.A.;światłowodowe;-;Tak;Nie;-;-;-;podziemny w rurociągu;0.1;Nie
6590994;477958;720398;6590994C;7050113;477965;720565;7050113N;Towerlink Poland Sp. z o. o.;światłowodowe;-;Tak;Tak;-;-;-;podziemny;0.3;Nie
5690206;478052;720456;5690206C;6304582;477950;720485;6304582C;Orange Polska S.A.;światłowodowe;-;Tak;Nie;-;-;-;podziemny w kanalizacji;0.1;Nie
6838879;477671;720344;6838879N;6256520;477769;720320;6256520C;Orange Polska S.A.;światłowodowe;-;Tak;Nie;-;-;-;podziemny w kanalizacji;0.1;Nie
6299999;477689;720389;6299999C;5930067;477707;720440;5930067C;Orange Polska S.A.;światłowodowe;-;Tak;Nie;-;-;-;podziemny w kanalizacji;0.1;Nie
6198887;477732;720428;6198887C;6748176;477704;720420;6748176N;NETIA S.A.;światłowodowe;-;Nie;Nie;-;-;-;podziemny;0.1;Tak
5673559;477707;720440;5673559C;6633669;477732;720506;6633669N;UPC POLSKA sp. z o.o.;światłowodowe;-;Tak;Nie;-;-;-;podziemny w kanalizacji;0.1;Nie
6537984;477433;720552;6537984C;6160846;477474;720633;6160846C;Orange Polska S.A.;światłowodowe;-;Tak;Nie;-;-;-;podziemny w kanalizacji;0.1;Nie
6160846;477474;720633;6160846C;6556172;477461;720572;6556172C;Orange Polska S.A.;światłowodowe;-;Tak;Nie;-;-;-;podziemny w kanalizacji;0.1;Nie
6027252;477618;720930;6027252C;5840336;477608;720848;5840336C;Orange Polska S.A.;światłowodowe;-;Tak;Nie;-;-;-;podziemny w kanalizacji;0.2;Nie
5910009;477446;720944;5910009C;6027252;477618;720930;6027252C;Orange Polska S.A.;światłowodowe;-;Tak;Nie;-;-;-;podziemny w kanalizacji;0.3;Nie
6968997;477432;720634;6968997N;6578988;477575;720371;6578988C;GDAŃSK-MIASTO NA PRAWACH POWIATU;światłowodowe;-;Nie;Nie;-;-;-;podziemny w kanalizacji;0.6;Nie
7148326;477520;720489;7148326N;6198883;477538;720531;6198883C;NETIA S.A.;światłowodowe;-;Nie;Nie;-;-;-;podziemny;0.2;Nie
6749186;477524;720560;6749186N;6198883;477538;720531;6198883C;NETIA S.A.;światłowodowe;-;Nie;Nie;-;-;-;podziemny;0.1;Nie
6838879;477671;720344;6838879N;5905160;477552;720391;5905160C;Orange Polska S.A.;światłowodowe;-;Tak;Nie;-;-;-;podziemny w kanalizacji;0.2;Nie
6578988;477575;720371;6578988C;6578985;477860;720849;6578985C;GDAŃSK-MIASTO NA PRAWACH POWIATU;światłowodowe;-;Nie;Nie;-;-;-;podziemny w kanalizacji;1.1;Nie
5701878;477621;720504;5701878C;6838879;477671;720344;6838879N;Orange Polska S.A.;światłowodowe;-;Tak;Nie;-;-;-;podziemny w kanalizacji;0.4;Nie
5985795;477258;720619;5985795C;6019464;477244;720516;6019464C;Orange Polska S.A.;światłowodowe;-;Tak;Nie;-;-;-;podziemny w kanalizacji;0.1;Nie
7064231;477270;720591;7064231N;5701878;477621;720504;5701878C;Orange Polska S.A.;światłowodowe;-;Tak;Nie;-;-;-;podziemny w kanalizacji;0.5;Nie
6838879;477671;720344;6838879N;5930374;477544;720492;5930374C;Orange Polska S.A.;światłowodowe;-;Tak;Nie;-;-;-;podziemny w kanalizacji;0.3;Nie
5673560;477721;720402;5673560C;5673559;477707;720440;5673559C;UPC POLSKA sp. z o.o.;światłowodowe;-;Tak;Nie;-;-;-;podziemny w kanalizacji;0.1;Nie
7008149;477234;720687;7008149N;6198751;477284;720661;6198751C;NETIA S.A.;światłowodowe;-;Nie;Nie;-;-;-;podziemny;0.2;Nie
6198751;477284;720661;6198751C;6198883;477538;720531;6198883C;NETIA S.A.;światłowodowe;-;Nie;Nie;-;-;-;podziemny;0.4;Nie
7008755;477183;720711;7008755N;6198751;477284;720661;6198751C;NETIA S.A.;światłowodowe;-;Nie;Nie;-;-;-;podziemny;0.1;Nie
7119436;478037;720397;7119436N;6198451;477050;720381;6198451C;NETIA S.A.;światłowodowe;-;Nie;Nie;-;-;-;podziemny;1.6;Nie
6128271;477062;720592;6128271C;6103226;477684;720322;6103226C;T-MOBILE POLSKA S.A.;światłowodowe;-;Nie;Nie;-;-;-;podziemny;0.7;Nie
6634661;477193;720462;6634661N;6634250;477548;720455;6634250N;UPC POLSKA sp. z o.o.;światłowodowe;-;Tak;Nie;-;-;-;podziemny w kanalizacji;0.6;Nie
6562839;477229;720541;6562839C;6698824;477671;720344;6698824N;Orange Polska S.A.;światłowodowe;-;Tak;Nie;-;-;-;podziemny;0.8;Nie
7064231;477270;720591;7064231N;6562839;477229;720541;6562839C;Orange Polska S.A.;światłowodowe;-;Tak;Nie;-;-;-;podziemny;0.1;Nie
6019464;477244;720516;6019464C;6029583;477950;720566;6029583C;Orange Polska S.A.;światłowodowe;-;Tak;Nie;-;-;-;podziemny w kanalizacji;1.1;Nie
6198219;477236;720502;6198219C;6198478;477069;720466;6198478C;NETIA S.A.;światłowodowe;-;Nie;Nie;-;-;-;podziemny;0.2;Nie
7008569;477417;720245;7008569N;6198451;477050;720381;6198451C;NETIA S.A.;światłowodowe;-;Nie;Nie;-;-;-;podziemny;0.6;Nie
6748600;477064;720345;6748600N;6198451;477050;720381;6198451C;NETIA S.A.;światłowodowe;-;Nie;Nie;-;-;-;podziemny;0.3;Nie
6198507;477159;721581;6198507C;6198860;477182;721721;6198860C;NETIA S.A.;światłowodowe;-;Nie;Nie;-;-;-;podziemny;0.2;Nie
5663686;477161;721733;5663686C;6632903;477298;721715;6632903N;UPC POLSKA sp. z o.o.;światłowodowe;-;Tak;Nie;-;-;-;podziemny w kanalizacji;0.2;Nie
6526730;477182;721721;6526730C;6009355;477327;721570;6009355C;Orange Polska S.A.;światłowodowe;-;Tak;Nie;-;-;-;podziemny w kanalizacji;0.3;Nie
6526730;477182;721721;6526730C;7075954;477243;721792;7075954N;Orange Polska S.A.;światłowodowe;-;Tak;Nie;-;-;-;podziemny w kanalizacji;0.3;Nie
5982084;477096;721634;5982084C;6976935;477035;721737;6976935N;Orange Polska S.A.;światłowodowe;-;Tak;Nie;-;-;-;podziemny w kanalizacji;0.2;Nie
5687544;477333;721538;5687544C;6245896;477056;721930;6245896C;Orange Polska S.A.;światłowodowe;-;Tak;Nie;-;-;-;podziemny w kanalizacji;0.5;Nie
6839105;477158;721715;6839105N;5982084;477096;721634;5982084C;Orange Polska S.A.;światłowodowe;-;Tak;Nie;-;-;-;podziemny w kanalizacji;0.1;Nie
6198434;477096;721634;6198434C;6198435;477207;721815;6198435C;NETIA S.A.;światłowodowe;-;Nie;Nie;-;-;-;podziemny;0.2;Nie
7008515;477117;721671;7008515N;6198507;477159;721581;6198507C;NETIA S.A.;światłowodowe;-;Nie;Nie;-;-;-;podziemny;0.1;Nie
5881157;477149;721797;5881157C;5872527;477302;721553;5872527C;EXATEL S.A.;światłowodowe;-;Nie;Nie;-;-;-;podziemny;0.3;Nie
5982084;477096;721634;5982084C;5688001;477377;721486;5688001C;Orange Polska S.A.;światłowodowe;-;Tak;Nie;-;-;-;podziemny w kanalizacji;0.3;Nie
6198209;477576;721634;6198209C;7005093;477011;721768;7005093N;NETIA S.A.;światłowodowe;-;Nie;Nie;-;-;-;podziemny;1;Tak
6198242;476999;721723;6198242C;6198448;477059;721666;6198448C;NETIA S.A.;światłowodowe;-;Nie;Nie;-;-;-;podziemny;0.3;Nie
5663290;477066;721838;5663290C;5663637;477494;722009;5663637C;UPC POLSKA sp. z o.o.;światłowodowe;-;Nie;Nie;-;-;-;podziemny;0.6;Nie
6198242;476999;721723;6198242C;6062858;477223;721938;6062858C;NETIA S.A.;światłowodowe;-;Nie;Nie;-;-;-;podziemny;0.4;Nie
6839105;477158;721715;6839105N;6292172;477147;721470;6292172C;Orange Polska S.A.;światłowodowe;-;Tak;Nie;-;-;-;podziemny w kanalizacji;0.3;Nie
6198242;476999;721723;6198242C;6198459;477104;721508;6198459C;NETIA S.A.;światłowodowe;-;Nie;Nie;-;-;-;podziemny;0.3;Nie
7149225;477026;721652;7149225N;6749309;477036;721643;6749309N;NETIA S.A.;światłowodowe;-;Nie;Nie;-;-;-;podziemny;0.1;Nie
7149225;477026;721652;7149225N;6749309;477036;721643;6749309N;NETIA S.A.;światłowodowe;-;Nie;Nie;-;-;-;podziemny;0.1;Nie
6921743;477018;721673;6921743N;7149225;477026;721652;7149225N;NETIA S.A.;światłowodowe;-;Nie;Nie;-;-;-;podziemny;0.1;Nie
6748620;476964;721785;6748620N;6198433;477272;721420;6198433C;NETIA S.A.;światłowodowe;-;Nie;Nie;-;-;-;podziemny;0.5;Nie
6079857;477272;721420;6079857C;6079860;477089;721843;6079860C;JP-Telekom Sp. z o.o.;światłowodowe;-;Nie;Nie;-;-;-;podziemny w kanalizacji;1.2;Nie
6198433;477272;721420;6198433C;6198434;477096;721634;6198434C;NETIA S.A.;światłowodowe;-;Nie;Nie;-;-;-;podziemny;0.3;Nie
7005093;477011;721768;7005093N;6750385;477265;721440;6750385N;NETIA S.A.;światłowodowe;-;Nie;Nie;-;-;-;podziemny;0.7;Nie
6198242;476999;721723;6198242C;6198504;477186;721467;6198504C;NETIA S.A.;światłowodowe;-;Nie;Nie;-;-;-;podziemny;0.5;Nie
7144525;477216;721467;7144525N;6198459;477104;721508;6198459C;NETIA S.A.;światłowodowe;-;Nie;Nie;-;-;-;podziemny;0.1;Nie
6198507;477159;721581;6198507C;7012508;477143;721577;7012508N;NETIA S.A.;światłowodowe;-;Nie;Nie;-;-;-;podziemny;0.1;Nie
5688001;477377;721486;5688001C;6173082;477172;721410;6173082C;Orange Polska S.A.;światłowodowe;-;Tak;Nie;-;-;-;podziemny w kanalizacji;0.3;Nie
6079857;477272;721420;6079857C;6079859;477186;721467;6079859C;JP-Telekom Sp. z o.o.;światłowodowe;-;Nie;Nie;-;-;-;podziemny w kanalizacji;0.2;Nie
6198504;477186;721467;6198504C;6649291;477259;721433;6649291N;NETIA S.A.;światłowodowe;-;Nie;Nie;-;-;-;podziemny;0.2;Nie
5663316;477439;721718;5663316C;6632908;477427;721692;6632908N;UPC POLSKA sp. z o.o.;światłowodowe;-;Tak;Nie;-;-;-;podziemny w kanalizacji;0.1;Nie
5666864;477032;721117;5666864C;6556448;477057;720880;6556448C;Orange Polska S.A.;światłowodowe;-;Tak;Nie;-;-;-;podziemny w kanalizacji;0.5;Nie
6262791;477439;720959;6262791C;5982474;477468;721385;5982474C;Orange Polska S.A.;światłowodowe;-;Tak;Nie;-;-;-;podziemny w kanalizacji;0.5;Nie
5982474;477468;721385;5982474C;5654165;477385;721276;5654165C;Orange Polska S.A.;światłowodowe;-;Tak;Nie;-;-;-;podziemny w kanalizacji;0.2;Nie
6079857;477272;721420;6079857C;6079858;477285;721292;6079858C;JP-Telekom Sp. z o.o.;światłowodowe;-;Nie;Nie;-;-;-;podziemny w kanalizacji;0.3;Nie
6579939;477292;721236;6579939C;6238618;477306;721247;6238618C;Orange Polska S.A.;światłowodowe;-;Tak;Nie;-;-;-;podziemny w kanalizacji;0.1;Nie
6238618;477306;721247;6238618C;6413306;477305;721191;6413306C;Orange Polska S.A.;światłowodowe;-;Tak;Nie;-;-;-;podziemny w kanalizacji;0.2;Nie
6221556;477350;720886;6221556C;6681347;477135;720992;6681347N;Orange Polska S.A.;światłowodowe;-;Tak;Nie;-;-;-;podziemny w kanalizacji;0.5;Nie
6157206;477232;720848;6157206C;5946787;477514;720801;5946787C;Orange Polska S.A.;światłowodowe;-;Tak;Nie;-;-;-;podziemny w kanalizacji;0.2;Nie
7064231;477270;720591;7064231N;6233851;477494;721119;6233851C;Orange Polska S.A.;światłowodowe;-;Tak;Nie;-;-;-;podziemny w kanalizacji;0.8;Nie
6634666;477271;720682;6634666N;5670461;477370;720686;5670461C;UPC POLSKA sp. z o.o.;światłowodowe;-;Tak;Nie;-;-;-;podziemny w kanalizacji;0.3;Nie
6262791;477439;720959;6262791C;6998865;477395;720946;6998865N;Orange Polska S.A.;światłowodowe;-;Tak;Nie;-;-;-;podziemny w rurociągu;0.1;Nie
6160846;477474;720633;6160846C;6251439;477447;720630;6251439C;Orange Polska S.A.;światłowodowe;-;Tak;Nie;-;-;-;podziemny w kanalizacji;0.1;Nie
7064231;477270;720591;7064231N;5821523;477158;721715;5821523C;Orange Polska S.A.;światłowodowe;-;Tak;Nie;-;-;-;podziemny;1.4;Nie
5685830;477163;721097;5685830C;5809711;477096;721014;5809711C;Orange Polska S.A.;światłowodowe;-;Tak;Nie;-;-;-;podziemny w kanalizacji;0.3;Nie
6198242;476999;721723;6198242C;6198264;477013;721021;6198264C;NETIA S.A.;światłowodowe;-;Nie;Nie;-;-;-;podziemny;1.1;Nie
7012485;477004;721300;7012485N;6198459;477104;721508;6198459C;NETIA S.A.;światłowodowe;-;Nie;Nie;-;-;-;podziemny;0.4;Nie
6128271;477062;720592;6128271C;7133999;477309;720624;7133999N;T-MOBILE POLSKA S.A.;światłowodowe;-;Nie;Nie;-;-;-;podziemny;0.4;Nie
7064231;477270;720591;7064231N;5955699;477197;721111;5955699C;Orange Polska S.A.;światłowodowe;-;Tak;Nie;-;-;-;podziemny w kanalizacji;0.9;Nie
7064231;477270;720591;7064231N;6591843;477305;720604;6591843C;Orange Polska S.A.;światłowodowe;-;Tak;Nie;-;-;-;podziemny w kanalizacji;0.8;Nie
6079052;477156;720659;6079052C;7005793;476999;721070;7005793N;Orange Polska S.A.;światłowodowe;-;Tak;Nie;-;-;-;podziemny w kanalizacji;1;Nie
6198751;477284;720661;6198751C;6198497;477197;721111;6198497C;NETIA S.A.;światłowodowe;-;Nie;Nie;-;-;-;podziemny;0.7;Nie
6281326;477135;720667;6281326C;5758447;477184;720716;5758447C;Orange Polska S.A.;światłowodowe;-;Tak;Nie;-;-;-;podziemny w kanalizacji;0.2;Nie
6198264;477013;721021;6198264C;6748750;477096;720898;6748750N;NETIA S.A.;światłowodowe;-;Nie;Nie;-;-;-;podziemny;0.2;Nie
5709205;477038;720752;5709205C;6716062;477042;720592;6716062N;Orange Polska S.A.;światłowodowe;-;Tak;Nie;-;-;-;podziemny w kanalizacji;0.3;Nie
7064231;477270;720591;7064231N;5677836;476932;720614;5677836C;Orange Polska S.A.;światłowodowe;-;Tak;Nie;-;-;-;podziemny w kanalizacji;0.4;Nie
6749732;477020;720597;6749732N;7148085;477041;720601;7148085N;NETIA S.A.;światłowodowe;-;Nie;Nie;-;-;-;podziemny;0.1;Nie
7148085;477041;720601;7148085N;6888810;477023;720600;6888810N;NETIA S.A.;światłowodowe;-;Nie;Nie;-;-;-;podziemny;0.1;Nie
7064231;477270;720591;7064231N;5709205;477038;720752;5709205C;Orange Polska S.A.;światłowodowe;-;Tak;Nie;-;-;-;podziemny w kanalizacji;0.6;Nie
5985795;477258;720619;5985795C;6281326;477135;720667;6281326C;Orange Polska S.A.;światłowodowe;-;Tak;Nie;-;-;-;podziemny w kanalizacji;0.2;Nie
5985795;477258;720619;5985795C;6536949;477222;720748;6536949C;Orange Polska S.A.;światłowodowe;-;Tak;Nie;-;-;-;podziemny w kanalizacji;0.2;Nie
5709205;477038;720752;5709205C;5819386;477016;720638;5819386C;Orange Polska S.A.;światłowodowe;-;Tak;Nie;-;-;-;podziemny w kanalizacji;0.2;Nie
6968997;477432;720634;6968997N;6578987;477118;720656;6578987C;GDAŃSK-MIASTO NA PRAWACH POWIATU;światłowodowe;-;Nie;Nie;-;-;-;podziemny w kanalizacji;0.6;Nie
6198242;476999;721723;6198242C;6198451;477050;720381;6198451C;NETIA S.A.;światłowodowe;-;Nie;Nie;-;-;-;podziemny;1.7;Nie
6198264;477013;721021;6198264C;6198451;477050;720381;6198451C;NETIA S.A.;światłowodowe;-;Nie;Nie;-;-;-;podziemny;0.7;Nie
6198241;477069;720471;6198241C;6198451;477050;720381;6198451C;NETIA S.A.;światłowodowe;-;Nie;Nie;-;-;-;podziemny;0.1;Nie
6198241;477069;720471;6198241C;6748170;477005;720522;6748170N;NETIA S.A.;światłowodowe;-;Nie;Nie;-;-;-;podziemny;0.3;Nie
7005093;477011;721768;7005093N;6199089;476897;720494;6199089C;NETIA S.A.;światłowodowe;-;Nie;Nie;-;-;-;podziemny;1.5;Nie
7148085;477041;720601;7148085N;6198545;476996;720509;6198545C;NETIA S.A.;światłowodowe;-;Nie;Nie;-;-;-;podziemny;0.3;Nie
6199089;476897;720494;6199089C;7144526;476992;720352;7144526N;NETIA S.A.;światłowodowe;-;Nie;Nie;-;-;-;podziemny;0.2;Nie
6198545;476996;720509;6198545C;6199089;476897;720494;6199089C;NETIA S.A.;światłowodowe;-;Nie;Nie;-;-;-;podziemny;0.2;Nie
6198545;476996;720509;6198545C;6749856;477041;720744;6749856N;NETIA S.A.;światłowodowe;-;Nie;Nie;-;-;-;podziemny;0.2;Nie
6198236;476498;722218;6198236C;6921744;477027;721668;6921744N;NETIA S.A.;światłowodowe;-;Nie;Nie;-;-;-;podziemny;1.3;Nie
7012370;476527;722760;7012370N;6198860;477182;721721;6198860C;NETIA S.A.;światłowodowe;-;Nie;Nie;-;-;-;podziemny;1.2;Nie
6198499;476235;722906;6198499C;6198242;476999;721723;6198242C;NETIA S.A.;światłowodowe;-;Nie;Nie;-;-;-;podziemny;1.8;Nie
6151821;476363;722375;6151821C;6008180;476274;722361;6008180C;Orange Polska S.A.;światłowodowe;-;Tak;Nie;-;-;-;podziemny w kanalizacji;0.1;Nie
5924186;476630;721444;5924186C;5999819;476778;721214;5999819C;Orange Polska S.A.;światłowodowe;-;Tak;Nie;-;-;-;podziemny w kanalizacji;0.7;Nie
5681248;476974;721148;5681248C;5709115;476647;722084;5709115C;Orange Polska S.A.;światłowodowe;-;Tak;Nie;-;-;-;podziemny w kanalizacji;1.2;Nie
7005093;477011;721768;7005093N;6199092;476727;722253;6199092C;NETIA S.A.;światłowodowe;-;Nie;Nie;-;-;-;podziemny;1;Nie
6199113;476924;721312;6199113C;7005093;477011;721768;7005093N;NETIA S.A.;światłowodowe;-;Nie;Nie;-;-;-;podziemny;0.8;Nie
7005093;477011;721768;7005093N;6750106;476954;721821;6750106N;NETIA S.A.;światłowodowe;-;Nie;Nie;-;-;-;podziemny;0.1;Nie
7005093;477011;721768;7005093N;7006514;476841;721426;7006514N;NETIA S.A.;światłowodowe;-;Nie;Nie;-;-;-;podziemny;0.6;Nie
6526963;476097;721555;6526963C;6526967;476088;721619;6526967C;Orange Polska S.A.;światłowodowe;-;Tak;Nie;-;-;-;podziemny w kanalizacji;0.1;Nie
6526963;476097;721555;6526963C;6442653;476091;721599;6442653C;Orange Polska S.A.;światłowodowe;-;Tak;Nie;-;-;-;podziemny w kanalizacji;0.2;Nie
5709115;476647;722084;5709115C;6976935;477035;721737;6976935N;Orange Polska S.A.;światłowodowe;-;Tak;Nie;-;-;-;podziemny;0.9;Nie
5709115;476647;722084;5709115C;6577372;476132;722575;6577372C;Orange Polska S.A.;światłowodowe;-;Tak;Nie;-;-;-;podziemny w kanalizacji;0.7;Nie
6634621;476505;722239;6634621N;6634290;476335;722094;6634290N;UPC POLSKA sp. z o.o.;światłowodowe;-;Tak;Nie;-;-;-;podziemny w kanalizacji;0.3;Nie
6150788;476222;722155;6150788C;5811418;476199;722165;5811418C;Światłowód Inwestycje Sp. z o. o.;światłowodowe;-;Tak;Nie;-;-;-;podziemny w kanalizacji;0.1;Nie
6577372;476132;722575;6577372C;6671694;476111;722610;6671694N;Orange Polska S.A.;światłowodowe;-;Tak;Nie;-;-;-;podziemny w kanalizacji;0.3;Nie
5709115;476647;722084;5709115C;6445770;476778;721214;6445770C;Orange Polska S.A.;światłowodowe;-;Tak;Nie;-;-;-;podziemny w kanalizacji;1.2;Nie
6139143;476647;722073;6139143C;7134168;476766;721227;7134168N;T-MOBILE POLSKA S.A.;światłowodowe;-;Nie;Nie;-;-;-;podziemny;1;Nie
5693560;476815;721620;5693560C;6263712;476761;721728;6263712C;Orange Polska S.A.;światłowodowe;-;Tak;Nie;-;-;-;podziemny w kanalizacji;0.2;Nie
5693560;476815;721620;5693560C;5890888;476796;721425;5890888C;Orange Polska S.A.;światłowodowe;-;Tak;Nie;-;-;-;podziemny w kanalizacji;0.2;Nie
5693560;476815;721620;5693560C;6158718;476647;721721;6158718C;Orange Polska S.A.;światłowodowe;-;Tak;Nie;-;-;-;podziemny w kanalizacji;0.4;Nie
5782075;476749;722151;5782075C;6465725;476750;721124;6465725C;Orange Polska S.A.;światłowodowe;-;Tak;Nie;-;-;-;podziemny w kanalizacji;1.2;Nie
6010889;477230;721716;6010889C;5922494;476935;721897;5922494C;Orange Polska S.A.;światłowodowe;-;Tak;Nie;-;-;-;podziemny w kanalizacji;0.5;Nie
5716955;477079;721370;5716955C;6579939;477292;721236;6579939C;Orange Polska S.A.;światłowodowe;-;Tak;Nie;-;-;-;podziemny w kanalizacji;0.5;Nie
6198236;476498;722218;6198236C;6198237;476381;720874;6198237C;NETIA S.A.;światłowodowe;-;Nie;Nie;-;-;-;podziemny;1.4;Nie
6221556;477350;720886;6221556C;5684593;476384;723062;5684593C;Orange Polska S.A.;światłowodowe;-;Tak;Nie;-;-;-;podziemny w kanalizacji;2.7;Nie
6068667;476239;721085;6068667C;6954669;476353;720942;6954669N;T-MOBILE POLSKA S.A.;światłowodowe;-;Nie;Nie;-;-;-;podziemny;0.2;Nie
6198236;476498;722218;6198236C;6198513;476353;720942;6198513C;NETIA S.A.;światłowodowe;-;Nie;Nie;-;-;-;podziemny;1.8;Nie
5814918;476197;721143;5814918C;5693560;476815;721620;5693560C;Orange Polska S.A.;światłowodowe;-;Tak;Nie;-;-;-;podziemny w kanalizacji;0.9;Nie
6198236;476498;722218;6198236C;6749847;476798;721430;6749847N;NETIA S.A.;światłowodowe;-;Nie;Nie;-;-;-;podziemny;1.3;Nie
6198229;476381;720874;6198229C;6198265;476064;722914;6198265C;NETIA S.A.;światłowodowe;-;Nie;Nie;-;-;-;podziemny;2.8;Nie
6198435;477207;721815;6198435C;6198436;476353;722999;6198436C;NETIA S.A.;światłowodowe;-;Nie;Nie;-;-;-;podziemny;1.7;Nie
6198544;476382;722323;6198544C;6888744;476316;722390;6888744N;NETIA S.A.;światłowodowe;-;Nie;Nie;-;-;-;podziemny;0.2;Nie
6021338;476259;720807;6021338C;6263104;476220;720764;6263104C;Orange Polska S.A.;światłowodowe;-;Tak;Nie;-;-;-;podziemny w kanalizacji;0.2;Nie
6467316;476185;720789;6467316C;6171644;476350;720821;6171644C;Orange Polska S.A.;światłowodowe;-;Tak;Nie;-;-;-;podziemny w kanalizacji;0.2;Nie
6094145;476205;720807;6094145C;7133584;476381;720874;7133584N;T-MOBILE POLSKA S.A.;światłowodowe;-;Nie;Nie;-;-;-;podziemny;0.3;Nie
5874163;476281;720823;5874163C;5870962;476680;720918;5870962C;EXATEL S.A.;światłowodowe;-;Nie;Nie;-;-;-;podziemny;0.5;Nie
6021338;476259;720807;6021338C;6403638;476185;720789;6403638C;Orange Polska S.A.;światłowodowe;-;Tak;Nie;-;-;-;podziemny w kanalizacji;0.1;Nie
5663287;476066;720747;5663287C;5675152;476528;721059;5675152C;UPC POLSKA sp. z o.o.;światłowodowe;-;Tak;Nie;-;-;-;podziemny w kanalizacji;0.9;Nie
5675153;476066;720747;5675153C;5675152;476528;721059;5675152C;UPC POLSKA sp. z o.o.;światłowodowe;-;Tak;Nie;-;-;-;podziemny w kanalizacji;1;Nie
7133376;476027;721295;7133376N;6094145;476205;720807;6094145C;T-MOBILE POLSKA S.A.;światłowodowe;-;Nie;Nie;-;-;-;podziemny;0.7;Nie
6256416;476492;720887;6256416C;6258692;476869;720854;6258692C;Orange Polska S.A.;światłowodowe;-;Tak;Nie;-;-;-;podziemny w kanalizacji;0.5;Nie
6256416;476492;720887;6256416C;6269151;476501;720991;6269151C;Orange Polska S.A.;światłowodowe;-;Tak;Nie;-;-;-;podziemny w kanalizacji;0.2;Nie
5985496;476680;720918;5985496C;6585959;476528;721059;6585959C;Orange Polska S.A.;światłowodowe;-;Tak;Nie;-;-;-;podziemny w kanalizacji;0.5;Nie
6198431;476503;720889;6198431C;7144529;476535;721050;7144529N;NETIA S.A.;światłowodowe;-;Nie;Nie;-;-;-;podziemny;0.2;Nie
6198462;476410;720825;6198462C;6198237;476381;720874;6198237C;NETIA S.A.;światłowodowe;-;Nie;Nie;-;-;-;podziemny;0.1;Nie
7144698;476479;720831;7144698N;6198237;476381;720874;6198237C;NETIA S.A.;światłowodowe;-;Nie;Nie;-;-;-;podziemny;0.2;Nie
6198237;476381;720874;6198237C;6198431;476503;720889;6198431C;NETIA S.A.;światłowodowe;-;Nie;Nie;-;-;-;podziemny;0.2;Nie
6198431;476503;720889;6198431C;7014279;476566;720922;7014279N;NETIA S.A.;światłowodowe;-;Nie;Nie;-;-;-;podziemny;0.2;Nie
7014279;476566;720922;7014279N;6748794;476616;720918;6748794N;NETIA S.A.;światłowodowe;-;Nie;Nie;-;-;-;podziemny;0.1;Nie
6888745;476692;720879;6888745N;6198481;476630;720773;6198481C;NETIA S.A.;światłowodowe;-;Nie;Nie;-;-;-;podziemny;0.2;Nie
5729520;475974;720762;5729520C;6234146;475985;720762;6234146C;Orange Polska S.A.;światłowodowe;-;Tak;Nie;-;-;-;podziemny w rurociągu;0.1;Nie
6467316;476185;720789;6467316C;6441087;476101;720759;6441087C;Orange Polska S.A.;światłowodowe;-;Tak;Nie;-;-;-;podziemny w kanalizacji;0.2;Nie
6198229;476381;720874;6198229C;6198513;476353;720942;6198513C;NETIA S.A.;światłowodowe;-;Nie;Nie;-;-;-;podziemny;0.2;Nie
6198237;476381;720874;6198237C;6198513;476353;720942;6198513C;NETIA S.A.;światłowodowe;-;Nie;Nie;-;-;-;podziemny;0.1;Nie
6021338;476259;720807;6021338C;5940875;476435;720477;5940875C;Orange Polska S.A.;światłowodowe;-;Tak;Nie;-;-;-;podziemny w kanalizacji;0.5;Nie
5664378;476555;720605;5664378C;5966728;476613;720590;5966728C;Orange Polska S.A.;światłowodowe;-;Tak;Nie;-;-;-;podziemny w kanalizacji;0.2;Nie
6094145;476205;720807;6094145C;6128271;477062;720592;6128271C;T-MOBILE POLSKA S.A.;światłowodowe;-;Nie;Nie;-;-;-;podziemny;1.1;Nie
7064231;477270;720591;7064231N;6403029;476705;720660;6403029C;Orange Polska S.A.;światłowodowe;-;Tak;Nie;-;-;-;podziemny w kanalizacji;0.7;Nie
6403029;476705;720660;6403029C;5937754;476235;720802;5937754C;Orange Polska S.A.;światłowodowe;-;Tak;Nie;-;-;-;podziemny w kanalizacji;0.7;Nie
5741703;477010;720681;5741703C;7133223;476901;720826;7133223N;T-MOBILE POLSKA S.A.;światłowodowe;-;Nie;Nie;-;-;-;podziemny;0.5;Nie
6199089;476897;720494;6199089C;6701367;477301;720597;6701367N;NETIA S.A.;światłowodowe;-;Nie;Nie;-;-;-;podziemny;0.6;Nie
5663283;476477;720602;5663283C;6634116;476393;720478;6634116N;UPC POLSKA sp. z o.o.;światłowodowe;-;Tak;Nie;-;-;-;podziemny w kanalizacji;0.1;Nie
6324276;476676;720406;6324276C;6138271;476524;720530;6138271C;Światłowód Inwestycje Sp. z o. o.;światłowodowe;-;Tak;Nie;-;-;-;podziemny w kanalizacji;0.3;Nie
5752752;476676;720406;5752752C;5910666;476678;720428;5910666C;Orange Polska S.A.;światłowodowe;-;Tak;Nie;-;-;-;podziemny w kanalizacji;0.1;Nie
5941999;476892;720503;5941999C;5958064;476875;720638;5958064C;Orange Polska S.A.;światłowodowe;-;Tak;Nie;-;-;-;podziemny;0.2;Nie
5737262;476969;720269;5737262C;6060634;476982;720258;6060634C;T-MOBILE POLSKA S.A.;światłowodowe;-;Nie;Nie;-;-;-;podziemny;0.1;Nie
6009738;476981;720361;6009738C;6980963;477003;720492;6980963N;Orange Polska S.A.;światłowodowe;-;Tak;Nie;-;-;-;podziemny w kanalizacji;0.3;Nie
6059747;476997;720570;6059747C;6954876;477003;720503;6954876N;T-MOBILE POLSKA S.A.;światłowodowe;-;Nie;Nie;-;-;-;podziemny;0.1;Nie
6065132;477015;720414;6065132C;6135013;477002;720414;6135013C;T-MOBILE POLSKA S.A.;światłowodowe;-;Nie;Nie;-;-;-;podziemny;0.1;Nie
6065132;477015;720414;6065132C;6950774;477080;720402;6950774N;T-MOBILE POLSKA S.A.;światłowodowe;-;Nie;Nie;-;-;-;podziemny;0.1;Nie
6634661;477193;720462;6634661N;6634664;476738;720277;6634664N;UPC POLSKA sp. z o.o.;światłowodowe;-;Tak;Nie;-;-;-;podziemny w kanalizacji;1;Nie
7064231;477270;720591;7064231N;5678609;477112;720165;5678609C;Orange Polska S.A.;światłowodowe;-;Tak;Nie;-;-;-;podziemny w kanalizacji;0.6;Nie
7064231;477270;720591;7064231N;6281326;477135;720667;6281326C;Orange Polska S.A.;światłowodowe;-;Tak;Nie;-;-;-;podziemny w kanalizacji;0.5;Nie
6019464;477244;720516;6019464C;5701503;477190;720368;5701503C;Orange Polska S.A.;światłowodowe;-;Tak;Nie;-;-;-;podziemny w kanalizacji;0.2;Nie
7064231;477270;720591;7064231N;5827571;477219;721005;5827571C;Orange Polska S.A.;światłowodowe;-;Tak;Nie;-;-;-;podziemny w kanalizacji;0.8;Nie
7064231;477270;720591;7064231N;6546786;477255;720528;6546786C;Orange Polska S.A.;światłowodowe;-;Tak;Nie;-;-;-;podziemny w rurociągu;0.2;Nie
6198516;476357;723629;6198516C;6749717;476170;723761;6749717N;NETIA S.A.;światłowodowe;-;Nie;Nie;-;-;-;podziemny;0.4;Nie
6198516;476357;723629;6198516C;6749681;476176;723705;6749681N;NETIA S.A.;światłowodowe;-;Nie;Nie;-;-;-;podziemny;0.4;Nie
5763157;476409;723821;5763157C;5856830;476186;723559;5856830C;Orange Polska S.A.;światłowodowe;-;Tak;Nie;-;-;-;podziemny w kanalizacji;0.4;Nie
7144657;476426;723776;7144657N;6198514;476320;723694;6198514C;NETIA S.A.;światłowodowe;-;Nie;Nie;-;-;-;podziemny;0.2;Nie
5763157;476409;723821;5763157C;6283311;477193;723405;6283311C;Orange Polska S.A.;światłowodowe;-;Tak;Nie;-;-;-;podziemny w kanalizacji;1.1;Nie
6139122;477266;723761;6139122C;6951079;477056;723339;6951079N;T-MOBILE POLSKA S.A.;światłowodowe;-;Nie;Nie;-;-;-;podziemny;0.1;Nie
6139122;477266;723761;6139122C;6951079;477056;723339;6951079N;T-MOBILE POLSKA S.A.;światłowodowe;-;Nie;Nie;-;-;-;podziemny;0.1;Nie
6539285;477199;723416;6539285C;5741946;477251;723316;5741946C;Orange Polska S.A.;światłowodowe;-;Tak;Nie;-;-;-;podziemny w kanalizacji;0.3;Nie
6139122;477266;723761;6139122C;6139121;477232;723405;6139121C;T-MOBILE POLSKA S.A.;światłowodowe;-;Nie;Nie;-;-;-;podziemny;0.4;Nie
7009926;476756;723674;7009926N;6198516;476357;723629;6198516C;NETIA S.A.;światłowodowe;-;Nie;Nie;-;-;-;podziemny;0.6;Nie
7174053;475875;723204;7174053N;7174484;476315;723897;7174484N;ENERGA-OPERATOR S.A.;światłowodowe;-;Tak;Nie;-;-;-;napowietrzny na linii energetycznej;1.3;Nie
6198437;475981;723682;6198437C;6198447;476261;723101;6198447C;NETIA S.A.;światłowodowe;-;Nie;Nie;-;-;-;podziemny;0.7;Nie
6198752;476127;723897;6198752C;6198756;476047;723801;6198756C;NETIA S.A.;światłowodowe;-;Nie;Nie;-;-;-;podziemny;0.2;Nie
6634683;476127;723897;6634683N;6634610;476136;723473;6634610N;UPC POLSKA sp. z o.o.;światłowodowe;-;Tak;Nie;-;-;-;podziemny w kanalizacji;0.6;Nie
6198584;476315;723875;6198584C;6198585;476157;723664;6198585C;NETIA S.A.;światłowodowe;-;Nie;Nie;-;-;-;podziemny;0.3;Nie
5856830;476186;723559;5856830C;6554408;476169;723697;6554408C;Orange Polska S.A.;światłowodowe;-;Tak;Nie;-;-;-;podziemny;0.3;Nie
6198585;476157;723664;6198585C;6198586;476078;723613;6198586C;NETIA S.A.;światłowodowe;-;Nie;Nie;-;-;-;podziemny;0.1;Nie
6956537;476263;723154;6956537N;6099183;476269;723098;6099183C;T-MOBILE POLSKA S.A.;światłowodowe;-;Nie;Nie;-;-;-;podziemny;0.1;Nie
6198223;476297;723121;6198223C;7008402;476279;723284;7008402N;NETIA S.A.;światłowodowe;-;Nie;Nie;-;-;-;podziemny;0.2;Nie
7079266;477290;723305;7079266N;5741946;477251;723316;5741946C;Orange Polska S.A.;światłowodowe;-;Tak;Nie;-;-;-;podziemny w kanalizacji;0.8;Nie
6283311;477193;723405;6283311C;6283319;477303;723305;6283319C;Orange Polska S.A.;światłowodowe;-;Tak;Nie;-;-;-;podziemny w kanalizacji;0.3;Nie
6198447;476261;723101;6198447C;6198436;476353;722999;6198436C;NETIA S.A.;światłowodowe;-;Nie;Nie;-;-;-;podziemny;0.2;Nie
6198235;476289;723073;6198235C;6748068;476279;723139;6748068N;NETIA S.A.;światłowodowe;-;Nie;Nie;-;-;-;podziemny;0.2;Nie
6748068;476279;723139;6748068N;6198235;476289;723073;6198235C;NETIA S.A.;światłowodowe;-;Nie;Nie;-;-;-;podziemny;0.2;Nie
6198447;476261;723101;6198447C;6748633;476291;723171;6748633N;NETIA S.A.;światłowodowe;-;Nie;Nie;-;-;-;podziemny;0.2;Nie
6671694;476111;722610;6671694N;5859594;476102;722440;5859594C;Orange Polska S.A.;światłowodowe;-;Tak;Nie;-;-;-;podziemny w kanalizacji;0.5;Nie
6198223;476297;723121;6198223C;6198235;476289;723073;6198235C;NETIA S.A.;światłowodowe;-;Nie;Nie;-;-;-;podziemny;0.1;Nie
6198235;476289;723073;6198235C;6198514;476320;723694;6198514C;NETIA S.A.;światłowodowe;-;Nie;Nie;-;-;-;podziemny;0.9;Nie
6198223;476297;723121;6198223C;7011927;476266;723203;7011927N;NETIA S.A.;światłowodowe;-;Nie;Nie;-;-;-;podziemny;0.1;Nie
6828572;476111;722610;6828572N;6151821;476363;722375;6151821C;Orange Polska S.A.;światłowodowe;-;Tak;Nie;-;-;-;podziemny w kanalizacji;0.4;Nie
6671694;476111;722610;6671694N;5935588;475879;722477;5935588C;Orange Polska S.A.;światłowodowe;-;Tak;Nie;-;-;-;podziemny w kanalizacji;0.3;Nie
6671694;476111;722610;6671694N;5752211;475882;723093;5752211C;Orange Polska S.A.;światłowodowe;-;Tak;Nie;-;-;-;podziemny w kanalizacji;0.7;Nie
6125524;476034;722810;6125524C;7133622;475834;723078;7133622N;T-MOBILE POLSKA S.A.;światłowodowe;-;Nie;Nie;-;-;-;podziemny;0.4;Nie
6577372;476132;722575;6577372C;6304710;475971;722739;6304710C;Orange Polska S.A.;światłowodowe;-;Tak;Nie;-;-;-;podziemny w kanalizacji;0.4;Nie
6198236;476498;722218;6198236C;6198235;476289;723073;6198235C;NETIA S.A.;światłowodowe;-;Nie;Nie;-;-;-;podziemny;1.1;Nie
6198236;476498;722218;6198236C;6198235;476289;723073;6198235C;NETIA S.A.;światłowodowe;-;Nie;Nie;-;-;-;podziemny;1.2;Nie
6198236;476498;722218;6198236C;6198235;476289;723073;6198235C;NETIA S.A.;światłowodowe;-;Nie;Nie;-;-;-;podziemny;1.1;Nie
5662702;476289;722430;5662702C;6634621;476505;722239;6634621N;UPC POLSKA sp. z o.o.;światłowodowe;-;Tak;Nie;-;-;-;podziemny w kanalizacji;0.4;Nie
7008397;475946;722390;7008397N;6198544;476382;722323;6198544C;NETIA S.A.;światłowodowe;-;Nie;Nie;-;-;-;podziemny;0.6;Nie
6198544;476382;722323;6198544C;6198236;476498;722218;6198236C;NETIA S.A.;światłowodowe;-;Nie;Nie;-;-;-;podziemny;0.3;Nie
6198236;476498;722218;6198236C;7146469;476262;722459;7146469N;NETIA S.A.;światłowodowe;-;Nie;Nie;-;-;-;podziemny;0.4;Nie
6551015;477525;721669;6551015C;5760894;477406;721748;5760894C;Orange Polska S.A.;światłowodowe;-;Tak;Nie;-;-;-;podziemny w rurociągu;0.3;Nie
5967757;476402;722931;5967757C;6526730;477182;721721;6526730C;Orange Polska S.A.;światłowodowe;-;Tak;Nie;-;-;-;podziemny w kanalizacji;1.5;Nie
7005093;477011;721768;7005093N;6199098;476093;723371;6199098C;NETIA S.A.;światłowodowe;-;Nie;Nie;-;-;-;podziemny;1.9;Nie
7174484;476315;723897;7174484N;6790410;477616;721779;6790410N;ENERGA-OPERATOR S.A.;światłowodowe;-;Tak;Nie;-;-;-;napowietrzny;1.7;Nie
5663286;476749;722151;5663286C;6634621;476505;722239;6634621N;UPC POLSKA sp. z o.o.;światłowodowe;-;Nie;Nie;-;-;-;podziemny w kanalizacji;0.3;Nie
6429316;476165;722239;6429316C;6634621;476505;722239;6634621N;UPC POLSKA sp. z o.o.;światłowodowe;-;Tak;Nie;-;-;-;podziemny w kanalizacji;0.5;Nie
6198259;477433;723089;6198259C;7149227;477875;722509;7149227N;NETIA S.A.;światłowodowe;-;Nie;Nie;-;-;-;podziemny;0.9;Nie
6272188;475820;721621;6272188C;5998638;476078;721481;5998638C;Orange Polska S.A.;światłowodowe;-;Tak;Nie;-;-;-;podziemny w kanalizacji;0.5;Nie
5998638;476078;721481;5998638C;6526963;476097;721555;6526963C;Orange Polska S.A.;światłowodowe;-;Tak;Nie;-;-;-;podziemny w kanalizacji;0.2;Nie
5916648;476041;721498;5916648C;5651983;476027;721497;5651983C;Orange Polska S.A.;światłowodowe;-;Tak;Nie;-;-;-;podziemny w rurociągu;0.1;Nie
5938213;475977;721525;5938213C;5928983;475985;721514;5928983C;Orange Polska S.A.;światłowodowe;-;Tak;Nie;-;-;-;podziemny w rurociągu;0.1;Nie
6256701;476010;721517;6256701C;5938213;475977;721525;5938213C;Orange Polska S.A.;światłowodowe;-;Tak;Nie;-;-;-;podziemny w kanalizacji;0.2;Nie
6272188;475820;721621;6272188C;5759992;475937;721563;5759992C;Orange Polska S.A.;światłowodowe;-;Tak;Nie;-;-;-;podziemny w kanalizacji;0.3;Nie
6099183;476269;723098;6099183C;6951047;477040;721448;6951047N;T-MOBILE POLSKA S.A.;światłowodowe;-;Nie;Nie;-;-;-;podziemny;2.2;Nie
6214385;477059;721666;6214385C;6214145;475836;723012;6214145C;NAUKOWA I AKADEMICKA SIEĆ KOMPUTEROWA - PAŃSTWOWY INSTYTUT BADAWCZY;światłowodowe;-;Nie;Nie;-;-;-;podziemny w kanalizacji;2;Nie
6671694;476111;722610;6671694N;6839105;477158;721715;6839105N;Orange Polska S.A.;światłowodowe;-;Tak;Nie;-;-;-;podziemny w kanalizacji;1.7;Nie
6151821;476363;722375;6151821C;5823042;476227;722095;5823042C;Orange Polska S.A.;światłowodowe;-;Tak;Nie;-;-;-;podziemny w kanalizacji;0.6;Nie
6259658;476386;722562;6259658C;5782075;476749;722151;5782075C;Orange Polska S.A.;światłowodowe;-;Tak;Nie;-;-;-;podziemny w kanalizacji;0.5;Nie
6198499;476235;722906;6198499C;6198518;475029;723567;6198518C;NETIA S.A.;światłowodowe;-;Nie;Nie;-;-;-;podziemny;1.6;Nie
6198499;476235;722906;6198499C;6198265;476064;722914;6198265C;NETIA S.A.;światłowodowe;-;Nie;Nie;-;-;-;podziemny;0.1;Nie
6198265;476064;722914;6198265C;6749316;475893;723102;6749316N;NETIA S.A.;światłowodowe;-;Nie;Nie;-;-;-;podziemny;0.4;Nie
6198520;474999;723005;6198520C;6198518;475029;723567;6198518C;NETIA S.A.;światłowodowe;-;Nie;Nie;-;-;-;podziemny;0.8;Nie
6198520;474999;723005;6198520C;7006330;475086;723036;7006330N;NETIA S.A.;światłowodowe;-;Nie;Nie;-;-;-;podziemny;0.1;Nie
6531776;475161;723506;6531776C;6680706;475269;723115;6680706N;Orange Polska S.A.;światłowodowe;-;Tak;Nie;-;-;-;podziemny w kanalizacji;0.7;Nie
6198749;476186;723559;6198749C;6198750;476093;723371;6198750C;NETIA S.A.;światłowodowe;-;Nie;Nie;-;-;-;podziemny;0.3;Nie
6199100;476076;723431;6199100C;6199101;475777;723613;6199101C;NETIA S.A.;światłowodowe;-;Nie;Nie;-;-;-;podziemny;0.2;Nie
6198585;476157;723664;6198585C;6198749;476186;723559;6198749C;NETIA S.A.;światłowodowe;-;Nie;Nie;-;-;-;podziemny;0.2;Nie
7007662;475866;723115;7007662N;6749317;475909;723080;6749317N;NETIA S.A.;światłowodowe;-;Nie;Nie;-;-;-;podziemny;0.1;Nie
5935588;475879;722477;5935588C;6235017;475900;722474;6235017C;Orange Polska S.A.;światłowodowe;-;Tak;Nie;-;-;-;podziemny;0.2;Nie
6749491;475884;723117;6749491N;6749316;475893;723102;6749316N;NETIA S.A.;światłowodowe;-;Nie;Nie;-;-;-;podziemny;0.1;Nie
6199099;476093;723371;6199099C;6199100;476076;723431;6199100C;NETIA S.A.;światłowodowe;-;Nie;Nie;-;-;-;podziemny;0.2;Nie
6531776;475161;723506;6531776C;5940959;475652;723212;5940959C;Orange Polska S.A.;światłowodowe;-;Tak;Nie;-;-;-;podziemny w kanalizacji;0.9;Nie
6591974;475175;723558;6591974C;6591967;475021;723356;6591967C;Emitel S.A.;światłowodowe;-;Nie;Nie;-;-;-;podziemny w kanalizacji;0.8;Nie
6579011;475510;723622;6579011C;6579005;476093;723371;6579005C;GDAŃSK-MIASTO NA PRAWACH POWIATU;światłowodowe;-;Nie;Nie;-;-;-;podziemny w kanalizacji;0.6;Nie
6531776;475161;723506;6531776C;5898246;475720;723396;5898246C;Orange Polska S.A.;światłowodowe;-;Tak;Nie;-;-;-;podziemny w kanalizacji;1;Nie
6591967;475021;723356;6591967C;6593049;474982;723287;6593049C;Emitel S.A.;światłowodowe;-;Nie;Nie;-;-;-;podziemny w kanalizacji;0.1;Nie
5694624;475627;723224;5694624C;5752211;475882;723093;5752211C;Orange Polska S.A.;światłowodowe;-;Tak;Nie;-;-;-;podziemny w kanalizacji;0.8;Nie
6501608;475684;723605;6501608C;6381534;475801;723616;6381534C;Światłowód Inwestycje Sp. z o. o.;światłowodowe;-;Tak;Nie;-;-;-;podziemny w kanalizacji;0.1;Nie
7148457;475868;723121;7148457N;6749316;475893;723102;6749316N;NETIA S.A.;światłowodowe;-;Nie;Nie;-;-;-;podziemny;0.1;Nie
6749316;475893;723102;6749316N;7148492;475877;723113;7148492N;NETIA S.A.;światłowodowe;-;Nie;Nie;-;-;-;podziemny;0.1;Nie
6199101;475777;723613;6199101C;6199102;475842;723652;6199102C;NETIA S.A.;światłowodowe;-;Nie;Nie;-;-;-;podziemny;0.1;Nie
6766419;475351;721605;6766419N;6634118;475792;721748;6634118N;UPC POLSKA sp. z o.o.;światłowodowe;-;Tak;Nie;-;-;-;podziemny w kanalizacji;0.1;Nie
6156208;475403;721622;6156208C;5710937;475059;721737;5710937C;Orange Polska S.A.;światłowodowe;-;Tak;Nie;-;-;-;podziemny w kanalizacji;0.5;Nie
6272188;475820;721621;6272188C;5962966;476047;721626;5962966C;Orange Polska S.A.;światłowodowe;-;Tak;Nie;-;-;-;podziemny w kanalizacji;0.3;Nie
6006693;475930;721671;6006693C;5938967;475925;721647;5938967C;Orange Polska S.A.;światłowodowe;-;Tak;Nie;-;-;-;podziemny w kanalizacji;0.1;Nie
5811599;475792;721748;5811599C;5907902;475725;721774;5907902C;Orange Polska S.A.;światłowodowe;-;Tak;Nie;-;-;-;podziemny w rurociągu;0.1;Nie
6198229;476381;720874;6198229C;6748593;475000;723277;6748593N;NETIA S.A.;światłowodowe;-;Nie;Nie;-;-;-;podziemny;4.5;Nie
6749137;476306;722262;6749137N;6198544;476382;722323;6198544C;NETIA S.A.;światłowodowe;-;Nie;Nie;-;-;-;podziemny;0.2;Nie
6298133;475738;722514;6298133C;6229285;475896;722281;6229285C;Orange Polska S.A.;światłowodowe;-;Tak;Nie;-;-;-;podziemny w kanalizacji;0.5;Nie
6531776;475161;723506;6531776C;6250469;475949;722380;6250469C;Orange Polska S.A.;światłowodowe;-;Tak;Nie;-;-;-;podziemny w kanalizacji;2;Nie
6333762;476117;722610;6333762C;5693420;475042;723627;5693420C;Orange Polska S.A.;światłowodowe;-;Tak;Nie;-;-;-;podziemny w kanalizacji;1.4;Nie
6749321;475597;723273;6749321N;6198499;476235;722906;6198499C;NETIA S.A.;światłowodowe;-;Nie;Nie;-;-;-;podziemny;1.3;Tak
6229905;474749;723690;6229905C;5969216;474990;723575;5969216C;Orange Polska S.A.;światłowodowe;-;Tak;Nie;-;-;-;podziemny w kanalizacji;0.3;Nie
6430280;475177;723704;6430280C;6634689;474955;723593;6634689N;UPC POLSKA sp. z o.o.;światłowodowe;-;Tak;Nie;-;-;-;podziemny w kanalizacji;0.5;Nie
6634689;474955;723593;6634689N;6633859;475044;723715;6633859N;UPC POLSKA sp. z o.o.;światłowodowe;-;Tak;Nie;-;-;-;podziemny w kanalizacji;0.3;Nie
5693420;475042;723627;5693420C;6283652;474868;723788;6283652C;Orange Polska S.A.;światłowodowe;-;Tak;Nie;-;-;-;podziemny w kanalizacji;0.4;Nie
6531776;475161;723506;6531776C;5785759;474969;723681;5785759C;Orange Polska S.A.;światłowodowe;-;Tak;Nie;-;-;-;podziemny w kanalizacji;0.5;Nie
6028157;474946;723503;6028157C;5959309;475218;723502;5959309C;Orange Polska S.A.;światłowodowe;-;Tak;Nie;-;-;-;podziemny w kanalizacji;0.4;Nie
6593265;475345;723885;6593265C;7050114;475358;723882;7050114N;Towerlink Poland Sp. z o. o.;światłowodowe;-;Tak;Tak;-;-;-;podziemny;0.2;Nie
7013056;475430;723583;7013056N;6199129;475094;723736;6199129C;NETIA S.A.;światłowodowe;-;Nie;Nie;-;-;-;podziemny;0.4;Nie
6199129;475094;723736;6199129C;6198518;475029;723567;6198518C;NETIA S.A.;światłowodowe;-;Nie;Nie;-;-;-;podziemny;0.2;Nie
6028157;474946;723503;6028157C;6257317;475030;723378;6257317C;Orange Polska S.A.;światłowodowe;-;Tak;Nie;-;-;-;podziemny w kanalizacji;0.3;Nie
5969216;474990;723575;5969216C;5911928;474941;723381;5911928C;Orange Polska S.A.;światłowodowe;-;Tak;Nie;-;-;-;podziemny w kanalizacji;0.5;Nie
6648146;474733;723573;6648146N;6634688;474856;723414;6634688N;UPC POLSKA sp. z o.o.;światłowodowe;-;Tak;Nie;-;-;-;podziemny w kanalizacji;0.6;Nie
6028157;474946;723503;6028157C;6241251;475071;723486;6241251C;Orange Polska S.A.;światłowodowe;-;Tak;Nie;-;-;-;podziemny w kanalizacji;0.2;Nie
5969216;474990;723575;5969216C;5729555;474946;723503;5729555C;Orange Polska S.A.;światłowodowe;-;Tak;Nie;-;-;-;podziemny w kanalizacji;0.3;Nie
5664612;475014;723570;5664612C;6530425;474990;723575;6530425C;Orange Polska S.A.;światłowodowe;-;Tak;Nie;-;-;-;podziemny w kanalizacji;0.1;Nie
5969216;474990;723575;5969216C;6586953;474749;723339;6586953C;Orange Polska S.A.;światłowodowe;-;Tak;Nie;-;-;-;podziemny w kanalizacji;0.5;Nie
6586953;474749;723339;6586953C;6161453;474740;723326;6161453C;Orange Polska S.A.;światłowodowe;-;Tak;Nie;-;-;-;podziemny w kanalizacji;0.1;Nie
6748756;475051;723557;6748756N;6749466;475024;723564;6749466N;NETIA S.A.;światłowodowe;-;Nie;Nie;-;-;-;podziemny;0.1;Nie
6413925;475813;720667;6413925C;6557395;475861;720656;6557395C;Orange Polska S.A.;światłowodowe;-;Tak;Nie;-;-;-;podziemny w kanalizacji;0.1;Nie
6413925;475813;720667;6413925C;6476416;475974;720714;6476416C;Orange Polska S.A.;światłowodowe;-;Tak;Nie;-;-;-;podziemny w kanalizacji;0.2;Nie
5663287;476066;720747;5663287C;6766447;475924;720676;6766447N;UPC POLSKA sp. z o.o.;światłowodowe;-;Tak;Nie;-;-;-;podziemny w kanalizacji;0.3;Nie
6528311;475922;720740;6528311C;5745497;475851;720719;5745497C;Orange Polska S.A.;światłowodowe;-;Tak;Nie;-;-;-;podziemny w kanalizacji;0.1;Nie
6326646;475560;720988;6326646C;6332145;475667;720911;6332145C;Światłowód Inwestycje Sp. z o. o.;światłowodowe;-;Tak;Nie;-;-;-;podziemny w kanalizacji;0.3;Nie
5827484;475682;720909;5827484C;6569630;475645;720784;6569630C;Orange Polska S.A.;światłowodowe;-;Tak;Nie;-;-;-;podziemny w kanalizacji;0.2;Nie
6280972;476191;720967;6280972C;5722598;476196;720988;5722598C;Orange Polska S.A.;światłowodowe;-;Tak;Nie;-;-;-;podziemny w kanalizacji;0.1;Nie
5980858;476222;720905;5980858C;5707492;476247;721007;5707492C;Orange Polska S.A.;światłowodowe;-;Tak;Nie;-;-;-;podziemny w kanalizacji;0.1;Nie
5675153;476066;720747;5675153C;6423045;475680;720515;6423045C;UPC POLSKA sp. z o.o.;światłowodowe;-;Tak;Nie;-;-;-;podziemny w kanalizacji;0.7;Nie
6276914;475256;720579;6276914C;6467316;476185;720789;6467316C;Orange Polska S.A.;światłowodowe;-;Tak;Nie;-;-;-;podziemny w kanalizacji;1.1;Nie
6022566;475647;720622;6022566C;6263778;475572;720679;6263778C;Orange Polska S.A.;światłowodowe;-;Tak;Nie;-;-;-;podziemny w kanalizacji;0.2;Nie
6022566;475647;720622;6022566C;6528311;475922;720740;6528311C;Orange Polska S.A.;światłowodowe;-;Tak;Nie;-;-;-;podziemny w kanalizacji;0.4;Nie
6022566;475647;720622;6022566C;6413925;475813;720667;6413925C;Orange Polska S.A.;światłowodowe;-;Tak;Nie;-;-;-;podziemny w kanalizacji;0.3;Nie
6022566;475647;720622;6022566C;5921195;475821;720746;5921195C;Orange Polska S.A.;światłowodowe;-;Tak;Nie;-;-;-;podziemny w kanalizacji;0.4;Nie
6552244;475207;720576;6552244C;6296262;475404;720629;6296262C;Orange Polska S.A.;światłowodowe;-;Tak;Nie;-;-;-;podziemny w kanalizacji;0.3;Nie
6198486;475657;720629;6198486C;6198462;476410;720825;6198462C;NETIA S.A.;światłowodowe;-;Nie;Nie;-;-;-;podziemny;0.8;Nie
6528311;475922;720740;6528311C;5942124;475682;720677;5942124C;Orange Polska S.A.;światłowodowe;-;Tak;Nie;-;-;-;podziemny w kanalizacji;0.3;Nie
5722255;475423;720589;5722255C;6541433;475320;720624;6541433C;Orange Polska S.A.;światłowodowe;-;Tak;Nie;-;-;-;podziemny w kanalizacji;0.2;Nie
6022566;475647;720622;6022566C;6007601;475409;720588;6007601C;Orange Polska S.A.;światłowodowe;-;Tak;Nie;-;-;-;podziemny w kanalizacji;0.3;Nie
5722255;475423;720589;5722255C;6249517;475597;720610;6249517C;Orange Polska S.A.;światłowodowe;-;Tak;Nie;-;-;-;podziemny w kanalizacji;0.2;Nie
6022566;475647;720622;6022566C;5966968;475546;720645;5966968C;Orange Polska S.A.;światłowodowe;-;Tak;Nie;-;-;-;podziemny w kanalizacji;0.2;Nie
6249517;475597;720610;6249517C;5944619;475576;720604;5944619C;Orange Polska S.A.;światłowodowe;-;Tak;Nie;-;-;-;podziemny w kanalizacji;0.2;Nie
5682582;475650;720667;5682582C;5682709;475617;720667;5682709C;Orange Polska S.A.;światłowodowe;-;Tak;Nie;-;-;-;podziemny w kanalizacji;0.1;Nie
6645668;475423;720589;6645668N;6645672;475423;720666;6645672N;UPC POLSKA sp. z o.o.;światłowodowe;-;Nie;Nie;-;-;-;podziemny w kanalizacji;0.6;Nie
6198889;475055;720655;6198889C;6198890;474816;720602;6198890C;NETIA S.A.;światłowodowe;-;Nie;Nie;-;-;-;podziemny;0.3;Tak
6084058;475682;720909;6084058C;6120657;475740;720816;6120657C;Światłowód Inwestycje Sp. z o. o.;światłowodowe;-;Tak;Nie;-;-;-;podziemny w kanalizacji;0.2;Nie
6120657;475740;720816;6120657C;6291412;475773;720828;6291412C;Światłowód Inwestycje Sp. z o. o.;światłowodowe;-;Tak;Nie;-;-;-;podziemny w kanalizacji;0.2;Nie
6024511;475807;720840;6024511C;5817473;475843;720860;5817473C;Orange Polska S.A.;światłowodowe;-;Tak;Nie;-;-;-;podziemny w kanalizacji;0.1;Nie
6424515;475877;720883;6424515C;5965000;475877;720851;5965000C;Orange Polska S.A.;światłowodowe;-;Tak;Nie;-;-;-;podziemny w rurociągu;0.1;Nie
5997720;475885;720932;5997720C;6424515;475877;720883;6424515C;Orange Polska S.A.;światłowodowe;-;Tak;Nie;-;-;-;podziemny w kanalizacji;0.1;Nie
5827484;475682;720909;5827484C;5915351;475676;720796;5915351C;Orange Polska S.A.;światłowodowe;-;Tak;Nie;-;-;-;podziemny w kanalizacji;0.2;Nie
5980858;476222;720905;5980858C;5915301;476238;720855;5915301C;Orange Polska S.A.;światłowodowe;-;Tak;Nie;-;-;-;podziemny w kanalizacji;0.1;Nie
5827484;475682;720909;5827484C;6024511;475807;720840;6024511C;Orange Polska S.A.;światłowodowe;-;Tak;Nie;-;-;-;podziemny w kanalizacji;0.3;Nie
5827484;475682;720909;5827484C;6437662;475623;720895;6437662C;Orange Polska S.A.;światłowodowe;-;Tak;Nie;-;-;-;podziemny w kanalizacji;0.2;Nie
5863739;475586;720442;5863739C;5733060;475475;720399;5733060C;Orange Polska S.A.;światłowodowe;-;Tak;Nie;-;-;-;podziemny;0.2;Nie
6172253;475784;720426;6172253C;5700709;475839;720482;5700709C;Orange Polska S.A.;światłowodowe;-;Tak;Nie;-;-;-;podziemny w kanalizacji;0.1;Nie
7072286;475662;720512;7072286N;6022566;475647;720622;6022566C;Orange Polska S.A.;światłowodowe;-;Tak;Nie;-;-;-;podziemny w kanalizacji;0.2;Nie
6022566;475647;720622;6022566C;5677568;475837;720620;5677568C;Orange Polska S.A.;światłowodowe;-;Tak;Nie;-;-;-;podziemny w kanalizacji;0.3;Nie
6022566;475647;720622;6022566C;6172253;475784;720426;6172253C;Orange Polska S.A.;światłowodowe;-;Tak;Nie;-;-;-;podziemny w kanalizacji;0.5;Nie
5733060;475475;720399;5733060C;6597617;475437;720421;6597617C;Orange Polska S.A.;światłowodowe;-;Tak;Nie;-;-;-;podziemny;0.1;Nie
6633118;475557;720511;6633118N;6633120;475516;720520;6633120N;UPC POLSKA sp. z o.o.;światłowodowe;-;Tak;Nie;-;-;-;podziemny w kanalizacji;0.1;Nie
6026396;476247;721007;6026396C;5691352;474974;721263;5691352C;Orange Polska S.A.;światłowodowe;-;Tak;Nie;-;-;-;podziemny w kanalizacji;0.2;Nie
6267000;475193;721191;6267000C;6442694;475190;721174;6442694C;Orange Polska S.A.;światłowodowe;-;Tak;Nie;-;-;-;podziemny w kanalizacji;0.1;Nie
5675153;476066;720747;5675153C;6766446;475241;721466;6766446N;UPC POLSKA sp. z o.o.;światłowodowe;-;Tak;Nie;-;-;-;podziemny w kanalizacji;1.4;Nie
5827484;475682;720909;5827484C;5911308;475494;721041;5911308C;Orange Polska S.A.;światłowodowe;-;Tak;Nie;-;-;-;podziemny w kanalizacji;0.4;Nie
6084058;475682;720909;6084058C;6028379;475556;720954;6028379C;Światłowód Inwestycje Sp. z o. o.;światłowodowe;-;Tak;Nie;-;-;-;podziemny w kanalizacji;0.2;Nie
6028379;475556;720954;6028379C;5991065;475584;720924;5991065C;Światłowód Inwestycje Sp. z o. o.;światłowodowe;-;Tak;Nie;-;-;-;podziemny w kanalizacji;0.2;Nie
7008384;475242;721369;7008384N;6198462;476410;720825;6198462C;NETIA S.A.;światłowodowe;-;Nie;Nie;-;-;-;podziemny;1.5;Nie
6645669;474707;720606;6645669N;6645668;475423;720589;6645668N;UPC POLSKA sp. z o.o.;światłowodowe;-;Tak;Nie;-;-;-;podziemny w kanalizacji;0.7;Nie
7072286;475662;720512;7072286N;6567756;474803;720557;6567756C;Orange Polska S.A.;światłowodowe;-;Tak;Nie;-;-;-;podziemny w kanalizacji;1.2;Nie
5722255;475423;720589;5722255C;6225545;475185;720469;6225545C;Orange Polska S.A.;światłowodowe;-;Tak;Nie;-;-;-;podziemny w kanalizacji;0.4;Nie
7104284;475680;720515;7104284N;6062121;475209;720539;6062121C;mBit Mariusz Krupiński;światłowodowe;-;Nie;Nie;-;-;-;podziemny w kanalizacji;0.6;Nie
6645668;475423;720589;6645668N;6430458;475516;720520;6430458C;UPC POLSKA sp. z o.o.;światłowodowe;-;Tak;Nie;-;-;-;podziemny w kanalizacji;0.2;Nie
6198890;474816;720602;6198890C;7010133;474780;720548;7010133N;NETIA S.A.;światłowodowe;-;Nie;Nie;-;-;-;podziemny;0.3;Nie
6540836;474707;720721;6540836C;5915991;474839;720559;5915991C;Orange Polska S.A.;światłowodowe;-;Tak;Nie;-;-;-;podziemny w kanalizacji;0.3;Nie
5915991;474839;720559;5915991C;5829955;474778;720476;5829955C;Orange Polska S.A.;światłowodowe;-;Tak;Nie;-;-;-;podziemny w kanalizacji;0.2;Nie
5915991;474839;720559;5915991C;6238217;474816;720602;6238217C;Orange Polska S.A.;światłowodowe;-;Tak;Nie;-;-;-;podziemny w kanalizacji;0.1;Nie
6395328;474839;720559;6395328C;6128783;474916;720449;6128783C;Światłowód Inwestycje Sp. z o. o.;światłowodowe;-;Tak;Nie;-;-;-;podziemny w kanalizacji;0.3;Nie
6377642;474906;720565;6377642C;6399513;474899;720550;6399513C;Światłowód Inwestycje Sp. z o. o.;światłowodowe;-;Tak;Nie;-;-;-;podziemny w kanalizacji;0.1;Nie
6397648;474761;720575;6397648C;6377642;474906;720565;6377642C;Światłowód Inwestycje Sp. z o. o.;światłowodowe;-;Tak;Nie;-;-;-;podziemny w kanalizacji;0.2;Nie
6006049;474707;720721;6006049C;5706208;474956;720819;5706208C;Orange Polska S.A.;światłowodowe;-;Tak;Nie;-;-;-;podziemny w kanalizacji;0.3;Nie
5706208;474956;720819;5706208C;6159720;474935;720777;6159720C;Orange Polska S.A.;światłowodowe;-;Tak;Nie;-;-;-;podziemny w kanalizacji;0.2;Nie
6473981;474974;721263;6473981C;6540370;474934;721445;6540370C;Orange Polska S.A.;światłowodowe;-;Tak;Nie;-;-;-;podziemny w kanalizacji;0.3;Nie
6507195;472763;721787;6507195C;6507193;472704;721658;6507193C;LOGITUS Sp. z o.o.;światłowodowe;-;Nie;Nie;-;-;-;podziemny w kanalizacji;0.2;Nie
6507193;472704;721658;6507193C;6746919;472763;721787;6746919N;LOGITUS Sp. z o.o.;światłowodowe;-;Nie;Nie;-;-;-;podziemny w kanalizacji;0.3;Nie
6579473;472756;721833;6579473C;5759654;472763;721787;5759654C;Orange Polska S.A.;światłowodowe;-;Tak;Nie;-;-;-;podziemny w kanalizacji;0.3;Nie
6634825;472762;721774;6634825N;6632442;472770;721654;6632442N;UPC POLSKA sp. z o.o.;światłowodowe;-;Tak;Nie;-;-;-;podziemny w kanalizacji;0.1;Nie
6299964;472740;721654;6299964C;6005776;472794;721632;6005776C;Orange Polska S.A.;światłowodowe;-;Tak;Nie;-;-;-;podziemny w rurociągu;0.2;Nie
6019414;472700;721859;6019414C;6578383;472620;721903;6578383C;Orange Polska S.A.;światłowodowe;-;Tak;Nie;-;-;-;podziemny w kanalizacji;0.2;Nie
6020471;472874;721823;6020471C;6019414;472700;721859;6019414C;Orange Polska S.A.;światłowodowe;-;Tak;Nie;-;-;-;podziemny w kanalizacji;0.3;Nie
6020471;472874;721823;6020471C;6579473;472756;721833;6579473C;Orange Polska S.A.;światłowodowe;-;Tak;Nie;-;-;-;podziemny w kanalizacji;0.2;Nie
6746919;472763;721787;6746919N;6746668;472824;721766;6746668N;LOGITUS Sp. z o.o.;światłowodowe;-;Nie;Nie;-;-;-;podziemny w kanalizacji;0.2;Nie
5668672;472834;721844;5668672C;6543383;472819;721855;6543383C;Orange Polska S.A.;światłowodowe;-;Tak;Nie;-;-;-;podziemny w rurociągu;0.1;Nie
6020471;472874;721823;6020471C;6569776;472810;721887;6569776C;Orange Polska S.A.;światłowodowe;-;Tak;Nie;-;-;-;podziemny w kanalizacji;0.2;Nie
6020471;472874;721823;6020471C;6293437;472761;721892;6293437C;Orange Polska S.A.;światłowodowe;-;Tak;Nie;-;-;-;podziemny w kanalizacji;0.2;Nie
6019414;472700;721859;6019414C;5872463;472366;721668;5872463C;Orange Polska S.A.;światłowodowe;-;Tak;Nie;-;-;-;podziemny w kanalizacji;0.3;Nie
5872463;472366;721668;5872463C;6579473;472756;721833;6579473C;Orange Polska S.A.;światłowodowe;-;Tak;Nie;-;-;-;podziemny w kanalizacji;0.4;Nie
5872463;472366;721668;5872463C;5921512;472545;721765;5921512C;Orange Polska S.A.;światłowodowe;-;Tak;Nie;-;-;-;podziemny;0.4;Nie
5872463;472366;721668;5872463C;6564736;472519;721756;6564736C;Orange Polska S.A.;światłowodowe;-;Tak;Nie;-;-;-;podziemny w kanalizacji;0.3;Nie
5747395;472637;721706;5747395C;5829410;472553;721851;5829410C;Orange Polska S.A.;światłowodowe;-;Tak;Nie;-;-;-;podziemny w kanalizacji;0.2;Nie
6019414;472700;721859;6019414C;5747395;472637;721706;5747395C;Orange Polska S.A.;światłowodowe;-;Tak;Nie;-;-;-;podziemny w kanalizacji;0.4;Nie
6019414;472700;721859;6019414C;6294429;472717;721847;6294429C;Orange Polska S.A.;światłowodowe;-;Tak;Nie;-;-;-;podziemny w kanalizacji;0.1;Nie
6593489;472489;721441;6593489C;6237922;472555;721439;6237922C;Orange Polska S.A.;światłowodowe;-;Tak;Nie;-;-;-;podziemny w kanalizacji;0.1;Nie
6271143;472580;721516;6271143C;6593489;472489;721441;6593489C;Orange Polska S.A.;światłowodowe;-;Tak;Nie;-;-;-;podziemny w kanalizacji;0.2;Nie
6271143;472580;721516;6271143C;5943097;472401;721547;5943097C;Orange Polska S.A.;światłowodowe;-;Tak;Nie;-;-;-;podziemny w kanalizacji;0.3;Nie
5872463;472366;721668;5872463C;6554470;472534;721638;6554470C;Orange Polska S.A.;światłowodowe;-;Tak;Nie;-;-;-;podziemny w kanalizacji;0.2;Nie
6554470;472534;721638;6554470C;6554439;472537;721689;6554439C;Orange Polska S.A.;światłowodowe;-;Tak;Nie;-;-;-;podziemny w kanalizacji;0.1;Nie
6564543;472662;721517;6564543C;5747395;472637;721706;5747395C;Orange Polska S.A.;światłowodowe;-;Tak;Nie;-;-;-;podziemny w kanalizacji;0.3;Nie
6271143;472580;721516;6271143C;6412036;472546;721559;6412036C;Orange Polska S.A.;światłowodowe;-;Tak;Nie;-;-;-;podziemny w kanalizacji;0.1;Nie
5943097;472401;721547;5943097C;6295526;472409;721593;6295526C;Orange Polska S.A.;światłowodowe;-;Tak;Nie;-;-;-;podziemny w kanalizacji;0.1;Nie
6564932;472494;721839;6564932C;6468216;472362;721745;6468216C;Orange Polska S.A.;światłowodowe;-;Tak;Nie;-;-;-;podziemny w kanalizacji;0.2;Nie
6564932;472494;721839;6564932C;5703942;472323;721749;5703942C;Orange Polska S.A.;światłowodowe;-;Tak;Nie;-;-;-;podziemny w kanalizacji;0.3;Nie
6564932;472494;721839;6564932C;5704272;472386;721780;5704272C;Orange Polska S.A.;światłowodowe;-;Tak;Nie;-;-;-;podziemny w kanalizacji;0.2;Nie
5916456;472439;721813;5916456C;6564932;472494;721839;6564932C;Orange Polska S.A.;światłowodowe;-;Tak;Nie;-;-;-;podziemny w kanalizacji;0.1;Nie
6564932;472494;721839;6564932C;5731079;472442;721868;5731079C;Orange Polska S.A.;światłowodowe;-;Tak;Nie;-;-;-;podziemny w kanalizacji;0.1;Nie
6240155;472323;721939;6240155C;6277649;472387;721942;6277649C;Orange Polska S.A.;światłowodowe;-;Tak;Nie;-;-;-;podziemny w kanalizacji;0.2;Nie
5916456;472439;721813;5916456C;6240155;472323;721939;6240155C;Orange Polska S.A.;światłowodowe;-;Tak;Nie;-;-;-;podziemny w kanalizacji;0.4;Nie
6298385;473313;721708;6298385C;6579239;473409;721694;6579239C;Orange Polska S.A.;światłowodowe;-;Tak;Nie;-;-;-;podziemny w kanalizacji;0.2;Nie
7088282;473400;721840;7088282N;5940467;473339;721819;5940467C;Orange Polska S.A.;światłowodowe;-;Tak;Nie;-;-;-;podziemny w kanalizacji;0.2;Nie
7088282;473400;721840;7088282N;6532714;473359;721891;6532714C;Orange Polska S.A.;światłowodowe;-;Tak;Nie;-;-;-;podziemny w kanalizacji;0.1;Nie
7088282;473400;721840;7088282N;6990618;473462;721468;6990618N;Orange Polska S.A.;światłowodowe;-;Tak;Nie;-;-;-;podziemny w kanalizacji;1.1;Nie
5677467;473409;721922;5677467C;6055266;473590;721849;6055266C;Orange Polska S.A.;światłowodowe;-;Tak;Nie;-;-;-;podziemny w kanalizacji;0.4;Nie
6011817;473400;721840;6011817C;6564738;473436;721902;6564738C;Orange Polska S.A.;światłowodowe;-;Tak;Nie;-;-;-;podziemny;0.1;Nie
5677467;473409;721922;5677467C;6567291;473534;721796;6567291C;Orange Polska S.A.;światłowodowe;-;Tak;Nie;-;-;-;podziemny w kanalizacji;0.3;Nie
6118016;473462;721468;6118016C;6127547;473249;721543;6127547C;Światłowód Inwestycje Sp. z o. o.;światłowodowe;-;Tak;Nie;-;-;-;podziemny w kanalizacji;0.2;Nie
6302413;473462;721468;6302413C;5965298;473294;721503;5965298C;Orange Polska S.A.;światłowodowe;-;Tak;Nie;-;-;-;podziemny w kanalizacji;0.2;Nie
6298385;473313;721708;6298385C;5740914;473311;721780;5740914C;Orange Polska S.A.;światłowodowe;-;Tak;Nie;-;-;-;podziemny w kanalizacji;0.3;Nie
6298385;473313;721708;6298385C;6159081;473321;721675;6159081C;Orange Polska S.A.;światłowodowe;-;Tak;Nie;-;-;-;podziemny w kanalizacji;0.1;Nie
6298385;473313;721708;6298385C;6404509;473461;721756;6404509C;Orange Polska S.A.;światłowodowe;-;Tak;Nie;-;-;-;podziemny w kanalizacji;0.3;Nie
6647076;473865;721377;6647076N;6634115;473719;721331;6634115N;UPC POLSKA sp. z o.o.;światłowodowe;-;Tak;Nie;-;-;-;podziemny w kanalizacji;0.3;Nie
5836934;473098;721737;5836934C;6224013;473149;721773;6224013C;Orange Polska S.A.;światłowodowe;-;Tak;Nie;-;-;-;podziemny w kanalizacji;0.2;Nie
5836934;473098;721737;5836934C;6262451;473141;721899;6262451C;Orange Polska S.A.;światłowodowe;-;Tak;Nie;-;-;-;podziemny w kanalizacji;0.3;Nie
6427581;473192;721607;6427581C;5947721;473118;721649;5947721C;Orange Polska S.A.;światłowodowe;-;Tak;Nie;-;-;-;podziemny w kanalizacji;0.2;Nie
5940467;473339;721819;5940467C;5947721;473118;721649;5947721C;Orange Polska S.A.;światłowodowe;-;Tak;Nie;-;-;-;podziemny;0.5;Nie
6532714;473359;721891;6532714C;5906619;473119;721460;5906619C;Orange Polska S.A.;światłowodowe;-;Tak;Nie;-;-;-;podziemny w kanalizacji;0.6;Nie
6298385;473313;721708;6298385C;5698449;473323;721721;5698449C;Orange Polska S.A.;światłowodowe;-;Tak;Nie;-;-;-;podziemny w kanalizacji;0.1;Nie
6427581;473192;721607;6427581C;5747105;473207;721656;5747105C;Orange Polska S.A.;światłowodowe;-;Tak;Nie;-;-;-;podziemny w kanalizacji;0.3;Nie
5836934;473098;721737;5836934C;6020471;472874;721823;6020471C;Orange Polska S.A.;światłowodowe;-;Tak;Nie;-;-;-;podziemny w kanalizacji;0.3;Nie
6020471;472874;721823;6020471C;6250425;472901;721835;6250425C;Orange Polska S.A.;światłowodowe;-;Tak;Nie;-;-;-;podziemny w kanalizacji;0.1;Nie
5836934;473098;721737;5836934C;6038599;473034;721846;6038599C;Orange Polska S.A.;światłowodowe;-;Tak;Nie;-;-;-;podziemny w kanalizacji;0.3;Nie
5836934;473098;721737;5836934C;5917389;473084;721873;5917389C;Orange Polska S.A.;światłowodowe;-;Tak;Nie;-;-;-;podziemny w kanalizacji;0.3;Nie
5836934;473098;721737;5836934C;6159717;473113;721933;6159717C;Orange Polska S.A.;światłowodowe;-;Tak;Nie;-;-;-;podziemny w kanalizacji;0.3;Nie
5836934;473098;721737;5836934C;5930851;473100;721762;5930851C;Orange Polska S.A.;światłowodowe;-;Tak;Nie;-;-;-;podziemny w kanalizacji;0.1;Nie
6766450;473207;721656;6766450N;5662706;472717;721847;5662706C;UPC POLSKA sp. z o.o.;światłowodowe;-;Tak;Nie;-;-;-;podziemny w kanalizacji;0.5;Nie
6507196;473273;721703;6507196C;6507195;472763;721787;6507195C;LOGITUS Sp. z o.o.;światłowodowe;-;Nie;Nie;-;-;-;podziemny w kanalizacji;0.7;Nie
6023211;472982;721401;6023211C;6023206;473099;721503;6023206C;Orange Polska S.A.;światłowodowe;-;Tak;Nie;-;-;-;podziemny w kanalizacji;0.4;Nie
5836934;473098;721737;5836934C;6298385;473313;721708;6298385C;Orange Polska S.A.;światłowodowe;-;Tak;Nie;-;-;-;podziemny w kanalizacji;0.3;Nie
5759654;472763;721787;5759654C;6299964;472740;721654;6299964C;Orange Polska S.A.;światłowodowe;-;Tak;Nie;-;-;-;podziemny w kanalizacji;0.1;Nie
7088282;473400;721840;7088282N;6020471;472874;721823;6020471C;Orange Polska S.A.;światłowodowe;-;Tak;Nie;-;-;-;podziemny w kanalizacji;0.7;Nie
6198501;473400;721840;6198501C;6749714;473207;721656;6749714N;NETIA S.A.;światłowodowe;-;Nie;Nie;-;-;-;podziemny;0.5;Tak
6023211;472982;721401;6023211C;5808847;472918;721443;5808847C;Orange Polska S.A.;światłowodowe;-;Tak;Nie;-;-;-;podziemny w kanalizacji;0.2;Nie
6578991;473064;721622;6578991C;6578963;472961;721634;6578963C;GDAŃSK-MIASTO NA PRAWACH POWIATU;światłowodowe;-;Nie;Nie;-;-;-;podziemny w kanalizacji;0.8;Nie
6427581;473192;721607;6427581C;6023211;472982;721401;6023211C;Orange Polska S.A.;światłowodowe;-;Tak;Nie;-;-;-;podziemny w kanalizacji;0.5;Nie
6023211;472982;721401;6023211C;5811509;473062;721459;5811509C;Orange Polska S.A.;światłowodowe;-;Tak;Nie;-;-;-;podziemny w kanalizacji;0.2;Nie
6023211;472982;721401;6023211C;6163684;473014;721508;6163684C;Orange Polska S.A.;światłowodowe;-;Tak;Nie;-;-;-;podziemny w kanalizacji;0.2;Nie
6302413;473462;721468;6302413C;5965298;473294;721503;5965298C;Orange Polska S.A.;światłowodowe;-;Tak;Nie;-;-;-;podziemny w kanalizacji;0.1;Nie
6047048;473133;721313;6047048C;6273190;472990;721141;6273190C;Orange Polska S.A.;światłowodowe;-;Tak;Nie;-;-;-;podziemny w kanalizacji;0.2;Nie
5872808;472946;721164;5872808C;5876633;473122;721342;5876633C;EXATEL S.A.;światłowodowe;-;Nie;Nie;-;-;-;podziemny;0.4;Nie
6397738;473094;721265;6397738C;6311948;473101;721255;6311948C;Światłowód Inwestycje Sp. z o. o.;światłowodowe;-;Tak;Nie;-;-;-;podziemny w rurociągu;0.1;Nie
6266594;473000;721393;6266594C;6224485;473033;721379;6224485C;Orange Polska S.A.;światłowodowe;-;Tak;Nie;-;-;-;podziemny w kanalizacji;0.1;Nie
6023211;472982;721401;6023211C;6266594;473000;721393;6266594C;Orange Polska S.A.;światłowodowe;-;Tak;Nie;-;-;-;podziemny w kanalizacji;0.1;Nie
6009871;472982;721401;6009871C;6117464;473103;721397;6117464C;Światłowód Inwestycje Sp. z o. o.;światłowodowe;-;Tak;Nie;-;-;-;podziemny w kanalizacji;0.3;Nie
6023211;472982;721401;6023211C;6047048;473133;721313;6047048C;Orange Polska S.A.;światłowodowe;-;Tak;Nie;-;-;-;podziemny w kanalizacji;0.4;Nie
5907276;472838;721353;5907276C;6566913;472798;721459;6566913C;Orange Polska S.A.;światłowodowe;-;Tak;Nie;-;-;-;podziemny;0.2;Nie
6023211;472982;721401;6023211C;6225739;472804;721175;6225739C;Orange Polska S.A.;światłowodowe;-;Tak;Nie;-;-;-;podziemny w kanalizacji;0.6;Nie
6053589;472819;721099;6053589C;5713397;472839;721143;5713397C;Orange Polska S.A.;światłowodowe;-;Tak;Nie;-;-;-;podziemny w rurociągu;0.1;Nie
6053589;472819;721099;6053589C;6156516;472839;721143;6156516C;Orange Polska S.A.;światłowodowe;-;Tak;Nie;-;-;-;podziemny w rurociągu;0.1;Nie
5907276;472838;721353;5907276C;6555224;472825;721404;6555224C;Orange Polska S.A.;światłowodowe;-;Tak;Nie;-;-;-;podziemny w kanalizacji;0.1;Nie
6580093;472950;721426;6580093C;5987958;472963;721420;5987958C;Orange Polska S.A.;światłowodowe;-;Tak;Nie;-;-;-;podziemny w rurociągu;0.1;Nie
5840154;472804;721175;5840154C;5920317;472791;721210;5920317C;Orange Polska S.A.;światłowodowe;-;Tak;Nie;-;-;-;podziemny w kanalizacji;0.3;Nie
6386436;473221;721296;6386436C;6318342;473180;721324;6318342C;Światłowód Inwestycje Sp. z o. o.;światłowodowe;-;Tak;Nie;-;-;-;podziemny;0.1;Nie
6386436;473221;721296;6386436C;6325773;473193;721311;6325773C;Światłowód Inwestycje Sp. z o. o.;światłowodowe;-;Tak;Nie;-;-;-;podziemny;0.1;Nie
6032312;473234;721270;6032312C;6029075;473204;721251;6029075C;Światłowód Inwestycje Sp. z o. o.;światłowodowe;-;Tak;Nie;-;-;-;podziemny w kanalizacji;0.1;Nie
6531427;473895;721378;6531427C;5968099;473728;721078;5968099C;Orange Polska S.A.;światłowodowe;-;Tak;Nie;-;-;-;podziemny w kanalizacji;0.6;Nie
6531427;473895;721378;6531427C;6465662;473762;721216;6465662C;Orange Polska S.A.;światłowodowe;-;Tak;Nie;-;-;-;podziemny w kanalizacji;0.3;Nie
6669106;472923;721415;6669106N;6564543;472662;721517;6564543C;Orange Polska S.A.;światłowodowe;-;Tak;Nie;-;-;-;podziemny w kanalizacji;0.4;Nie
6507193;472704;721658;6507193C;6507734;472740;721654;6507734C;LOGITUS Sp. z o.o.;światłowodowe;-;Nie;Nie;-;-;-;podziemny w kanalizacji;0.1;Nie
6507408;472740;721654;6507408C;6507407;472794;721632;6507407C;LOGITUS Sp. z o.o.;światłowodowe;-;Nie;Nie;-;-;-;podziemny w kanalizacji;0.1;Nie
6023211;472982;721401;6023211C;6267485;472834;721520;6267485C;Orange Polska S.A.;światłowodowe;-;Tak;Nie;-;-;-;podziemny w kanalizacji;0.3;Nie
6023211;472982;721401;6023211C;6274035;472853;721493;6274035C;Orange Polska S.A.;światłowodowe;-;Tak;Nie;-;-;-;podziemny w kanalizacji;0.3;Nie
6023211;472982;721401;6023211C;6549322;472898;721502;6549322C;Orange Polska S.A.;światłowodowe;-;Tak;Nie;-;-;-;podziemny w kanalizacji;0.3;Nie
5906619;473119;721460;5906619C;6564543;472662;721517;6564543C;Orange Polska S.A.;światłowodowe;-;Tak;Nie;-;-;-;podziemny w kanalizacji;0.8;Nie
5808847;472918;721443;5808847C;6580093;472950;721426;6580093C;Orange Polska S.A.;światłowodowe;-;Tak;Nie;-;-;-;podziemny w kanalizacji;0.2;Nie
6032312;473234;721270;6032312C;6397738;473094;721265;6397738C;Światłowód Inwestycje Sp. z o. o.;światłowodowe;-;Tak;Nie;-;-;-;podziemny w kanalizacji;0.2;Nie
6124434;473133;721222;6124434C;5999998;473156;721190;5999998C;Światłowód Inwestycje Sp. z o. o.;światłowodowe;-;Tak;Nie;-;-;-;podziemny w rurociągu;0.1;Nie
6124434;473133;721222;6124434C;6002512;473182;721241;6002512C;Światłowód Inwestycje Sp. z o. o.;światłowodowe;-;Tak;Nie;-;-;-;podziemny w kanalizacji;0.1;Nie
6032312;473234;721270;6032312C;6124434;473133;721222;6124434C;Światłowód Inwestycje Sp. z o. o.;światłowodowe;-;Tak;Nie;-;-;-;podziemny w kanalizacji;0.2;Nie
6005254;473158;721232;6005254C;6032312;473234;721270;6032312C;Światłowód Inwestycje Sp. z o. o.;światłowodowe;-;Tak;Nie;-;-;-;podziemny w kanalizacji;0.1;Nie
5792561;473183;721275;5792561C;6385538;473175;721276;6385538C;Światłowód Inwestycje Sp. z o. o.;światłowodowe;-;Tak;Nie;-;-;-;podziemny w kanalizacji;0.1;Nie
6047048;473133;721313;6047048C;6052298;473158;721232;6052298C;Orange Polska S.A.;światłowodowe;-;Tak;Nie;-;-;-;podziemny w kanalizacji;0.3;Nie
6032312;473234;721270;6032312C;5780382;473199;721248;5780382C;Światłowód Inwestycje Sp. z o. o.;światłowodowe;-;Tak;Nie;-;-;-;podziemny w kanalizacji;0.1;Nie
5913515;472961;721128;5913515C;5936478;473066;721238;5936478C;Orange Polska S.A.;światłowodowe;-;Tak;Nie;-;-;-;podziemny w kanalizacji;0.2;Nie
5913515;472961;721128;5913515C;6241270;473050;721168;6241270C;Orange Polska S.A.;światłowodowe;-;Tak;Nie;-;-;-;podziemny w kanalizacji;0.1;Nie
5913515;472961;721128;5913515C;6539253;472995;721179;6539253C;Orange Polska S.A.;światłowodowe;-;Tak;Nie;-;-;-;podziemny w kanalizacji;0.1;Nie
5913515;472961;721128;5913515C;6560215;472990;721141;6560215C;Orange Polska S.A.;światłowodowe;-;Tak;Nie;-;-;-;podziemny w kanalizacji;0.1;Nie
6273190;472990;721141;6273190C;5913515;472961;721128;5913515C;Orange Polska S.A.;światłowodowe;-;Tak;Nie;-;-;-;podziemny w kanalizacji;0.1;Nie
6552895;472647;721335;6552895C;5714561;472737;721317;5714561C;Orange Polska S.A.;światłowodowe;-;Tak;Nie;-;-;-;podziemny w kanalizacji;0.4;Nie
6023211;472982;721401;6023211C;6552895;472647;721335;6552895C;Orange Polska S.A.;światłowodowe;-;Tak;Nie;-;-;-;podziemny w kanalizacji;0.6;Nie
6552895;472647;721335;6552895C;5926558;472676;721364;5926558C;Orange Polska S.A.;światłowodowe;-;Tak;Nie;-;-;-;podziemny w kanalizacji;0.2;Nie
6552895;472647;721335;6552895C;6426983;472721;721390;6426983C;Orange Polska S.A.;światłowodowe;-;Tak;Nie;-;-;-;podziemny w kanalizacji;0.2;Nie
6023211;472982;721401;6023211C;5907276;472838;721353;5907276C;Orange Polska S.A.;światłowodowe;-;Tak;Nie;-;-;-;podziemny w kanalizacji;0.2;Nie
6552895;472647;721335;6552895C;5817433;472657;721346;5817433C;Orange Polska S.A.;światłowodowe;-;Tak;Nie;-;-;-;podziemny w kanalizacji;0.1;Nie
5907276;472838;721353;5907276C;6004747;472878;721361;6004747C;Orange Polska S.A.;światłowodowe;-;Tak;Nie;-;-;-;podziemny w kanalizacji;0.1;Nie
5907276;472838;721353;5907276C;6273768;472773;721404;6273768C;Orange Polska S.A.;światłowodowe;-;Tak;Nie;-;-;-;podziemny w kanalizacji;0.2;Nie
6555945;472468;721247;6555945C;6301600;472419;721214;6301600C;Orange Polska S.A.;światłowodowe;-;Tak;Nie;-;-;-;podziemny w kanalizacji;0.1;Nie
6555945;472468;721247;6555945C;5701922;472418;721324;5701922C;Orange Polska S.A.;światłowodowe;-;Tak;Nie;-;-;-;podziemny w kanalizacji;0.2;Nie
5943097;472401;721547;5943097C;5956443;472332;721555;5956443C;Orange Polska S.A.;światłowodowe;-;Tak;Nie;-;-;-;podziemny w kanalizacji;0.1;Nie
5943097;472401;721547;5943097C;6053432;472465;721596;6053432C;Orange Polska S.A.;światłowodowe;-;Tak;Nie;-;-;-;podziemny w kanalizacji;0.2;Nie
6552895;472647;721335;6552895C;6017530;472609;721172;6017530C;Orange Polska S.A.;światłowodowe;-;Tak;Nie;-;-;-;podziemny w kanalizacji;0.3;Nie
6017530;472609;721172;6017530C;6284001;472618;721294;6284001C;Orange Polska S.A.;światłowodowe;-;Tak;Nie;-;-;-;podziemny w kanalizacji;0.2;Nie
6017530;472609;721172;6017530C;6253023;472656;721186;6253023C;Orange Polska S.A.;światłowodowe;-;Tak;Nie;-;-;-;podziemny w kanalizacji;0.2;Nie
5941476;472335;721207;5941476C;5997704;472452;721187;5997704C;Orange Polska S.A.;światłowodowe;-;Tak;Nie;-;-;-;podziemny w kanalizacji;0.2;Nie
6564543;472662;721517;6564543C;5941476;472335;721207;5941476C;Orange Polska S.A.;światłowodowe;-;Tak;Nie;-;-;-;podziemny w kanalizacji;0.6;Nie
5941476;472335;721207;5941476C;6555945;472468;721247;6555945C;Orange Polska S.A.;światłowodowe;-;Tak;Nie;-;-;-;podziemny w kanalizacji;0.2;Nie
6430272;472132;721055;6430272C;6632540;472057;721380;6632540N;UPC POLSKA sp. z o.o.;światłowodowe;-;Tak;Nie;-;-;-;podziemny w kanalizacji;0.1;Nie
7003549;473207;721656;7003549N;5725913;472061;721123;5725913C;JMDI.PL Spółka z ograniczoną odpowiedzialnością;światłowodowe;-;Tak;Tak;-;-;-;podziemny w kanalizacji;2.5;Nie
7049539;473207;721656;7049539N;5726035;472061;721123;5726035C;JMDI Jacek Maleszko;światłowodowe;-;Tak;Tak;-;-;-;podziemny w kanalizacji;2.5;Nie
6695969;473207;721656;6695969N;5730875;472061;721123;5730875C;JMDI Sp. z o.o.;światłowodowe;-;Tak;Tak;-;-;-;podziemny w kanalizacji;2.5;Nie
5731630;473207;721656;5731630C;5731855;472090;721077;5731855C;Point Sp. z o.o.;światłowodowe;-;Tak;Tak;-;-;-;podziemny w kanalizacji;2.6;Nie
5731630;473207;721656;5731630C;5731854;472061;721123;5731854C;Point Sp. z o.o.;światłowodowe;-;Tak;Tak;-;-;-;podziemny w kanalizacji;2.5;Nie
6536355;472057;721498;6536355C;5930315;472062;721342;5930315C;Orange Polska S.A.;światłowodowe;-;Tak;Nie;-;-;-;podziemny w kanalizacji;0.2;Nie
5941476;472335;721207;5941476C;5931803;472310;721215;5931803C;Orange Polska S.A.;światłowodowe;-;Tak;Nie;-;-;-;podziemny w kanalizacji;0.1;Nie
5920432;472214;721041;5920432C;5974631;472175;721309;5974631C;Orange Polska S.A.;światłowodowe;-;Tak;Nie;-;-;-;podziemny w kanalizacji;0.4;Nie
5920432;472214;721041;5920432C;5946141;472186;721054;5946141C;Orange Polska S.A.;światłowodowe;-;Tak;Nie;-;-;-;podziemny w kanalizacji;0.2;Nie
5920432;472214;721041;5920432C;6549401;472192;721254;6549401C;Orange Polska S.A.;światłowodowe;-;Tak;Nie;-;-;-;podziemny w kanalizacji;0.3;Nie
5920432;472214;721041;5920432C;5724895;472206;721097;5724895C;Orange Polska S.A.;światłowodowe;-;Tak;Nie;-;-;-;podziemny w kanalizacji;0.2;Nie
5920432;472214;721041;5920432C;6295346;472192;721185;6295346C;Orange Polska S.A.;światłowodowe;-;Tak;Nie;-;-;-;podziemny w kanalizacji;0.2;Nie
5941476;472335;721207;5941476C;5920432;472214;721041;5920432C;Orange Polska S.A.;światłowodowe;-;Tak;Nie;-;-;-;podziemny w kanalizacji;0.3;Nie
6552895;472647;721335;6552895C;5800134;472691;721073;5800134C;Orange Polska S.A.;światłowodowe;-;Tak;Nie;-;-;-;podziemny w kanalizacji;0.4;Nie
7003549;473207;721656;7003549N;5725914;472090;721077;5725914C;JMDI.PL Spółka z ograniczoną odpowiedzialnością;światłowodowe;-;Tak;Tak;-;-;-;podziemny w kanalizacji;2.6;Nie
7049539;473207;721656;7049539N;5726036;472090;721077;5726036C;JMDI Jacek Maleszko;światłowodowe;-;Tak;Tak;-;-;-;podziemny w kanalizacji;2.6;Nie
6695969;473207;721656;6695969N;5730876;472090;721077;5730876C;JMDI Sp. z o.o.;światłowodowe;-;Tak;Tak;-;-;-;podziemny w kanalizacji;2.6;Nie
6017530;472609;721172;6017530C;5727744;472674;721258;5727744C;Orange Polska S.A.;światłowodowe;-;Tak;Nie;-;-;-;podziemny w kanalizacji;0.2;Nie
7003549;473207;721656;7003549N;5725915;472098;721028;5725915C;JMDI.PL Spółka z ograniczoną odpowiedzialnością;światłowodowe;-;Tak;Tak;-;-;-;podziemny w kanalizacji;2.9;Nie
7049539;473207;721656;7049539N;5726037;472098;721028;5726037C;JMDI Jacek Maleszko;światłowodowe;-;Tak;Tak;-;-;-;podziemny w kanalizacji;2.9;Nie
6695969;473207;721656;6695969N;5730877;472098;721028;5730877C;JMDI Sp. z o.o.;światłowodowe;-;Tak;Tak;-;-;-;podziemny w kanalizacji;2.9;Nie
5731630;473207;721656;5731630C;5731856;472098;721028;5731856C;Point Sp. z o.o.;światłowodowe;-;Tak;Tak;-;-;-;podziemny w kanalizacji;2.9;Nie
5685378;472510;721052;5685378C;5753078;472491;721012;5753078C;Orange Polska S.A.;światłowodowe;-;Tak;Nie;-;-;-;podziemny w kanalizacji;0.1;Nie
5685378;472510;721052;5685378C;5719536;472520;721024;5719536C;Orange Polska S.A.;światłowodowe;-;Tak;Nie;-;-;-;podziemny w kanalizacji;0.1;Nie
6017530;472609;721172;6017530C;5685378;472510;721052;5685378C;Orange Polska S.A.;światłowodowe;-;Tak;Nie;-;-;-;podziemny w kanalizacji;0.2;Nie
5685378;472510;721052;5685378C;6054057;472546;721076;6054057C;Orange Polska S.A.;światłowodowe;-;Tak;Nie;-;-;-;podziemny w kanalizacji;0.1;Nie
6017530;472609;721172;6017530C;5981880;472583;721140;5981880C;Orange Polska S.A.;światłowodowe;-;Tak;Nie;-;-;-;podziemny w kanalizacji;0.2;Nie
7003549;473207;721656;7003549N;5725917;472101;720962;5725917C;JMDI.PL Spółka z ograniczoną odpowiedzialnością;światłowodowe;-;Tak;Tak;-;-;-;podziemny w kanalizacji;2.7;Nie
7049539;473207;721656;7049539N;5726039;472101;720962;5726039C;JMDI Jacek Maleszko;światłowodowe;-;Tak;Tak;-;-;-;podziemny w kanalizacji;2.7;Nie
6023211;472982;721401;6023211C;6572380;472280;720989;6572380C;Orange Polska S.A.;światłowodowe;-;Tak;Nie;-;-;-;podziemny w kanalizacji;1.4;Nie
7003549;473207;721656;7003549N;5725916;472093;720998;5725916C;JMDI.PL Spółka z ograniczoną odpowiedzialnością;światłowodowe;-;Tak;Tak;-;-;-;podziemny w kanalizacji;2.8;Nie
7049539;473207;721656;7049539N;5726038;472093;720998;5726038C;JMDI Jacek Maleszko;światłowodowe;-;Tak;Tak;-;-;-;podziemny w kanalizacji;2.8;Nie
6695969;473207;721656;6695969N;5730879;472101;720962;5730879C;JMDI Sp. z o.o.;światłowodowe;-;Tak;Tak;-;-;-;podziemny w kanalizacji;2.7;Nie
6695969;473207;721656;6695969N;5730878;472093;720998;5730878C;JMDI Sp. z o.o.;światłowodowe;-;Tak;Tak;-;-;-;podziemny w kanalizacji;2.8;Nie
5731630;473207;721656;5731630C;5731858;472101;720962;5731858C;Point Sp. z o.o.;światłowodowe;-;Tak;Tak;-;-;-;podziemny w kanalizacji;2.7;Nie
5731630;473207;721656;5731630C;5731857;472093;720998;5731857C;Point Sp. z o.o.;światłowodowe;-;Tak;Tak;-;-;-;podziemny w kanalizacji;2.8;Nie
5920432;472214;721041;5920432C;6235672;471926;720819;6235672C;Orange Polska S.A.;światłowodowe;-;Tak;Nie;-;-;-;podziemny w kanalizacji;0.4;Nie
6430272;472132;721055;6430272C;6632546;472108;720969;6632546N;UPC POLSKA sp. z o.o.;światłowodowe;-;Tak;Nie;-;-;-;podziemny w kanalizacji;0.1;Nie
6123723;472328;720987;6123723C;6149864;472314;720951;6149864C;Światłowód Inwestycje Sp. z o. o.;światłowodowe;-;Tak;Nie;-;-;-;podziemny w kanalizacji;0.1;Nie
6123723;472328;720987;6123723C;6307556;472325;720947;6307556C;Światłowód Inwestycje Sp. z o. o.;światłowodowe;-;Tak;Nie;-;-;-;podziemny w kanalizacji;0.1;Nie
6578963;472961;721634;6578963C;6578961;472399;720946;6578961C;GDAŃSK-MIASTO NA PRAWACH POWIATU;światłowodowe;-;Nie;Nie;-;-;-;podziemny w kanalizacji;0.9;Nie
6198528;473305;721040;6198528C;7009151;472631;720900;7009151N;NETIA S.A.;światłowodowe;-;Nie;Nie;-;-;-;podziemny;0.8;Nie
6427581;473192;721607;6427581C;5942099;473671;720897;5942099C;Orange Polska S.A.;światłowodowe;-;Tak;Nie;-;-;-;podziemny w kanalizacji;2.1;Nie
6298385;473313;721708;6298385C;6565252;473518;721698;6565252C;Orange Polska S.A.;światłowodowe;-;Tak;Nie;-;-;-;podziemny w kanalizacji;0.3;Nie
7088282;473400;721840;7088282N;6583130;473814;720787;6583130C;Orange Polska S.A.;światłowodowe;-;Tak;Nie;-;-;-;podziemny w kanalizacji;2.4;Nie
6531427;473895;721378;6531427C;6317528;473696;720748;6317528C;Orange Polska S.A.;światłowodowe;-;Tak;Nie;-;-;-;podziemny w kanalizacji;0.9;Nie
7119440;473617;720913;7119440N;6198528;473305;721040;6198528C;NETIA S.A.;światłowodowe;-;Nie;Nie;-;-;-;podziemny;0.4;Nie
5820525;473696;720748;5820525C;6052596;473603;720785;6052596C;Orange Polska S.A.;światłowodowe;-;Tak;Nie;-;-;-;podziemny w kanalizacji;0.3;Nie
5726173;473810;720829;5726173C;5820525;473696;720748;5820525C;Orange Polska S.A.;światłowodowe;-;Tak;Nie;-;-;-;podziemny w kanalizacji;0.3;Nie
7119440;473617;720913;7119440N;6748789;473671;720897;6748789N;NETIA S.A.;światłowodowe;-;Nie;Nie;-;-;-;podziemny;0.2;Nie
7006520;473671;720897;7006520N;7119440;473617;720913;7119440N;NETIA S.A.;światłowodowe;-;Nie;Nie;-;-;-;podziemny;0.2;Nie
6123723;472328;720987;6123723C;6313693;472306;720916;6313693C;Światłowód Inwestycje Sp. z o. o.;światłowodowe;-;Tak;Nie;-;-;-;podziemny w kanalizacji;0.2;Nie
6274866;472726;720815;6274866C;6402441;472766;720863;6402441C;Orange Polska S.A.;światłowodowe;-;Tak;Nie;-;-;-;podziemny w kanalizacji;0.1;Nie
6766449;472857;720702;6766449N;6766270;472761;720738;6766270N;UPC POLSKA sp. z o.o.;światłowodowe;-;Tak;Nie;-;-;-;podziemny w kanalizacji;0.2;Nie
5669547;472840;720542;5669547C;6766449;472857;720702;6766449N;UPC POLSKA sp. z o.o.;światłowodowe;-;Tak;Nie;-;-;-;podziemny w kanalizacji;0.2;Nie
5726173;473810;720829;5726173C;6541821;473270;720160;6541821C;Orange Polska S.A.;światłowodowe;-;Tak;Nie;-;-;-;podziemny w kanalizacji;1.7;Nie
6198891;473556;720209;6198891C;7011799;473342;720190;7011799N;NETIA S.A.;światłowodowe;-;Nie;Nie;-;-;-;podziemny;0.4;Nie
6444123;473579;720286;6444123C;6566721;473655;720214;6566721C;Orange Polska S.A.;światłowodowe;-;Tak;Nie;-;-;-;podziemny w kanalizacji;0.1;Nie
6430266;473286;720523;6430266C;6633890;473130;720592;6633890N;UPC POLSKA sp. z o.o.;światłowodowe;-;Tak;Nie;-;-;-;podziemny w kanalizacji;0.2;Nie
6382399;473646;720659;6382399C;6386534;473657;720613;6386534C;Światłowód Inwestycje Sp. z o. o.;światłowodowe;-;Tak;Nie;-;-;-;podziemny w kanalizacji;0.2;Nie
6317528;473696;720748;6317528C;5717947;473371;720946;5717947C;Orange Polska S.A.;światłowodowe;-;Tak;Nie;-;-;-;podziemny w kanalizacji;0.4;Nie
5717947;473371;720946;5717947C;6648469;473671;720897;6648469N;Orange Polska S.A.;światłowodowe;-;Tak;Nie;-;-;-;podziemny w kanalizacji;0.5;Nie
5919861;471899;720876;5919861C;6552157;471928;720878;6552157C;Orange Polska S.A.;światłowodowe;-;Tak;Nie;-;-;-;podziemny w kanalizacji;0.2;Nie
6235672;471926;720819;6235672C;5693751;472033;720793;5693751C;Orange Polska S.A.;światłowodowe;-;Tak;Nie;-;-;-;podziemny w kanalizacji;0.2;Nie
6572380;472280;720989;6572380C;6235672;471926;720819;6235672C;Orange Polska S.A.;światłowodowe;-;Tak;Nie;-;-;-;podziemny w kanalizacji;0.4;Nie
5669472;471968;720862;5669472C;6634292;471977;720785;6634292N;UPC POLSKA sp. z o.o.;światłowodowe;-;Tak;Nie;-;-;-;podziemny w kanalizacji;0.1;Nie
5669471;472035;720652;5669471C;6634301;472075;720637;6634301N;UPC POLSKA sp. z o.o.;światłowodowe;-;Tak;Nie;-;-;-;podziemny w kanalizacji;0.1;Nie
6572380;472280;720989;6572380C;6290359;472195;720951;6290359C;Orange Polska S.A.;światłowodowe;-;Tak;Nie;-;-;-;podziemny w kanalizacji;0.2;Nie
6541960;471984;720769;6541960C;6052882;472050;720730;6052882C;Orange Polska S.A.;światłowodowe;-;Tak;Nie;-;-;-;podziemny w kanalizacji;0.1;Nie
6235672;471926;720819;6235672C;6563274;471839;720821;6563274C;Orange Polska S.A.;światłowodowe;-;Tak;Nie;-;-;-;podziemny w kanalizacji;0.2;Nie
5964406;472880;720792;5964406C;5951388;472867;720751;5951388C;Orange Polska S.A.;światłowodowe;-;Tak;Nie;-;-;-;podziemny w kanalizacji;0.1;Nie
6274674;472959;720748;6274674C;5964406;472880;720792;5964406C;Orange Polska S.A.;światłowodowe;-;Tak;Nie;-;-;-;podziemny;0.3;Nie
6274674;472959;720748;6274674C;5862756;472908;720866;5862756C;Orange Polska S.A.;światłowodowe;-;Tak;Nie;-;-;-;podziemny w kanalizacji;0.3;Nie
6264417;472929;720777;6264417C;5923390;472927;720820;5923390C;Orange Polska S.A.;światłowodowe;-;Tak;Nie;-;-;-;podziemny w kanalizacji;0.2;Nie
6274674;472959;720748;6274674C;6264417;472929;720777;6264417C;Orange Polska S.A.;światłowodowe;-;Tak;Nie;-;-;-;podziemny w kanalizacji;0.1;Nie
6274674;472959;720748;6274674C;6274866;472726;720815;6274866C;Orange Polska S.A.;światłowodowe;-;Tak;Nie;-;-;-;podziemny w kanalizacji;0.4;Nie
5862756;472908;720866;5862756C;5820265;472887;720821;5820265C;Orange Polska S.A.;światłowodowe;-;Tak;Nie;-;-;-;podziemny w kanalizacji;0.1;Nie
6573267;473213;720633;6573267C;6577205;473276;720680;6577205C;Orange Polska S.A.;światłowodowe;-;Tak;Nie;-;-;-;podziemny;0.5;Nie
6573267;473213;720633;6573267C;6155870;473341;720688;6155870C;Orange Polska S.A.;światłowodowe;-;Tak;Nie;-;-;-;podziemny;0.5;Nie
6279431;473223;720924;6279431C;6573267;473213;720633;6573267C;Orange Polska S.A.;światłowodowe;-;Tak;Nie;-;-;-;podziemny w kanalizacji;0.5;Nie
5717947;473371;720946;5717947C;6173680;473237;720851;6173680C;Orange Polska S.A.;światłowodowe;-;Tak;Nie;-;-;-;podziemny w kanalizacji;0.6;Nie
5717947;473371;720946;5717947C;6271671;473281;720846;6271671C;Orange Polska S.A.;światłowodowe;-;Tak;Nie;-;-;-;podziemny w kanalizacji;0.5;Nie
5814087;473362;720914;5814087C;6992562;473379;720801;6992562N;Orange Polska S.A.;światłowodowe;-;Tak;Nie;-;-;-;podziemny w kanalizacji;0.3;Nie
5717947;473371;720946;5717947C;6571007;473308;720986;6571007C;Orange Polska S.A.;światłowodowe;-;Tak;Nie;-;-;-;podziemny w kanalizacji;0.2;Nie
6274674;472959;720748;6274674C;6586372;473030;720528;6586372C;Orange Polska S.A.;światłowodowe;-;Tak;Nie;-;-;-;podziemny w kanalizacji;0.7;Nie
5717947;473371;720946;5717947C;6274674;472959;720748;6274674C;Orange Polska S.A.;światłowodowe;-;Tak;Nie;-;-;-;podziemny w kanalizacji;0.6;Nie
6430264;473099;720825;6430264C;6430266;473286;720523;6430266C;UPC POLSKA sp. z o.o.;światłowodowe;-;Tak;Nie;-;-;-;podziemny w kanalizacji;0.6;Nie
6271671;473281;720846;6271671C;6259258;473169;720817;6259258C;Orange Polska S.A.;światłowodowe;-;Tak;Nie;-;-;-;podziemny w kanalizacji;0.2;Nie
6586372;473030;720528;6586372C;6055548;473055;720565;6055548C;Orange Polska S.A.;światłowodowe;-;Tak;Nie;-;-;-;podziemny w kanalizacji;0.1;Nie
6279431;473223;720924;6279431C;6565317;473134;720679;6565317C;Orange Polska S.A.;światłowodowe;-;Tak;Nie;-;-;-;podziemny w kanalizacji;0.4;Nie
6573267;473213;720633;6573267C;5915119;473197;720720;5915119C;Orange Polska S.A.;światłowodowe;-;Tak;Nie;-;-;-;podziemny;0.2;Nie
6274674;472959;720748;6274674C;5732632;473091;720858;5732632C;Orange Polska S.A.;światłowodowe;-;Tak;Nie;-;-;-;podziemny w kanalizacji;0.2;Nie
5905055;471794;721030;5905055C;6405214;471725;721002;6405214C;Orange Polska S.A.;światłowodowe;-;Tak;Nie;-;-;-;podziemny w kanalizacji;0.2;Nie
6563274;471839;720821;6563274C;6432231;471761;720694;6432231C;Orange Polska S.A.;światłowodowe;-;Tak;Nie;-;-;-;podziemny w kanalizacji;0.3;Nie
6563274;471839;720821;6563274C;5677212;471767;720523;5677212C;Orange Polska S.A.;światłowodowe;-;Tak;Nie;-;-;-;podziemny w kanalizacji;0.4;Nie
5671908;471882;720652;5671908C;6634221;471806;720732;6634221N;UPC POLSKA sp. z o.o.;światłowodowe;-;Tak;Nie;-;-;-;podziemny w kanalizacji;0.3;Nie
6256638;471767;720755;6256638C;6465099;471803;720779;6465099C;Orange Polska S.A.;światłowodowe;-;Tak;Nie;-;-;-;podziemny w kanalizacji;0.1;Nie
6563274;471839;720821;6563274C;5934955;471761;720601;5934955C;Orange Polska S.A.;światłowodowe;-;Tak;Nie;-;-;-;podziemny w kanalizacji;0.4;Nie
6564508;472842;720400;6564508C;5830509;472868;720347;5830509C;Orange Polska S.A.;światłowodowe;-;Tak;Nie;-;-;-;podziemny w kanalizacji;0.1;Nie
6274674;472959;720748;6274674C;6564508;472842;720400;6564508C;Orange Polska S.A.;światłowodowe;-;Tak;Nie;-;-;-;podziemny w kanalizacji;0.6;Nie
6393838;472956;720150;6393838C;6331924;473036;720366;6331924C;Światłowód Inwestycje Sp. z o. o.;światłowodowe;-;Tak;Nie;-;-;-;podziemny w kanalizacji;0.7;Nie
6541821;473270;720160;6541821C;6570770;472956;720150;6570770C;Orange Polska S.A.;światłowodowe;-;Tak;Nie;-;-;-;podziemny w kanalizacji;0.5;Nie
6570770;472956;720150;6570770C;5742570;472980;720179;5742570C;Orange Polska S.A.;światłowodowe;-;Tak;Nie;-;-;-;podziemny w kanalizacji;0.2;Nie
6331924;473036;720366;6331924C;5832356;473058;720389;5832356C;Światłowód Inwestycje Sp. z o. o.;światłowodowe;-;Tak;Nie;-;-;-;podziemny;0.1;Nie
6156208;475403;721622;6156208C;6278677;475266;721681;6278677C;Orange Polska S.A.;światłowodowe;-;Tak;Nie;-;-;-;podziemny w kanalizacji;0.2;Nie
6596127;475625;721689;6596127C;6596126;476393;720478;6596126C;Towerlink Poland Sp. z o. o.;światłowodowe;-;Tak;Tak;-;-;-;podziemny;1.6;Nie
6488038;477471;721705;6488038C;6488037;477159;721581;6488037C;MULTIMEDIA  POLSKA  Sp. z o. o.;światłowodowe;-;Nie;Nie;-;-;-;podziemny w kanalizacji;0.8;Nie
6487867;477471;721705;6487867C;6488024;477463;721748;6488024C;MULTIMEDIA  POLSKA  Sp. z o. o.;światłowodowe;-;Nie;Nie;-;-;-;podziemny;0.1;Nie
6488038;477471;721705;6488038C;6487866;477406;721748;6487866C;MULTIMEDIA  POLSKA  Sp. z o. o.;światłowodowe;-;Nie;Nie;-;-;-;podziemny w kanalizacji;0.2;Nie
6487866;477406;721748;6487866C;6487865;477413;721706;6487865C;MULTIMEDIA  POLSKA  Sp. z o. o.;światłowodowe;-;Nie;Nie;-;-;-;podziemny;0.1;Nie
5982275;477525;721669;5982275C;6125900;477398;721668;6125900C;Światłowód Inwestycje Sp. z o. o.;światłowodowe;-;Tak;Nie;-;-;-;podziemny w kanalizacji;0.2;Nie
6198459;477104;721508;6198459C;6198242;476999;721723;6198242C;NETIA S.A.;światłowodowe;-;Nie;Nie;-;-;-;podziemny;0.4;Nie
6198242;476999;721723;6198242C;6748069;477009;721706;6748069N;NETIA S.A.;światłowodowe;-;Nie;Nie;-;-;-;podziemny;0.2;Nie
6026396;476247;721007;6026396C;6567989;475033;721364;6567989C;Orange Polska S.A.;światłowodowe;-;Tak;Nie;-;-;-;podziemny w kanalizacji;0.2;Nie
6567989;475033;721364;6567989C;5916459;475124;721388;5916459C;Orange Polska S.A.;światłowodowe;-;Tak;Nie;-;-;-;podziemny;0.2;Nie
6009355;477327;721570;6009355C;7064231;477270;720591;7064231N;Orange Polska S.A.;światłowodowe;-;Tak;Nie;-;-;-;podziemny w kanalizacji;1.1;Nie
5982474;477468;721385;5982474C;7000641;477280;721302;7000641N;Orange Polska S.A.;światłowodowe;-;Tak;Nie;-;-;-;podziemny w kanalizacji;0.3;Nie
7147909;477336;721312;7147909N;7147910;477342;721312;7147910N;NETIA S.A.;światłowodowe;-;Nie;Nie;-;-;-;podziemny;0.2;Nie
5998638;476078;721481;5998638C;5818454;475948;721456;5818454C;Orange Polska S.A.;światłowodowe;-;Tak;Nie;-;-;-;podziemny w kanalizacji;0.3;Nie
6980105;476680;720872;6980105N;6564265;476602;720478;6564265C;Orange Polska S.A.;światłowodowe;-;Tak;Nie;-;-;-;podziemny w kanalizacji;0.7;Nie
5754490;477056;721358;5754490C;5911104;477032;721117;5911104C;Orange Polska S.A.;światłowodowe;-;Tak;Nie;-;-;-;podziemny w kanalizacji;0.5;Nie
5716955;477079;721370;5716955C;5685830;477163;721097;5685830C;Orange Polska S.A.;światłowodowe;-;Tak;Nie;-;-;-;podziemny w kanalizacji;0.4;Nie
5814918;476197;721143;5814918C;6247234;475987;721389;6247234C;Orange Polska S.A.;światłowodowe;-;Tak;Nie;-;-;-;podziemny w kanalizacji;0.4;Nie
6445770;476778;721214;6445770C;6585959;476528;721059;6585959C;Orange Polska S.A.;światłowodowe;-;Tak;Nie;-;-;-;podziemny;0.5;Nie
6363864;474247;720340;6363864C;6113101;474107;720298;6113101C;Światłowód Inwestycje Sp. z o. o.;światłowodowe;-;Tak;Nie;-;-;-;podziemny w kanalizacji;0.3;Nie
6584153;474119;720385;6584153C;5990561;474270;720457;5990561C;Orange Polska S.A.;światłowodowe;-;Tak;Nie;-;-;-;podziemny w kanalizacji;0.2;Nie
6500739;474178;720409;6500739C;6480296;474519;720531;6480296C;3s Spółka Akcyjna;światłowodowe;-;Tak;Nie;-;-;-;podziemny w kanalizacji;0.6;Nie
6276598;474566;720503;6276598C;6402694;474247;720340;6402694C;Orange Polska S.A.;światłowodowe;-;Tak;Nie;-;-;-;podziemny w kanalizacji;0.4;Nie
6430257;474009;720334;6430257C;6768828;474307;720370;6768828N;UPC POLSKA sp. z o.o.;światłowodowe;-;Tak;Nie;-;-;-;podziemny w kanalizacji;0.4;Nie
6370661;473998;720909;6370661C;5982564;474059;720870;5982564C;Światłowód Inwestycje Sp. z o. o.;światłowodowe;-;Tak;Nie;-;-;-;podziemny w kanalizacji;0.1;Nie
6370661;473998;720909;6370661C;6329848;474088;720911;6329848C;Światłowód Inwestycje Sp. z o. o.;światłowodowe;-;Tak;Nie;-;-;-;podziemny w kanalizacji;0.2;Nie
5684810;473998;720909;5684810C;5684793;474031;720962;5684793C;Orange Polska S.A.;światłowodowe;-;Tak;Nie;-;-;-;podziemny w kanalizacji;0.2;Nie
6440768;474344;721101;6440768C;6582687;474293;721159;6582687C;Orange Polska S.A.;światłowodowe;-;Tak;Nie;-;-;-;podziemny w kanalizacji;0.2;Nie
6532719;474270;720457;6532719C;5814087;473362;720914;5814087C;Orange Polska S.A.;światłowodowe;-;Tak;Nie;-;-;-;podziemny w kanalizacji;1.2;Nie
6382399;473646;720659;6382399C;6028409;473548;720651;6028409C;Światłowód Inwestycje Sp. z o. o.;światłowodowe;-;Tak;Nie;-;-;-;podziemny w kanalizacji;0.2;Nie
6951067;473671;720897;6951067N;6093983;475424;720589;6093983C;T-MOBILE POLSKA S.A.;światłowodowe;-;Nie;Nie;-;-;-;podziemny;2.3;Nie
6370661;473998;720909;6370661C;5992174;474113;720749;5992174C;Światłowód Inwestycje Sp. z o. o.;światłowodowe;-;Tak;Nie;-;-;-;podziemny w kanalizacji;0.3;Nie
5704319;474509;720616;5704319C;6231593;474495;720629;6231593C;Orange Polska S.A.;światłowodowe;-;Tak;Nie;-;-;-;podziemny w kanalizacji;0.1;Nie
6006049;474707;720721;6006049C;5704319;474509;720616;5704319C;Orange Polska S.A.;światłowodowe;-;Tak;Nie;-;-;-;podziemny w kanalizacji;0.4;Nie
6032312;473234;721270;6032312C;6328784;473251;721251;6328784C;Światłowód Inwestycje Sp. z o. o.;światłowodowe;-;Tak;Nie;-;-;-;podziemny;0.1;Nie
6032312;473234;721270;6032312C;5809522;473247;721257;5809522C;Światłowód Inwestycje Sp. z o. o.;światłowodowe;-;Tak;Nie;-;-;-;podziemny;0.1;Nie
6032312;473234;721270;6032312C;6122483;473242;721261;6122483C;Światłowód Inwestycje Sp. z o. o.;światłowodowe;-;Tak;Nie;-;-;-;podziemny;0.1;Nie
6032312;473234;721270;6032312C;5840200;473239;721266;5840200C;Światłowód Inwestycje Sp. z o. o.;światłowodowe;-;Tak;Nie;-;-;-;podziemny;0.1;Nie
6370661;473998;720909;6370661C;6293568;474116;720821;6293568C;Światłowód Inwestycje Sp. z o. o.;światłowodowe;-;Tak;Nie;-;-;-;podziemny w kanalizacji;0.2;Nie
7051080;474436;721150;7051080N;5726173;473810;720829;5726173C;Orange Polska S.A.;światłowodowe;-;Tak;Nie;-;-;-;podziemny w kanalizacji;1.6;Nie
6370661;473998;720909;6370661C;5803319;474016;720844;5803319C;Światłowód Inwestycje Sp. z o. o.;światłowodowe;-;Tak;Nie;-;-;-;podziemny w kanalizacji;0.1;Nie
7051080;474436;721150;7051080N;6279431;473223;720924;6279431C;Orange Polska S.A.;światłowodowe;-;Tak;Nie;-;-;-;podziemny;1.8;Nie
6695969;473207;721656;6695969N;5730574;477705;720291;5730574C;JMDI Sp. z o.o.;światłowodowe;-;Tak;Tak;-;-;-;podziemny w kanalizacji;6.9;Nie
6214142;473812;720783;6214142C;6214143;473538;720900;6214143C;NAUKOWA I AKADEMICKA SIEĆ KOMPUTEROWA - PAŃSTWOWY INSTYTUT BADAWCZY;światłowodowe;-;Nie;Nie;-;-;-;podziemny w kanalizacji;0.4;Nie
7051080;474436;721150;7051080N;5911809;473659;720284;5911809C;Orange Polska S.A.;światłowodowe;-;Tak;Nie;-;-;-;podziemny w kanalizacji;2.1;Nie
6968998;473844;720289;6968998N;6578992;474445;720626;6578992C;GDAŃSK-MIASTO NA PRAWACH POWIATU;światłowodowe;-;Nie;Nie;-;-;-;podziemny w kanalizacji;0.8;Nie
6370661;473998;720909;6370661C;6023694;474049;720791;6023694C;Światłowód Inwestycje Sp. z o. o.;światłowodowe;-;Tak;Nie;-;-;-;podziemny w kanalizacji;0.2;Nie
6473981;474974;721263;6473981C;5654525;475326;721613;5654525C;Orange Polska S.A.;światłowodowe;-;Tak;Nie;-;-;-;podziemny w kanalizacji;0.6;Nie
6198890;474816;720602;6198890C;6198891;473556;720209;6198891C;NETIA S.A.;światłowodowe;-;Nie;Nie;-;-;-;podziemny;1.7;Tak
6473981;474974;721263;6473981C;6299653;475444;721330;6299653C;Orange Polska S.A.;światłowodowe;-;Tak;Nie;-;-;-;podziemny w kanalizacji;0.6;Nie
7064231;477270;720591;7064231N;6262791;477439;720959;6262791C;Orange Polska S.A.;światłowodowe;-;Tak;Nie;-;-;-;podziemny w kanalizacji;0.6;Nie
6160846;477474;720633;6160846C;5814696;477526;720590;5814696C;Orange Polska S.A.;światłowodowe;-;Tak;Nie;-;-;-;podziemny w kanalizacji;0.2;Nie
6027252;477618;720930;6027252C;6553352;477707;720955;6553352C;Orange Polska S.A.;światłowodowe;-;Tak;Nie;-;-;-;podziemny w kanalizacji;0.2;Nie
5910009;477446;720944;5910009C;5972479;477392;721007;5972479C;Orange Polska S.A.;światłowodowe;-;Tak;Nie;-;-;-;podziemny w kanalizacji;0.2;Nie
5805043;477612;721130;5805043C;6565612;477594;721128;6565612C;Orange Polska S.A.;światłowodowe;-;Tak;Nie;-;-;-;podziemny w kanalizacji;0.1;Nie
6027252;477618;720930;6027252C;6232051;477664;720963;6232051C;Orange Polska S.A.;światłowodowe;-;Tak;Nie;-;-;-;podziemny w kanalizacji;0.1;Nie
6537984;477433;720552;6537984C;5985795;477258;720619;5985795C;Orange Polska S.A.;światłowodowe;-;Tak;Nie;-;-;-;podziemny w kanalizacji;0.2;Nie
6160846;477474;720633;6160846C;6556172;477461;720572;6556172C;Orange Polska S.A.;światłowodowe;-;Tak;Nie;-;-;-;podziemny w kanalizacji;0.1;Nie
7064231;477270;720591;7064231N;6160846;477474;720633;6160846C;Orange Polska S.A.;światłowodowe;-;Tak;Nie;-;-;-;podziemny w kanalizacji;0.6;Nie
6160846;477474;720633;6160846C;6582838;477447;720630;6582838C;Orange Polska S.A.;światłowodowe;-;Tak;Nie;-;-;-;podziemny w kanalizacji;0.1;Nie
6019464;477244;720516;6019464C;6228123;477478;720200;6228123C;Orange Polska S.A.;światłowodowe;-;Tak;Nie;-;-;-;podziemny w kanalizacji;0.7;Nie
6838879;477671;720344;6838879N;5944993;477599;720211;5944993C;Orange Polska S.A.;światłowodowe;-;Tak;Nie;-;-;-;podziemny w kanalizacji;0.2;Nie
7064231;477270;720591;7064231N;6838879;477671;720344;6838879N;Orange Polska S.A.;światłowodowe;-;Tak;Nie;-;-;-;podziemny w kanalizacji;0.7;Nie
6838879;477671;720344;6838879N;6299999;477689;720389;6299999C;Orange Polska S.A.;światłowodowe;-;Tak;Nie;-;-;-;podziemny w kanalizacji;0.2;Nie
6838879;477671;720344;6838879N;5979319;477701;720351;5979319C;Orange Polska S.A.;światłowodowe;-;Tak;Nie;-;-;-;podziemny w kanalizacji;0.1;Nie
5905160;477552;720391;5905160C;6537984;477433;720552;6537984C;Orange Polska S.A.;światłowodowe;-;Tak;Nie;-;-;-;podziemny w kanalizacji;0.3;Nie
6198478;477069;720466;6198478C;6198240;477054;720146;6198240C;NETIA S.A.;światłowodowe;-;Nie;Nie;-;-;-;podziemny;0.4;Nie
6198241;477069;720471;6198241C;6198240;477054;720146;6198240C;NETIA S.A.;światłowodowe;-;Nie;Nie;-;-;-;podziemny;0.5;Nie
6594168;476993;720318;6594168C;6596116;477478;720200;6596116C;Towerlink Poland Sp. z o. o.;światłowodowe;-;Tak;Tak;-;-;-;podziemny;0.7;Nie
6591919;477117;720399;6591919C;6596122;477478;720200;6596122C;Towerlink Poland Sp. z o. o.;światłowodowe;-;Tak;Tak;-;-;-;podziemny;0.6;Nie
5805531;473810;720829;5805531C;6382399;473646;720659;6382399C;Światłowód Inwestycje Sp. z o. o.;światłowodowe;-;Tak;Nie;-;-;-;podziemny w kanalizacji;0.4;Nie
5814087;473362;720914;5814087C;6648469;473671;720897;6648469N;Orange Polska S.A.;światłowodowe;-;Tak;Nie;-;-;-;podziemny w kanalizacji;0.6;Nie
5717947;473371;720946;5717947C;6163656;473538;720900;6163656C;Orange Polska S.A.;światłowodowe;-;Tak;Nie;-;-;-;podziemny w kanalizacji;0.3;Nie
6370661;473998;720909;6370661C;6030708;473978;720966;6030708C;Światłowód Inwestycje Sp. z o. o.;światłowodowe;-;Tak;Nie;-;-;-;podziemny w kanalizacji;0.2;Nie
5717947;473371;720946;5717947C;6241644;473305;721040;6241644C;Orange Polska S.A.;światłowodowe;-;Tak;Nie;-;-;-;podziemny w kanalizacji;0.3;Nie
6532385;473991;721109;6532385C;6532406;473947;721036;6532406C;Orange Polska S.A.;światłowodowe;-;Tak;Nie;-;-;-;podziemny w kanalizacji;0.2;Nie
6578959;474403;721106;6578959C;6578990;474297;721102;6578990C;GDAŃSK-MIASTO NA PRAWACH POWIATU;światłowodowe;-;Nie;Nie;-;-;-;podziemny w rurociągu;0.6;Nie
6531427;473895;721378;6531427C;6531394;473724;721415;6531394C;Orange Polska S.A.;światłowodowe;-;Tak;Nie;-;-;-;podziemny;0.4;Nie
6536034;474492;721172;6536034C;6669106;472923;721415;6669106N;Orange Polska S.A.;światłowodowe;-;Tak;Nie;-;-;-;podziemny w kanalizacji;3.2;Nie
6536034;474492;721172;6536034C;6152878;474436;721308;6152878C;Orange Polska S.A.;światłowodowe;-;Tak;Nie;-;-;-;podziemny w rurociągu;0.2;Nie
6214386;473705;721323;6214386C;6214142;473812;720783;6214142C;NAUKOWA I AKADEMICKA SIEĆ KOMPUTEROWA - PAŃSTWOWY INSTYTUT BADAWCZY;światłowodowe;-;Nie;Nie;-;-;-;podziemny w kanalizacji;0.7;Nie
6531427;473895;721378;6531427C;6532385;473991;721109;6532385C;Orange Polska S.A.;światłowodowe;-;Tak;Nie;-;-;-;podziemny w kanalizacji;0.3;Nie
6531427;473895;721378;6531427C;6588065;473946;721283;6588065C;Orange Polska S.A.;światłowodowe;-;Tak;Nie;-;-;-;podziemny w kanalizacji;0.1;Nie
5990940;473991;721109;5990940C;6111538;473943;721091;6111538C;Światłowód Inwestycje Sp. z o. o.;światłowodowe;-;Tak;Nie;-;-;-;podziemny w kanalizacji;0.1;Nie
6396482;473579;720286;6396482C;6313650;473611;720252;6313650C;Światłowód Inwestycje Sp. z o. o.;światłowodowe;-;Tak;Nie;-;-;-;podziemny w kanalizacji;0.1;Nie
6396482;473579;720286;6396482C;5796229;473759;720267;5796229C;Światłowód Inwestycje Sp. z o. o.;światłowodowe;-;Tak;Nie;-;-;-;podziemny w kanalizacji;0.4;Nie
6430257;474009;720334;6430257C;5670466;473621;720227;5670466C;UPC POLSKA sp. z o.o.;światłowodowe;-;Tak;Nie;-;-;-;podziemny w kanalizacji;0.1;Nie
6507188;473990;720216;6507188C;6746142;473984;720246;6746142N;LOGITUS Sp. z o.o.;światłowodowe;-;Nie;Nie;-;-;-;podziemny w kanalizacji;0.1;Nie
6507189;474009;720334;6507189C;6507188;473990;720216;6507188C;LOGITUS Sp. z o.o.;światłowodowe;-;Nie;Nie;-;-;-;podziemny w kanalizacji;0.1;Nie
6584153;474119;720385;6584153C;6164265;474027;720239;6164265C;Orange Polska S.A.;światłowodowe;-;Tak;Nie;-;-;-;podziemny w kanalizacji;0.3;Nie
6584153;474119;720385;6584153C;6444123;473579;720286;6444123C;Orange Polska S.A.;światłowodowe;-;Tak;Nie;-;-;-;podziemny w kanalizacji;1;Nie
7009919;473929;720194;7009919N;6198891;473556;720209;6198891C;NETIA S.A.;światłowodowe;-;Nie;Nie;-;-;-;podziemny;0.5;Nie
6430266;473286;720523;6430266C;6634814;473307;720512;6634814N;UPC POLSKA sp. z o.o.;światłowodowe;-;Tak;Nie;-;-;-;podziemny w kanalizacji;0.2;Nie
6214142;473812;720783;6214142C;6214141;473328;720159;6214141C;NAUKOWA I AKADEMICKA SIEĆ KOMPUTEROWA - PAŃSTWOWY INSTYTUT BADAWCZY;światłowodowe;-;Nie;Nie;-;-;-;podziemny w kanalizacji;1;Nie
6633296;473369;720397;6633296N;6633114;473406;720336;6633114N;UPC POLSKA sp. z o.o.;światłowodowe;-;Tak;Nie;-;-;-;podziemny w kanalizacji;0.1;Nie
6429818;473621;720227;6429818C;6429662;473374;720157;6429662C;UPC POLSKA sp. z o.o.;światłowodowe;-;Tak;Nie;-;-;-;podziemny w kanalizacji;0.1;Nie
6382399;473646;720659;6382399C;5981958;473573;720696;5981958C;Światłowód Inwestycje Sp. z o. o.;światłowodowe;-;Tak;Nie;-;-;-;podziemny w kanalizacji;0.2;Nie
6507189;474009;720334;6507189C;6507196;473273;721703;6507196C;LOGITUS Sp. z o.o.;światłowodowe;-;Nie;Nie;-;-;-;podziemny w kanalizacji;2.3;Nie
6695969;473207;721656;6695969N;5726860;474451;720464;5726860C;JMDI Sp. z o.o.;światłowodowe;-;Tak;Tak;-;-;-;podziemny w kanalizacji;4.9;Nie
7003549;473207;721656;7003549N;5725686;474453;720472;5725686C;JMDI.PL Spółka z ograniczoną odpowiedzialnością;światłowodowe;-;Tak;Tak;-;-;-;podziemny w kanalizacji;4.9;Nie
6695969;473207;721656;6695969N;5726859;474453;720472;5726859C;JMDI Sp. z o.o.;światłowodowe;-;Tak;Tak;-;-;-;podziemny w kanalizacji;4.9;Nie
6578992;474445;720626;6578992C;6578991;473064;721622;6578991C;GDAŃSK-MIASTO NA PRAWACH POWIATU;światłowodowe;-;Nie;Nie;-;-;-;podziemny w kanalizacji;2;Nie
6578960;474445;720626;6578960C;6578989;474113;720749;6578989C;GDAŃSK-MIASTO NA PRAWACH POWIATU;światłowodowe;-;Nie;Nie;-;-;-;podziemny w rurociągu;0.4;Nie
6264864;474405;720576;6264864C;5814087;473362;720914;5814087C;Orange Polska S.A.;światłowodowe;-;Tak;Nie;-;-;-;podziemny w kanalizacji;1.4;Nie
6624363;474486;720484;6624363C;5786972;474453;720472;5786972C;Światłowód Inwestycje Sp. z o. o.;światłowodowe;-;Tak;Nie;-;-;-;podziemny w kanalizacji;0.1;Nie
6532385;473991;721109;6532385C;5684810;473998;720909;5684810C;Orange Polska S.A.;światłowodowe;-;Tak;Nie;-;-;-;podziemny w kanalizacji;0.3;Nie
5941603;473525;721423;5941603C;6990618;473462;721468;6990618N;Orange Polska S.A.;światłowodowe;-;Tak;Nie;-;-;-;podziemny w rurociągu;0.2;Nie
5954104;473590;721445;5954104C;5941603;473525;721423;5941603C;Orange Polska S.A.;światłowodowe;-;Tak;Nie;-;-;-;podziemny w rurociągu;0.1;Nie
6427581;473192;721607;6427581C;6302413;473462;721468;6302413C;Orange Polska S.A.;światłowodowe;-;Tak;Nie;-;-;-;podziemny w kanalizacji;0.3;Nie
6507196;473273;721703;6507196C;6507746;473294;721503;6507746C;LOGITUS Sp. z o.o.;światłowodowe;-;Nie;Nie;-;-;-;podziemny w kanalizacji;0.3;Nie
7064231;477270;720591;7064231N;7060788;476861;720804;7060788N;Orange Polska S.A.;światłowodowe;-;Tak;Nie;-;-;-;podziemny w kanalizacji;0.9;Nie
6281326;477135;720667;6281326C;5941999;476892;720503;5941999C;Orange Polska S.A.;światłowodowe;-;Tak;Nie;-;-;-;podziemny w kanalizacji;0.4;Nie
7064231;477270;720591;7064231N;6009738;476981;720361;6009738C;Orange Polska S.A.;światłowodowe;-;Tak;Nie;-;-;-;podziemny w kanalizacji;0.7;Nie
7064231;477270;720591;7064231N;7058997;477030;720658;7058997N;Orange Polska S.A.;światłowodowe;-;Tak;Nie;-;-;-;podziemny w kanalizacji;0.9;Nie
5709205;477038;720752;5709205C;7058997;477030;720658;7058997N;Orange Polska S.A.;światłowodowe;-;Tak;Nie;-;-;-;podziemny w kanalizacji;0.3;Nie
6281326;477135;720667;6281326C;6242509;477156;720676;6242509C;Orange Polska S.A.;światłowodowe;-;Tak;Nie;-;-;-;podziemny w kanalizacji;0.2;Nie
7144526;476992;720352;7144526N;6198240;477054;720146;6198240C;NETIA S.A.;światłowodowe;-;Nie;Nie;-;-;-;podziemny;0.4;Nie
6007255;475586;720442;6007255C;6448766;475552;720445;6448766C;Orange Polska S.A.;światłowodowe;-;Tak;Nie;-;-;-;podziemny w kanalizacji;0.1;Nie
6633118;475557;720511;6633118N;6633116;475552;720445;6633116N;UPC POLSKA sp. z o.o.;światłowodowe;-;Tak;Nie;-;-;-;podziemny w kanalizacji;0.1;Nie
5690426;475756;720154;5690426C;7076120;475578;720132;7076120N;Orange Polska S.A.;światłowodowe;-;Tak;Nie;-;-;-;podziemny w kanalizacji;0.3;Nie
6022566;475647;720622;6022566C;6582931;475662;720512;6582931C;Orange Polska S.A.;światłowodowe;-;Tak;Nie;-;-;-;podziemny w kanalizacji;0.2;Nie
6022566;475647;720622;6022566C;5690426;475756;720154;5690426C;Orange Polska S.A.;światłowodowe;-;Tak;Nie;-;-;-;podziemny w kanalizacji;0.7;Nie
5690029;475505;720445;5690029C;6005741;475528;720375;6005741C;Orange Polska S.A.;światłowodowe;-;Tak;Nie;-;-;-;podziemny w kanalizacji;0.2;Nie
5863739;475586;720442;5863739C;5690029;475505;720445;5690029C;Orange Polska S.A.;światłowodowe;-;Tak;Nie;-;-;-;podziemny w rurociągu;0.2;Nie
6007255;475586;720442;6007255C;5727330;475551;720407;5727330C;Orange Polska S.A.;światłowodowe;-;Tak;Nie;-;-;-;podziemny w kanalizacji;0.2;Nie
7064231;477270;720591;7064231N;7072286;475662;720512;7072286N;Orange Polska S.A.;światłowodowe;-;Tak;Nie;-;-;-;podziemny w kanalizacji;2.1;Nie
6591741;477011;720609;6591741C;6596098;475617;720667;6596098C;Towerlink Poland Sp. z o. o.;światłowodowe;-;Tak;Tak;-;-;-;podziemny;1.9;Nie
6596126;476393;720478;6596126C;6596125;476768;720408;6596125C;Towerlink Poland Sp. z o. o.;światłowodowe;-;Tak;Tak;-;-;-;podziemny;0.5;Nie
7119418;475662;720512;7119418N;6198486;475657;720629;6198486C;NETIA S.A.;światłowodowe;-;Nie;Nie;-;-;-;podziemny;0.1;Nie
5722255;475423;720589;5722255C;5863739;475586;720442;5863739C;Orange Polska S.A.;światłowodowe;-;Tak;Nie;-;-;-;podziemny w kanalizacji;0.4;Nie
5722255;475423;720589;5722255C;6579107;475516;720594;6579107C;Orange Polska S.A.;światłowodowe;-;Tak;Nie;-;-;-;podziemny w kanalizacji;0.2;Nie
5733060;475475;720399;5733060C;6441148;475471;720436;6441148C;Orange Polska S.A.;światłowodowe;-;Tak;Nie;-;-;-;podziemny;0.1;Nie
5690029;475505;720445;5690029C;6445749;475506;720405;6445749C;Orange Polska S.A.;światłowodowe;-;Tak;Nie;-;-;-;podziemny w kanalizacji;0.1;Nie
6540836;474707;720721;6540836C;5707379;474550;720694;5707379C;Orange Polska S.A.;światłowodowe;-;Tak;Nie;-;-;-;podziemny;0.2;Nie
6395328;474839;720559;6395328C;6353085;474656;720578;6353085C;Światłowód Inwestycje Sp. z o. o.;światłowodowe;-;Tak;Nie;-;-;-;podziemny w kanalizacji;0.2;Nie
5914884;474761;720575;5914884C;5696934;474988;720559;5696934C;Orange Polska S.A.;światłowodowe;-;Tak;Nie;-;-;-;podziemny w kanalizacji;0.3;Nie
6084058;475682;720909;6084058C;6326646;475560;720988;6326646C;Światłowód Inwestycje Sp. z o. o.;światłowodowe;-;Tak;Nie;-;-;-;podziemny w kanalizacji;0.2;Nie
7051080;474436;721150;7051080N;6276914;475256;720579;6276914C;Orange Polska S.A.;światłowodowe;-;Tak;Nie;-;-;-;podziemny w kanalizacji;1.4;Nie
6749183;476381;720874;6749183N;6198513;476353;720942;6198513C;NETIA S.A.;światłowodowe;-;Nie;Nie;-;-;-;podziemny;0.3;Nie
6198237;476381;720874;6198237C;6198481;476630;720773;6198481C;NETIA S.A.;światłowodowe;-;Nie;Nie;-;-;-;podziemny;0.3;Nie
6198462;476410;720825;6198462C;6198513;476353;720942;6198513C;NETIA S.A.;światłowodowe;-;Nie;Nie;-;-;-;podziemny;0.2;Nie
6238229;475662;720512;6238229C;6532719;474270;720457;6532719C;Orange Polska S.A.;światłowodowe;-;Tak;Nie;-;-;-;podziemny w kanalizacji;1.5;Nie
6768828;474307;720370;6768828N;6645669;474707;720606;6645669N;UPC POLSKA sp. z o.o.;światłowodowe;-;Tak;Nie;-;-;-;podziemny w kanalizacji;0.8;Nie
6022566;475647;720622;6022566C;6979026;474455;720450;6979026N;Orange Polska S.A.;światłowodowe;-;Tak;Nie;-;-;-;podziemny w kanalizacji;1.3;Nie
5816146;474486;720484;5816146C;5981345;474494;720478;5981345C;Światłowód Inwestycje Sp. z o. o.;światłowodowe;-;Tak;Nie;-;-;-;podziemny w kanalizacji;0.1;Nie
5704319;474509;720616;5704319C;6276598;474566;720503;6276598C;Orange Polska S.A.;światłowodowe;-;Tak;Nie;-;-;-;podziemny w kanalizacji;0.2;Nie
6225545;475185;720469;6225545C;5757407;475033;720469;5757407C;Orange Polska S.A.;światłowodowe;-;Tak;Nie;-;-;-;podziemny w kanalizacji;0.9;Nie
6198549;474519;720531;6198549C;7119447;474505;720558;7119447N;NETIA S.A.;światłowodowe;-;Nie;Nie;-;-;-;podziemny;0.1;Nie
5922253;472078;731255;5922253C;5921931;471973;731444;5921931C;Orange Polska S.A.;światłowodowe;-;Tak;Nie;-;-;-;podziemny w kanalizacji;0.3;Nie
6231574;471972;731288;6231574C;5705489;471953;731265;5705489C;Orange Polska S.A.;światłowodowe;-;Tak;Nie;-;-;-;podziemny w rurociągu;0.1;Nie
6130604;471982;731454;6130604C;7133785;471972;731288;7133785N;T-MOBILE POLSKA S.A.;światłowodowe;-;Nie;Nie;-;-;-;podziemny;0.3;Nie
6231574;471972;731288;6231574C;5715736;472039;731383;5715736C;Orange Polska S.A.;światłowodowe;-;Tak;Nie;-;-;-;podziemny w kanalizacji;0.5;Nie
6200089;471944;731500;6200089C;6200084;472028;731449;6200084C;NETIA S.A.;światłowodowe;-;Nie;Nie;-;-;-;podziemny;0.1;Nie
6200084;472028;731449;6200084C;7039476;472061;731482;7039476N;NETIA S.A.;światłowodowe;-;Nie;Nie;-;-;-;podziemny;0.1;Nie
6200084;472028;731449;6200084C;6942209;472061;731482;6942209N;NETIA S.A.;światłowodowe;-;Nie;Nie;-;-;-;podziemny;0.1;Nie
6200084;472028;731449;6200084C;7039451;472061;731482;7039451N;NETIA S.A.;światłowodowe;-;Nie;Nie;-;-;-;podziemny;0.2;Nie
7133423;472008;731576;7133423N;6130604;471982;731454;6130604C;T-MOBILE POLSKA S.A.;światłowodowe;-;Nie;Nie;-;-;-;podziemny;0.2;Nie
6591726;471944;731500;6591726C;7058854;472061;731482;7058854N;Towerlink Poland Sp. z o. o.;światłowodowe;-;Tak;Tak;-;-;-;podziemny;0.1;Nie
6303097;471771;731909;6303097C;5967232;472008;731576;5967232C;Orange Polska S.A.;światłowodowe;-;Tak;Nie;-;-;-;podziemny w kanalizacji;1;Nie
6546945;472010;731202;6546945C;6273327;471832;731402;6273327C;Orange Polska S.A.;światłowodowe;-;Tak;Nie;-;-;-;podziemny w kanalizacji;0.4;Nie
6546945;472010;731202;6546945C;5688931;471877;731630;5688931C;Orange Polska S.A.;światłowodowe;-;Tak;Nie;-;-;-;podziemny w kanalizacji;0.5;Nie
5688931;471877;731630;5688931C;5771714;471924;731545;5771714C;Orange Polska S.A.;światłowodowe;-;Tak;Nie;-;-;-;podziemny w kanalizacji;0.2;Nie
6421451;471973;731444;6421451C;6421442;471944;731500;6421442C;UPC POLSKA sp. z o.o.;światłowodowe;-;Tak;Nie;-;-;-;podziemny w kanalizacji;0.1;Nie
6130604;471982;731454;6130604C;7133993;471944;731500;7133993N;T-MOBILE POLSKA S.A.;światłowodowe;-;Nie;Nie;-;-;-;podziemny;0.1;Nie
6546945;472010;731202;6546945C;6445668;471953;731265;6445668C;Orange Polska S.A.;światłowodowe;-;Tak;Nie;-;-;-;podziemny w kanalizacji;0.2;Nie
6130935;471675;731078;6130935C;7134008;471684;731018;7134008N;T-MOBILE POLSKA S.A.;światłowodowe;-;Nie;Nie;-;-;-;podziemny;0.1;Nie
6131015;471642;731045;6131015C;6130935;471675;731078;6130935C;T-MOBILE POLSKA S.A.;światłowodowe;-;Nie;Nie;-;-;-;podziemny;0.1;Nie
6633360;471864;731272;6633360N;6633465;471863;731195;6633465N;UPC POLSKA sp. z o.o.;światłowodowe;-;Tak;Nie;-;-;-;podziemny w kanalizacji;0.2;Nie
6231574;471972;731288;6231574C;5705489;471953;731265;5705489C;Orange Polska S.A.;światłowodowe;-;Tak;Nie;-;-;-;podziemny w rurociągu;0.2;Nie
6634030;471746;731257;6634030N;6633465;471863;731195;6633465N;UPC POLSKA sp. z o.o.;światłowodowe;-;Tak;Nie;-;-;-;podziemny w kanalizacji;0.2;Nie
6413724;471622;731843;6413724C;6633465;471863;731195;6633465N;UPC POLSKA sp. z o.o.;światłowodowe;-;Tak;Nie;-;-;-;podziemny w kanalizacji;0.1;Nie
6957840;471626;730922;6957840N;6130935;471675;731078;6130935C;T-MOBILE POLSKA S.A.;światłowodowe;-;Nie;Nie;-;-;-;podziemny;0.3;Nie
6950943;471639;731124;6950943N;6130935;471675;731078;6130935C;T-MOBILE POLSKA S.A.;światłowodowe;-;Nie;Nie;-;-;-;podziemny;0.1;Nie
5683559;471680;731848;5683559C;5924109;471808;731785;5924109C;Orange Polska S.A.;światłowodowe;-;Tak;Nie;-;-;-;podziemny w kanalizacji;0.3;Nie
5833926;471731;731950;5833926C;5683559;471680;731848;5683559C;Orange Polska S.A.;światłowodowe;-;Tak;Nie;-;-;-;podziemny w kanalizacji;0.3;Nie
5688931;471877;731630;5688931C;5833926;471731;731950;5833926C;Orange Polska S.A.;światłowodowe;-;Tak;Nie;-;-;-;podziemny w kanalizacji;0.5;Nie
5705531;471746;731518;5705531C;5801555;471675;731716;5801555C;Orange Polska S.A.;światłowodowe;-;Tak;Nie;-;-;-;podziemny w kanalizacji;0.3;Nie
5801555;471675;731716;5801555C;6527249;471593;731903;6527249C;Orange Polska S.A.;światłowodowe;-;Tak;Nie;-;-;-;podziemny w kanalizacji;0.4;Nie
5757391;471623;731078;5757391C;6534958;471614;731371;6534958C;Orange Polska S.A.;światłowodowe;-;Tak;Nie;-;-;-;podziemny w kanalizacji;0.5;Tak
6546949;471452;730909;6546949C;5948379;472188;731210;5948379C;Orange Polska S.A.;światłowodowe;-;Tak;Nie;-;-;-;podziemny w kanalizacji;1.1;Nie
6569471;471586;731112;6569471C;5752854;471531;731101;5752854C;Orange Polska S.A.;światłowodowe;-;Tak;Nie;-;-;-;podziemny;0.2;Nie
6569471;471586;731112;6569471C;6560440;471705;731109;6560440C;Orange Polska S.A.;światłowodowe;-;Tak;Nie;-;-;-;podziemny w kanalizacji;0.2;Nie
5840989;471684;731018;5840989C;6021398;471940;730899;6021398C;Orange Polska S.A.;światłowodowe;-;Tak;Nie;-;-;-;podziemny w kanalizacji;0.4;Nie
5840989;471684;731018;5840989C;6542124;472176;731014;6542124C;Orange Polska S.A.;światłowodowe;-;Tak;Nie;-;-;-;podziemny w kanalizacji;0.7;Nie
6634027;471991;730960;6634027N;6765903;471968;730994;6765903N;UPC POLSKA sp. z o.o.;światłowodowe;-;Tak;Nie;-;-;-;podziemny w kanalizacji;0.1;Nie
6200081;471315;731397;6200081C;7039620;471259;731368;7039620N;NETIA S.A.;światłowodowe;-;Nie;Nie;-;-;-;podziemny;0.2;Nie
5686088;471358;731387;5686088C;6575231;471261;731455;6575231C;Orange Polska S.A.;światłowodowe;-;Tak;Nie;-;-;-;podziemny w kanalizacji;0.3;Nie
6200081;471315;731397;6200081C;6642482;471261;731455;6642482N;NETIA S.A.;światłowodowe;-;Nie;Nie;-;-;-;podziemny;0.1;Nie
6642482;471261;731455;6642482N;6200083;471387;731647;6200083C;NETIA S.A.;światłowodowe;-;Nie;Nie;-;-;-;podziemny;0.3;Nie
6645369;471653;730855;6645369N;7039512;471604;730974;7039512N;NETIA S.A.;światłowodowe;-;Nie;Nie;-;-;-;podziemny;0.2;Nie
5840989;471684;731018;5840989C;6239156;471716;730956;6239156C;Orange Polska S.A.;światłowodowe;-;Tak;Nie;-;-;-;podziemny w kanalizacji;0.3;Nie
6196333;471571;730962;6196333C;6200096;471554;731241;6200096C;NETIA S.A.;światłowodowe;-;Nie;Nie;-;-;-;podziemny;0.3;Nie
6200075;471551;731038;6200075C;7039426;471543;731023;7039426N;NETIA S.A.;światłowodowe;-;Nie;Nie;-;-;-;podziemny;0.2;Nie
6645369;471653;730855;6645369N;6196333;471571;730962;6196333C;NETIA S.A.;światłowodowe;-;Nie;Nie;-;-;-;podziemny;0.2;Nie
6560471;471863;731195;6560471C;5705531;471746;731518;5705531C;Orange Polska S.A.;światłowodowe;-;Tak;Nie;-;-;-;podziemny w kanalizacji;0.4;Nie
6200089;471944;731500;6200089C;6200077;471973;731444;6200077C;NETIA S.A.;światłowodowe;-;Nie;Nie;-;-;-;podziemny;0.1;Nie
6200083;471387;731647;6200083C;6200089;471944;731500;6200089C;NETIA S.A.;światłowodowe;-;Nie;Nie;-;-;-;podziemny;1;Nie
6591726;471944;731500;6591726C;7058022;471803;731635;7058022N;Towerlink Poland Sp. z o. o.;światłowodowe;-;Tak;Tak;-;-;-;podziemny;0.4;Nie
6200083;471387;731647;6200083C;6200084;472028;731449;6200084C;NETIA S.A.;światłowodowe;-;Nie;Nie;-;-;-;podziemny;1.1;Nie
7039482;471972;731288;7039482N;6200084;472028;731449;6200084C;NETIA S.A.;światłowodowe;-;Nie;Nie;-;-;-;podziemny;0.3;Nie
6200084;472028;731449;6200084C;7039456;471944;731500;7039456N;NETIA S.A.;światłowodowe;-;Nie;Nie;-;-;-;podziemny;0.3;Nie
6200084;472028;731449;6200084C;7039450;471864;731272;7039450N;NETIA S.A.;światłowodowe;-;Nie;Nie;-;-;-;podziemny;0.3;Nie
7049527;471403;730794;7049527N;5686088;471358;731387;5686088C;Orange Polska S.A.;światłowodowe;-;Tak;Nie;-;-;-;podziemny w kanalizacji;0.8;Nie
7049527;471403;730794;7049527N;5833440;471447;731073;5833440C;Orange Polska S.A.;światłowodowe;-;Tak;Nie;-;-;-;podziemny w kanalizacji;0.5;Nie
7049527;471403;730794;7049527N;6231574;471972;731288;6231574C;Orange Polska S.A.;światłowodowe;-;Tak;Nie;-;-;-;podziemny w kanalizacji;0.9;Nie
7049527;471403;730794;7049527N;5757391;471623;731078;5757391C;Orange Polska S.A.;światłowodowe;-;Tak;Nie;-;-;-;podziemny w kanalizacji;0.5;Tak
6200082;471403;730794;6200082C;6200094;471448;730847;6200094C;NETIA S.A.;światłowodowe;-;Nie;Nie;-;-;-;podziemny;0.1;Nie
6200094;471448;730847;6200094C;7039616;471639;731124;7039616N;NETIA S.A.;światłowodowe;-;Nie;Nie;-;-;-;podziemny;0.6;Nie
6200075;471551;731038;6200075C;6200080;471338;731236;6200080C;NETIA S.A.;światłowodowe;-;Nie;Nie;-;-;-;podziemny;0.5;Nie
6200094;471448;730847;6200094C;6642482;471261;731455;6642482N;NETIA S.A.;światłowodowe;-;Nie;Nie;-;-;-;podziemny;0.9;Nie
6537350;471285;730867;6537350C;6447267;471320;730906;6447267C;Orange Polska S.A.;światłowodowe;-;Tak;Nie;-;-;-;podziemny w kanalizacji;0.4;Nie
5925903;471420;731114;5925903C;5720079;471311;731099;5720079C;Orange Polska S.A.;światłowodowe;-;Tak;Nie;-;-;-;podziemny w kanalizacji;0.2;Nie
6200081;471315;731397;6200081C;7039513;471310;731204;7039513N;NETIA S.A.;światłowodowe;-;Nie;Nie;-;-;-;podziemny;0.2;Nie
6642482;471261;731455;6642482N;6200080;471338;731236;6200080C;NETIA S.A.;światłowodowe;-;Nie;Nie;-;-;-;podziemny;0.2;Nie
5686088;471358;731387;5686088C;5779302;471286;731298;5779302C;Orange Polska S.A.;światłowodowe;-;Tak;Nie;-;-;-;podziemny w kanalizacji;0.3;Nie
6942223;471432;731164;6942223N;6200080;471338;731236;6200080C;NETIA S.A.;światłowodowe;-;Nie;Nie;-;-;-;podziemny;0.2;Nie
6200080;471338;731236;6200080C;6200081;471315;731397;6200081C;NETIA S.A.;światłowodowe;-;Nie;Nie;-;-;-;podziemny;0.1;Nie
6537350;471285;730867;6537350C;6152221;471203;730779;6152221C;Orange Polska S.A.;światłowodowe;-;Tak;Nie;-;-;-;podziemny w kanalizacji;0.2;Nie
7049527;471403;730794;7049527N;6224863;471272;731138;6224863C;Orange Polska S.A.;światłowodowe;-;Tak;Nie;-;-;-;podziemny w kanalizacji;0.8;Nie
7049527;471403;730794;7049527N;6537350;471285;730867;6537350C;Orange Polska S.A.;światłowodowe;-;Tak;Nie;-;-;-;podziemny w kanalizacji;0.3;Nie
7049527;471403;730794;7049527N;5925903;471420;731114;5925903C;Orange Polska S.A.;światłowodowe;-;Tak;Nie;-;-;-;podziemny w kanalizacji;0.5;Nie
6537350;471285;730867;6537350C;6153132;471299;730855;6153132C;Orange Polska S.A.;światłowodowe;-;Tak;Nie;-;-;-;podziemny w kanalizacji;0.1;Nie
6537350;471285;730867;6537350C;5920154;471209;730962;5920154C;Orange Polska S.A.;światłowodowe;-;Tak;Nie;-;-;-;podziemny w kanalizacji;0.2;Nie
6316842;471399;731115;6316842C;5753725;471326;731134;5753725C;Orange Polska S.A.;światłowodowe;-;Tak;Nie;-;-;-;podziemny w kanalizacji;0.2;Nie
6591726;471944;731500;6591726C;6591727;471998;731236;6591727C;Towerlink Poland Sp. z o. o.;światłowodowe;-;Tak;Tak;-;-;-;podziemny;0.3;Nie
6591727;471998;731236;6591727C;7058859;471952;731240;7058859N;Towerlink Poland Sp. z o. o.;światłowodowe;-;Tak;Tak;-;-;-;podziemny;0.1;Nie
5921931;471973;731444;5921931C;6569096;471944;731500;6569096C;Orange Polska S.A.;światłowodowe;-;Tak;Nie;-;-;-;podziemny w kanalizacji;0.1;Nie
6200089;471944;731500;6200089C;6813384;471820;731755;6813384N;NETIA S.A.;światłowodowe;-;Nie;Nie;-;-;-;podziemny;0.6;Nie
5688931;471877;731630;5688931C;6224618;471897;731592;6224618C;Orange Polska S.A.;światłowodowe;-;Tak;Nie;-;-;-;podziemny w kanalizacji;0.2;Nie
7049527;471403;730794;7049527N;5955433;471462;731124;5955433C;Orange Polska S.A.;światłowodowe;-;Tak;Nie;-;-;-;podziemny w kanalizacji;0.4;Nie
7049527;471403;730794;7049527N;5840989;471684;731018;5840989C;Orange Polska S.A.;światłowodowe;-;Tak;Nie;-;-;-;podziemny w kanalizacji;0.6;Nie
7049527;471403;730794;7049527N;5958766;471653;730855;5958766C;Orange Polska S.A.;światłowodowe;-;Tak;Nie;-;-;-;podziemny w kanalizacji;0.9;Nie
7049527;471403;730794;7049527N;6569471;471586;731112;6569471C;Orange Polska S.A.;światłowodowe;-;Tak;Nie;-;-;-;podziemny;0.6;Nie
6537573;471479;730835;6537573C;6537585;471394;730940;6537585C;Orange Polska S.A.;światłowodowe;-;Tak;Nie;-;-;-;podziemny w kanalizacji;0.3;Nie
7057088;471551;731038;7057088N;6591721;471484;731011;6591721C;Towerlink Poland Sp. z o. o.;światłowodowe;-;Tak;Tak;-;-;-;podziemny;0.2;Nie
7039476;472061;731482;7039476N;7039488;471931;730577;7039488N;NETIA S.A.;światłowodowe;-;Nie;Nie;-;-;-;podziemny;0.9;Nie
7039488;471931;730577;7039488N;7039451;472061;731482;7039451N;NETIA S.A.;światłowodowe;-;Nie;Nie;-;-;-;podziemny;0.9;Nie
6021398;471940;730899;6021398C;5922648;472007;730742;5922648C;Orange Polska S.A.;światłowodowe;-;Tak;Nie;-;-;-;podziemny w kanalizacji;0.3;Nie
7039480;471979;731131;7039480N;7039476;472061;731482;7039476N;NETIA S.A.;światłowodowe;-;Nie;Nie;-;-;-;podziemny;0.4;Nie
5809155;471950;731218;5809155C;6680916;471944;731500;6680916N;Orange Polska S.A.;światłowodowe;-;Tak;Nie;-;-;-;podziemny w kanalizacji;0.5;Nie
6154834;471523;730645;6154834C;7134757;471484;731011;7134757N;T-MOBILE POLSKA S.A.;światłowodowe;-;Nie;Nie;-;-;-;podziemny;0.4;Nie
6154834;471523;730645;6154834C;6130935;471675;731078;6130935C;T-MOBILE POLSKA S.A.;światłowodowe;-;Nie;Nie;-;-;-;podziemny;0.6;Nie
5840989;471684;731018;5840989C;6160504;471639;731033;6160504C;Orange Polska S.A.;światłowodowe;-;Tak;Nie;-;-;-;podziemny w kanalizacji;0.2;Nie
5958766;471653;730855;5958766C;5762733;471669;730894;5762733C;Orange Polska S.A.;światłowodowe;-;Tak;Nie;-;-;-;podziemny w kanalizacji;0.2;Nie
5840989;471684;731018;5840989C;5700652;471718;730742;5700652C;Orange Polska S.A.;światłowodowe;-;Tak;Nie;-;-;-;podziemny w kanalizacji;0.4;Nie
5683559;471680;731848;5683559C;6052960;471708;731765;6052960C;Orange Polska S.A.;światłowodowe;-;Tak;Nie;-;-;-;podziemny w kanalizacji;0.3;Nie
5801555;471675;731716;5801555C;6172552;471648;731772;6172552C;Orange Polska S.A.;światłowodowe;-;Tak;Nie;-;-;-;podziemny w kanalizacji;0.2;Nie
6172552;471648;731772;6172552C;6267447;471622;731843;6267447C;Orange Polska S.A.;światłowodowe;-;Tak;Nie;-;-;-;podziemny w kanalizacji;0.1;Nie
7108515;471579;731170;7108515N;7108549;471529;731560;7108549N;INETSERVICE;światłowodowe;-;Nie;Nie;-;-;-;podziemny w kanalizacji;0.6;Nie
6546949;471452;730909;6546949C;6565116;471695;731081;6565116C;Orange Polska S.A.;światłowodowe;-;Tak;Nie;-;-;-;podziemny w kanalizacji;0.4;Nie
6560440;471705;731109;6560440C;6560471;471863;731195;6560471C;Orange Polska S.A.;światłowodowe;-;Tak;Nie;-;-;-;podziemny w kanalizacji;0.2;Nie
7108515;471579;731170;7108515N;7108527;471605;731157;7108527N;INETSERVICE;światłowodowe;-;Nie;Nie;-;-;-;podziemny w kanalizacji;0.1;Nie
7108515;471579;731170;7108515N;7108491;471597;731232;7108491N;INETSERVICE;światłowodowe;-;Nie;Nie;-;-;-;podziemny w kanalizacji;0.2;Nie
6593276;471738;730766;6593276C;6591726;471944;731500;6591726C;Towerlink Poland Sp. z o. o.;światłowodowe;-;Tak;Tak;-;-;-;podziemny;1;Nie
6593276;471738;730766;6593276C;7057220;471741;731049;7057220N;Towerlink Poland Sp. z o. o.;światłowodowe;-;Tak;Tak;-;-;-;podziemny;0.4;Nie
5691976;471494;730916;5691976C;6055644;471803;731635;6055644C;Orange Polska S.A.;światłowodowe;-;Tak;Nie;-;-;-;podziemny w kanalizacji;1.6;Nie
6200077;471973;731444;6200077C;7039495;471604;730974;7039495N;NETIA S.A.;światłowodowe;-;Nie;Nie;-;-;-;podziemny;0.6;Nie
6633459;471447;731073;6633459N;5671794;471653;731068;5671794C;UPC POLSKA sp. z o.o.;światłowodowe;-;Tak;Nie;-;-;-;podziemny w kanalizacji;0.3;Nie
5925903;471420;731114;5925903C;6282734;471432;731164;6282734C;Orange Polska S.A.;światłowodowe;-;Tak;Nie;-;-;-;podziemny w kanalizacji;0.2;Nie
7039476;472061;731482;7039476N;6942213;471509;730770;6942213N;NETIA S.A.;światłowodowe;-;Nie;Nie;-;-;-;podziemny;0.9;Nie
7039476;472061;731482;7039476N;7039480;471979;731131;7039480N;NETIA S.A.;światłowodowe;-;Nie;Nie;-;-;-;podziemny;0.4;Nie
7049527;471403;730794;7049527N;5809155;471950;731218;5809155C;Orange Polska S.A.;światłowodowe;-;Tak;Nie;-;-;-;podziemny w kanalizacji;0.9;Nie
7049527;471403;730794;7049527N;5821582;471953;731265;5821582C;Orange Polska S.A.;światłowodowe;-;Tak;Nie;-;-;-;podziemny w kanalizacji;1;Nie
7049527;471403;730794;7049527N;6546945;472010;731202;6546945C;Orange Polska S.A.;światłowodowe;-;Tak;Nie;-;-;-;podziemny w kanalizacji;1;Nie
6021398;471940;730899;6021398C;6544674;471852;730865;6544674C;Orange Polska S.A.;światłowodowe;-;Tak;Nie;-;-;-;podziemny w kanalizacji;0.1;Nie
6560471;471863;731195;6560471C;5951373;471863;731314;5951373C;Orange Polska S.A.;światłowodowe;-;Tak;Nie;-;-;-;podziemny w kanalizacji;0.3;Nie
5809155;471950;731218;5809155C;5821582;471953;731265;5821582C;Orange Polska S.A.;światłowodowe;-;Tak;Nie;-;-;-;podziemny w kanalizacji;0.2;Nie
6593276;471738;730766;6593276C;7057088;471551;731038;7057088N;Towerlink Poland Sp. z o. o.;światłowodowe;-;Tak;Tak;-;-;-;podziemny;0.6;Nie
6593276;471738;730766;6593276C;7049275;471777;730761;7049275N;Towerlink Poland Sp. z o. o.;światłowodowe;-;Tak;Tak;-;-;-;podziemny;0.2;Nie
7039510;471519;730672;7039510N;6200094;471448;730847;6200094C;NETIA S.A.;światłowodowe;-;Nie;Nie;-;-;-;podziemny;0.3;Nie
7049527;471403;730794;7049527N;6439272;471687;730693;6439272C;Orange Polska S.A.;światłowodowe;-;Tak;Nie;-;-;-;podziemny w kanalizacji;0.5;Nie
6645385;471413;730776;6645385N;6200082;471403;730794;6200082C;NETIA S.A.;światłowodowe;-;Nie;Nie;-;-;-;podziemny;0.1;Nie
7049527;471403;730794;7049527N;5691976;471494;730916;5691976C;Orange Polska S.A.;światłowodowe;-;Tak;Nie;-;-;-;podziemny w kanalizacji;0.2;Nie
6200092;472312;730868;6200092C;6200098;472312;730845;6200098C;NETIA S.A.;światłowodowe;-;Nie;Nie;-;-;-;podziemny;0.1;Nie
6542124;472176;731014;6542124C;6542104;472241;730930;6542104C;Orange Polska S.A.;światłowodowe;-;Tak;Nie;-;-;-;podziemny;0.2;Nie
6542124;472176;731014;6542124C;6475782;472184;730963;6475782C;Orange Polska S.A.;światłowodowe;-;Tak;Nie;-;-;-;podziemny w kanalizacji;0.1;Nie
6542124;472176;731014;6542124C;5835370;472189;730978;5835370C;Orange Polska S.A.;światłowodowe;-;Tak;Nie;-;-;-;podziemny w kanalizacji;0.1;Nie
6542124;472176;731014;6542124C;5734570;472279;731074;5734570C;Orange Polska S.A.;światłowodowe;-;Tak;Nie;-;-;-;podziemny w kanalizacji;0.2;Nie
6143759;472174;731053;6143759C;6069251;472161;731075;6069251C;T-MOBILE POLSKA S.A.;światłowodowe;-;Nie;Nie;-;-;-;podziemny;0.1;Nie
6421448;472312;731096;6421448C;6421449;472323;731074;6421449C;UPC POLSKA sp. z o.o.;światłowodowe;-;Tak;Nie;-;-;-;podziemny w kanalizacji;0.1;Nie
6421448;472312;731096;6421448C;6421450;472331;731118;6421450C;UPC POLSKA sp. z o.o.;światłowodowe;-;Tak;Nie;-;-;-;podziemny w kanalizacji;0.1;Nie
6633467;472373;730617;6633467N;6633468;472141;731005;6633468N;UPC POLSKA sp. z o.o.;światłowodowe;-;Tak;Nie;-;-;-;podziemny w kanalizacji;0.7;Nie
6200092;472312;730868;6200092C;6200095;472373;730617;6200095C;NETIA S.A.;światłowodowe;-;Nie;Nie;-;-;-;podziemny;0.4;Nie
5940247;472325;730750;5940247C;5709184;472156;730952;5709184C;Orange Polska S.A.;światłowodowe;-;Tak;Nie;-;-;-;podziemny w kanalizacji;0.5;Nie
5940247;472325;730750;5940247C;5854437;472226;730802;5854437C;Orange Polska S.A.;światłowodowe;-;Tak;Nie;-;-;-;podziemny w kanalizacji;0.2;Nie
6200098;472312;730845;6200098C;7039622;472332;730826;7039622N;NETIA S.A.;światłowodowe;-;Nie;Nie;-;-;-;podziemny;0.1;Nie
6542124;472176;731014;6542124C;6492411;472143;730841;6492411C;Orange Polska S.A.;światłowodowe;-;Tak;Nie;-;-;-;podziemny w kanalizacji;0.3;Nie
6143759;472174;731053;6143759C;6128609;471974;731265;6128609C;T-MOBILE POLSKA S.A.;światłowodowe;-;Nie;Nie;-;-;-;podziemny;0.4;Nie
5922253;472078;731255;5922253C;5923737;471989;731231;5923737C;Orange Polska S.A.;światłowodowe;-;Tak;Nie;-;-;-;podziemny w kanalizacji;0.1;Nie
6633468;472141;731005;6633468N;6634027;471991;730960;6634027N;UPC POLSKA sp. z o.o.;światłowodowe;-;Tak;Nie;-;-;-;podziemny w kanalizacji;0.5;Nie
6069251;472161;731075;6069251C;6954501;472062;730962;6954501N;T-MOBILE POLSKA S.A.;światłowodowe;-;Nie;Nie;-;-;-;podziemny;0.3;Nie
6200084;472028;731449;6200084C;6200092;472312;730868;6200092C;NETIA S.A.;światłowodowe;-;Nie;Nie;-;-;-;podziemny;0.9;Nie
5761795;470427;730672;5761795C;6538790;470416;730708;6538790C;Orange Polska S.A.;światłowodowe;-;Tak;Nie;-;-;-;podziemny w kanalizacji;0.2;Nie
5909512;470659;730659;5909512C;5812174;470419;730619;5812174C;Orange Polska S.A.;światłowodowe;-;Tak;Nie;-;-;-;podziemny w kanalizacji;0.5;Nie
5909512;470659;730659;5909512C;5761795;470427;730672;5761795C;Orange Polska S.A.;światłowodowe;-;Tak;Nie;-;-;-;podziemny w kanalizacji;0.4;Nie
5909512;470659;730659;5909512C;5927783;470458;730585;5927783C;Orange Polska S.A.;światłowodowe;-;Tak;Nie;-;-;-;podziemny w kanalizacji;0.5;Nie
5909512;470659;730659;5909512C;5936918;470489;730699;5936918C;Orange Polska S.A.;światłowodowe;-;Tak;Nie;-;-;-;podziemny w kanalizacji;0.3;Nie
5909512;470659;730659;5909512C;6439503;470402;730793;6439503C;Orange Polska S.A.;światłowodowe;-;Tak;Nie;-;-;-;podziemny w kanalizacji;0.5;Nie
6444347;471084;731420;6444347C;6765911;470429;731675;6765911N;UPC POLSKA sp. z o.o.;światłowodowe;-;Tak;Nie;-;-;-;podziemny w kanalizacji;0.8;Nie
6155657;470268;731640;6155657C;6158717;470223;731442;6158717C;Orange Polska S.A.;światłowodowe;-;Tak;Nie;-;-;-;podziemny w kanalizacji;0.3;Nie
5913905;470985;731488;5913905C;6155657;470268;731640;6155657C;Orange Polska S.A.;światłowodowe;-;Tak;Nie;-;-;-;podziemny w kanalizacji;0.8;Nie
6155657;470268;731640;6155657C;5909545;470300;731570;5909545C;Orange Polska S.A.;światłowodowe;-;Tak;Nie;-;-;-;podziemny w kanalizacji;0.2;Nie
6155657;470268;731640;6155657C;6566511;470536;731572;6566511C;Orange Polska S.A.;światłowodowe;-;Tak;Nie;-;-;-;podziemny w kanalizacji;0.8;Nie
6765911;470429;731675;6765911N;6438143;470478;731575;6438143C;UPC POLSKA sp. z o.o.;światłowodowe;-;Tak;Nie;-;-;-;podziemny w kanalizacji;0.2;Nie
6155657;470268;731640;6155657C;5826562;470252;731607;5826562C;Orange Polska S.A.;światłowodowe;-;Tak;Nie;-;-;-;podziemny w kanalizacji;0.1;Nie
6155657;470268;731640;6155657C;5684282;470349;731607;5684282C;Orange Polska S.A.;światłowodowe;-;Tak;Nie;-;-;-;podziemny w kanalizacji;0.3;Nie
6155657;470268;731640;6155657C;5758943;470459;731613;5758943C;Orange Polska S.A.;światłowodowe;-;Tak;Nie;-;-;-;podziemny w kanalizacji;0.4;Nie
6155657;470268;731640;6155657C;5713096;470399;731639;5713096C;Orange Polska S.A.;światłowodowe;-;Tak;Nie;-;-;-;podziemny w kanalizacji;0.3;Nie
6155657;470268;731640;6155657C;5908692;470213;731609;5908692C;Orange Polska S.A.;światłowodowe;-;Tak;Nie;-;-;-;podziemny;0.3;Tak
6155657;470268;731640;6155657C;5685421;470074;731651;5685421C;Orange Polska S.A.;światłowodowe;-;Tak;Nie;-;-;-;podziemny w kanalizacji;0.5;Nie
6155657;470268;731640;6155657C;5977430;470142;731668;5977430C;Orange Polska S.A.;światłowodowe;-;Tak;Nie;-;-;-;podziemny w kanalizacji;0.2;Nie
6155657;470268;731640;6155657C;6446745;470396;731715;6446745C;Orange Polska S.A.;światłowodowe;-;Tak;Nie;-;-;-;podziemny w kanalizacji;0.3;Nie
6155657;470268;731640;6155657C;5705212;470461;731652;5705212C;Orange Polska S.A.;światłowodowe;-;Tak;Nie;-;-;-;podziemny w kanalizacji;0.3;Nie
6155657;470268;731640;6155657C;6273524;470332;731706;6273524C;Orange Polska S.A.;światłowodowe;-;Tak;Nie;-;-;-;podziemny w kanalizacji;0.3;Nie
6316842;471399;731115;6316842C;6405843;471355;731343;6405843C;Orange Polska S.A.;światłowodowe;-;Tak;Nie;-;-;-;podziemny w kanalizacji;0.5;Nie
5955433;471462;731124;5955433C;6267022;471440;731348;6267022C;Orange Polska S.A.;światłowodowe;-;Tak;Nie;-;-;-;podziemny w kanalizacji;0.3;Nie
6267022;471440;731348;6267022C;6412302;471443;731297;6412302C;Orange Polska S.A.;światłowodowe;-;Tak;Nie;-;-;-;podziemny w kanalizacji;0.1;Nie
6273327;471832;731402;6273327C;6562145;471870;731420;6562145C;Orange Polska S.A.;światłowodowe;-;Tak;Nie;-;-;-;podziemny w kanalizacji;0.1;Nie
6633457;471449;730779;6633457N;6633473;471128;731957;6633473N;UPC POLSKA sp. z o.o.;światłowodowe;-;Tak;Nie;-;-;-;podziemny w kanalizacji;1.5;Nie
7049527;471403;730794;7049527N;6585754;471136;731120;6585754C;Orange Polska S.A.;światłowodowe;-;Tak;Nie;-;-;-;podziemny w kanalizacji;0.7;Nie
6617144;471285;730867;6617144C;6388389;471167;730856;6388389C;Światłowód Inwestycje Sp. z o. o.;światłowodowe;-;Tak;Nie;-;-;-;podziemny w kanalizacji;0.3;Nie
7049527;471403;730794;7049527N;6283008;471201;732011;6283008C;Orange Polska S.A.;światłowodowe;-;Tak;Nie;-;-;-;podziemny w kanalizacji;1.8;Nie
6439272;471687;730693;6439272C;6303097;471771;731909;6303097C;Orange Polska S.A.;światłowodowe;-;Tak;Nie;-;-;-;podziemny w kanalizacji;1.7;Nie
6537350;471285;730867;6537350C;6537537;470943;730763;6537537C;Orange Polska S.A.;światłowodowe;-;Tak;Nie;-;-;-;podziemny w kanalizacji;0.4;Nie
7049527;471403;730794;7049527N;6947276;470951;730573;6947276N;Orange Polska S.A.;światłowodowe;-;Tak;Nie;-;-;-;podziemny w kanalizacji;1.3;Nie
6316842;471399;731115;6316842C;5913905;470985;731488;5913905C;Orange Polska S.A.;światłowodowe;-;Tak;Nie;-;-;-;podziemny w kanalizacji;0.7;Nie
6267022;471440;731348;6267022C;5992725;471120;731924;5992725C;Orange Polska S.A.;światłowodowe;-;Tak;Nie;-;-;-;podziemny w kanalizacji;0.8;Nie
6537350;471285;730867;6537350C;5914313;471121;730962;5914313C;Orange Polska S.A.;światłowodowe;-;Tak;Nie;-;-;-;podziemny w kanalizacji;0.5;Nie
5992725;471120;731924;5992725C;6298111;471257;731785;6298111C;Orange Polska S.A.;światłowodowe;-;Tak;Nie;-;-;-;podziemny w kanalizacji;0.4;Nie
6200081;471315;731397;6200081C;7039452;471154;731331;7039452N;NETIA S.A.;światłowodowe;-;Nie;Nie;-;-;-;podziemny;0.2;Nie
5706236;470889;731976;5706236C;6470042;470835;732032;6470042C;Orange Polska S.A.;światłowodowe;-;Tak;Nie;-;-;-;podziemny w kanalizacji;0.1;Nie
5706236;470889;731976;5706236C;5760255;470990;731981;5760255C;Orange Polska S.A.;światłowodowe;-;Tak;Nie;-;-;-;podziemny w kanalizacji;0.3;Nie
5992725;471120;731924;5992725C;5941766;471218;731955;5941766C;Orange Polska S.A.;światłowodowe;-;Tak;Nie;-;-;-;podziemny;0.4;Nie
5941766;471218;731955;5941766C;6056688;471263;731938;6056688C;Orange Polska S.A.;światłowodowe;-;Tak;Nie;-;-;-;podziemny w kanalizacji;0.2;Nie
5706236;470889;731976;5706236C;6584728;470920;732018;6584728C;Orange Polska S.A.;światłowodowe;-;Tak;Nie;-;-;-;podziemny w kanalizacji;0.1;Nie
5833926;471731;731950;5833926C;6568685;471646;732091;6568685C;Orange Polska S.A.;światłowodowe;-;Tak;Nie;-;-;-;podziemny w kanalizacji;0.4;Nie
5706236;470889;731976;5706236C;6581183;470878;732026;6581183C;Orange Polska S.A.;światłowodowe;-;Tak;Nie;-;-;-;podziemny w kanalizacji;0.1;Nie
5992725;471120;731924;5992725C;5706236;470889;731976;5706236C;Orange Polska S.A.;światłowodowe;-;Tak;Nie;-;-;-;podziemny w kanalizacji;0.4;Nie
5992725;471120;731924;5992725C;6564166;471195;731978;6564166C;Orange Polska S.A.;światłowodowe;-;Tak;Nie;-;-;-;podziemny w kanalizacji;0.3;Nie
5909512;470659;730659;5909512C;5658238;470555;730703;5658238C;Orange Polska S.A.;światłowodowe;-;Tak;Nie;-;-;-;podziemny w kanalizacji;0.2;Nie
5658238;470555;730703;5658238C;5916542;470596;730738;5916542C;Orange Polska S.A.;światłowodowe;-;Tak;Nie;-;-;-;podziemny w kanalizacji;0.2;Nie
6537537;470943;730763;6537537C;5909512;470659;730659;5909512C;Orange Polska S.A.;światłowodowe;-;Tak;Nie;-;-;-;podziemny w kanalizacji;0.5;Nie
5813781;470870;730740;5813781C;6026655;470776;730725;6026655C;Orange Polska S.A.;światłowodowe;-;Tak;Nie;-;-;-;podziemny w kanalizacji;0.1;Nie
6537537;470943;730763;6537537C;6599152;471073;730668;6599152C;Orange Polska S.A.;światłowodowe;-;Tak;Nie;-;-;-;podziemny w kanalizacji;0.5;Nie
6421439;470794;730780;6421439C;6765909;470554;730838;6765909N;UPC POLSKA sp. z o.o.;światłowodowe;-;Tak;Nie;-;-;-;podziemny w kanalizacji;0.1;Nie
5909512;470659;730659;5909512C;6406153;471053;730816;6406153C;Orange Polska S.A.;światłowodowe;-;Tak;Nie;-;-;-;podziemny w kanalizacji;0.6;Nie
7049527;471403;730794;7049527N;5841919;470478;731575;5841919C;Orange Polska S.A.;światłowodowe;-;Tak;Nie;-;-;-;podziemny w kanalizacji;2;Nie
6585754;471136;731120;6585754C;6986746;470496;731319;6986746N;Orange Polska S.A.;światłowodowe;-;Tak;Nie;-;-;-;podziemny w kanalizacji;0.8;Nie
6585754;471136;731120;6585754C;7065823;470645;731162;7065823N;Orange Polska S.A.;światłowodowe;-;Tak;Nie;-;-;-;podziemny w kanalizacji;0.7;Nie
6633459;471447;731073;6633459N;6444347;471084;731420;6444347C;UPC POLSKA sp. z o.o.;światłowodowe;-;Tak;Nie;-;-;-;podziemny w kanalizacji;0.7;Nie
6546949;471452;730909;6546949C;6152779;471145;731479;6152779C;Orange Polska S.A.;światłowodowe;-;Tak;Nie;-;-;-;podziemny w kanalizacji;1;Nie
6267022;471440;731348;6267022C;5936703;471243;731423;5936703C;Orange Polska S.A.;światłowodowe;-;Tak;Nie;-;-;-;podziemny w kanalizacji;0.4;Nie
5704249;472525;728801;5704249C;6154981;472529;728904;6154981C;Orange Polska S.A.;światłowodowe;-;Tak;Nie;-;-;-;podziemny w kanalizacji;0.1;Nie
5704249;472525;728801;5704249C;6534355;472533;729015;6534355C;Orange Polska S.A.;światłowodowe;-;Tak;Nie;-;-;-;podziemny w kanalizacji;0.3;Nie
6564950;472815;728941;6564950C;5697541;472716;728877;5697541C;Orange Polska S.A.;światłowodowe;-;Tak;Nie;-;-;-;podziemny w kanalizacji;0.1;Nie
6563352;472755;728936;6563352C;5933124;472695;728922;5933124C;Orange Polska S.A.;światłowodowe;-;Tak;Nie;-;-;-;podziemny w kanalizacji;0.1;Nie
6564950;472815;728941;6564950C;6016394;472804;728956;6016394C;Orange Polska S.A.;światłowodowe;-;Tak;Nie;-;-;-;podziemny w kanalizacji;0.1;Nie
5668053;472644;728729;5668053C;6587265;472657;728818;6587265C;Orange Polska S.A.;światłowodowe;-;Tak;Nie;-;-;-;podziemny w kanalizacji;0.1;Nie
5945943;472750;728735;5945943C;5924015;472700;728602;5924015C;Orange Polska S.A.;światłowodowe;-;Tak;Nie;-;-;-;podziemny w kanalizacji;0.3;Nie
6534669;472624;728706;6534669C;6534860;472486;728605;6534860C;Orange Polska S.A.;światłowodowe;-;Tak;Nie;-;-;-;podziemny w kanalizacji;0.3;Nie
5699532;472891;728748;5699532C;6277659;472961;728603;6277659C;Orange Polska S.A.;światłowodowe;-;Tak;Nie;-;-;-;podziemny w kanalizacji;0.2;Nie
6634475;472725;728606;6634475N;6431356;472750;728735;6431356C;UPC POLSKA sp. z o.o.;światłowodowe;-;Tak;Nie;-;-;-;podziemny w kanalizacji;0.4;Nie
6839073;472891;728748;6839073N;7083013;472341;728616;7083013N;Orange Polska S.A.;światłowodowe;-;Tak;Nie;-;-;-;podziemny w kanalizacji;0.9;Nie
6023210;472430;728822;6023210C;6558074;472314;728910;6558074C;Orange Polska S.A.;światłowodowe;-;Tak;Nie;-;-;-;podziemny w kanalizacji;0.2;Nie
6023210;472430;728822;6023210C;5931244;472415;728852;5931244C;Orange Polska S.A.;światłowodowe;-;Tak;Nie;-;-;-;podziemny w kanalizacji;0.1;Nie
6023210;472430;728822;6023210C;6023234;472421;728963;6023234C;Orange Polska S.A.;światłowodowe;-;Tak;Nie;-;-;-;podziemny w kanalizacji;0.3;Nie
5749034;472409;729586;5749034C;6433502;472441;729600;6433502C;Orange Polska S.A.;światłowodowe;-;Tak;Nie;-;-;-;podziemny w kanalizacji;0.1;Nie
5934673;472203;730068;5934673C;6159085;472196;730048;6159085C;Orange Polska S.A.;światłowodowe;-;Tak;Nie;-;-;-;podziemny w rurociągu;0.1;Nie
5979683;472322;729735;5979683C;6537353;472376;729978;6537353C;Orange Polska S.A.;światłowodowe;-;Tak;Nie;-;-;-;podziemny w kanalizacji;0.4;Nie
6023210;472430;728822;6023210C;6248499;472380;728909;6248499C;Orange Polska S.A.;światłowodowe;-;Tak;Nie;-;-;-;podziemny w kanalizacji;0.2;Nie
6411057;472206;728712;6411057C;5834867;472170;728866;5834867C;Orange Polska S.A.;światłowodowe;-;Tak;Nie;-;-;-;podziemny w kanalizacji;0.3;Nie
5690058;472178;728562;5690058C;5749910;472181;728583;5749910C;Orange Polska S.A.;światłowodowe;-;Tak;Nie;-;-;-;podziemny w kanalizacji;0.1;Nie
6258937;472290;728583;6258937C;5696642;472249;728559;5696642C;Orange Polska S.A.;światłowodowe;-;Tak;Nie;-;-;-;podziemny w kanalizacji;0.1;Nie
5968438;472298;728675;5968438C;6473964;472269;728808;6473964C;Orange Polska S.A.;światłowodowe;-;Tak;Nie;-;-;-;podziemny w kanalizacji;0.2;Nie
5968438;472298;728675;5968438C;5756213;472307;728754;5756213C;Orange Polska S.A.;światłowodowe;-;Tak;Nie;-;-;-;podziemny w kanalizacji;0.1;Nie
6474599;472336;728625;6474599C;5694881;472348;728691;5694881C;Orange Polska S.A.;światłowodowe;-;Tak;Nie;-;-;-;podziemny w kanalizacji;0.2;Nie
5728931;471858;729694;5728931C;5970576;471875;729753;5970576C;Orange Polska S.A.;światłowodowe;-;Tak;Nie;-;-;-;podziemny w kanalizacji;0.1;Nie
6421445;472610;729677;6421445C;6633921;472554;729750;6633921N;UPC POLSKA sp. z o.o.;światłowodowe;-;Tak;Nie;-;-;-;podziemny w kanalizacji;0.1;Nie
6421445;472610;729677;6421445C;6633359;472591;729703;6633359N;UPC POLSKA sp. z o.o.;światłowodowe;-;Tak;Nie;-;-;-;podziemny w kanalizacji;0.1;Nie
5731057;473093;729768;5731057C;7060925;473192;729752;7060925N;Orange Polska S.A.;światłowodowe;-;Tak;Nie;-;-;-;podziemny w kanalizacji;0.1;Nie
5663311;472297;728657;5663311C;6645779;472273;728515;6645779N;UPC POLSKA sp. z o.o.;światłowodowe;-;Tak;Nie;-;-;-;podziemny w kanalizacji;0.1;Nie
6423900;471769;728782;6423900C;6423891;471711;728923;6423891C;UPC POLSKA sp. z o.o.;światłowodowe;-;Tak;Nie;-;-;-;podziemny w kanalizacji;0.2;Nie
5688597;471630;729250;5688597C;6221089;471681;729193;6221089C;Orange Polska S.A.;światłowodowe;-;Tak;Nie;-;-;-;podziemny w kanalizacji;0.1;Nie
7039509;471756;729341;7039509N;6200086;471757;729337;6200086C;NETIA S.A.;światłowodowe;-;Nie;Nie;-;-;-;podziemny;0.2;Nie
5657573;472231;728436;5657573C;5666080;472223;728381;5666080C;Orange Polska S.A.;światłowodowe;-;Tak;Nie;-;-;-;podziemny w kanalizacji;0.1;Nie
6766297;472226;728593;6766297N;6645779;472273;728515;6645779N;UPC POLSKA sp. z o.o.;światłowodowe;-;Tak;Nie;-;-;-;podziemny w kanalizacji;0.1;Nie
5657573;472231;728436;5657573C;6539379;472247;728540;6539379C;Orange Polska S.A.;światłowodowe;-;Tak;Nie;-;-;-;podziemny w kanalizacji;0.2;Nie
5686687;472790;728522;5686687C;6525383;472793;728539;6525383C;Orange Polska S.A.;światłowodowe;-;Tak;Nie;-;-;-;podziemny w kanalizacji;0.1;Nie
5924476;471845;728361;5924476C;6277374;471827;728566;6277374C;Orange Polska S.A.;światłowodowe;-;Tak;Nie;-;-;-;podziemny w kanalizacji;0.3;Nie
6490317;472224;728363;6490317C;6511077;471822;728508;6511077C;MULTIMEDIA  POLSKA  Sp. z o. o.;światłowodowe;-;Nie;Nie;-;-;-;podziemny w kanalizacji;1.3;Nie
5709340;471780;728698;5709340C;6566864;471816;728662;6566864C;Orange Polska S.A.;światłowodowe;-;Tak;Nie;-;-;-;podziemny w kanalizacji;0.1;Nie
5709340;471780;728698;5709340C;5916864;471867;728704;5916864C;Orange Polska S.A.;światłowodowe;-;Tak;Nie;-;-;-;podziemny w kanalizacji;0.2;Nie
5924476;471845;728361;5924476C;5689167;471828;728460;5689167C;Orange Polska S.A.;światłowodowe;-;Tak;Nie;-;-;-;podziemny w kanalizacji;0.2;Nie
5924476;471845;728361;5924476C;5688472;471924;728294;5688472C;Orange Polska S.A.;światłowodowe;-;Tak;Nie;-;-;-;podziemny w kanalizacji;0.3;Nie
5924476;471845;728361;5924476C;6590579;471835;728411;6590579C;Orange Polska S.A.;światłowodowe;-;Tak;Nie;-;-;-;podziemny w kanalizacji;0.2;Nie
6258937;472290;728583;6258937C;5690058;472178;728562;5690058C;Orange Polska S.A.;światłowodowe;-;Tak;Nie;-;-;-;podziemny w kanalizacji;0.2;Nie
5709340;471780;728698;5709340C;5693538;471909;728754;5693538C;Orange Polska S.A.;światłowodowe;-;Tak;Nie;-;-;-;podziemny w kanalizacji;0.2;Nie
5862176;471816;728879;5862176C;6154046;471798;728875;6154046C;Orange Polska S.A.;światłowodowe;-;Tak;Nie;-;-;-;podziemny w kanalizacji;0.1;Nie
5924476;471845;728361;5924476C;5947997;471907;728232;5947997C;Orange Polska S.A.;światłowodowe;-;Tak;Nie;-;-;-;podziemny w kanalizacji;0.2;Nie
6575390;471878;728290;6575390C;6254711;471880;728272;6254711C;Orange Polska S.A.;światłowodowe;-;Tak;Nie;-;-;-;podziemny w rurociągu;0.1;Nie
6534669;472624;728706;6534669C;6258937;472290;728583;6258937C;Orange Polska S.A.;światłowodowe;-;Tak;Nie;-;-;-;podziemny w kanalizacji;0.5;Nie
5688597;471630;729250;5688597C;5833943;471369;728043;5833943C;Orange Polska S.A.;światłowodowe;-;Tak;Nie;-;-;-;podziemny w kanalizacji;1.5;Nie
5676579;471310;728091;5676579C;5694001;471355;728155;5694001C;Orange Polska S.A.;światłowodowe;-;Tak;Nie;-;-;-;podziemny w kanalizacji;0.2;Nie
5702509;471355;728155;5702509C;5702682;471333;728209;5702682C;Orange Polska S.A.;światłowodowe;-;Tak;Nie;-;-;-;podziemny w kanalizacji;0.2;Nie
7174065;471182;729361;7174065N;7174069;473216;728190;7174069N;ENERGA-OPERATOR S.A.;światłowodowe;-;Tak;Nie;-;-;-;napowietrzny;3.4;Nie
5924476;471845;728361;5924476C;5709340;471780;728698;5709340C;Orange Polska S.A.;światłowodowe;-;Tak;Nie;-;-;-;podziemny w kanalizacji;0.4;Nie
5670457;471787;728427;5670457C;6647105;471828;728460;6647105N;UPC POLSKA sp. z o.o.;światłowodowe;-;Nie;Nie;-;-;-;podziemny w kanalizacji;0.1;Nie
6105836;471349;729390;6105836C;6198250;471878;727926;6198250C;NETIA S.A.;światłowodowe;-;Nie;Nie;-;-;-;podziemny;1.9;Nie
6199072;471828;728460;6199072C;6200088;471711;729081;6200088C;NETIA S.A.;światłowodowe;-;Nie;Nie;-;-;-;podziemny;0.8;Nie
6199072;471828;728460;6199072C;6199079;471467;727940;6199079C;NETIA S.A.;światłowodowe;-;Nie;Nie;-;-;-;podziemny;0.6;Tak
6023562;471613;729663;6023562C;5935116;471448;729609;5935116C;Orange Polska S.A.;światłowodowe;-;Tak;Nie;-;-;-;podziemny w kanalizacji;0.3;Nie
5935116;471448;729609;5935116C;6445474;471539;729665;6445474C;Orange Polska S.A.;światłowodowe;-;Tak;Nie;-;-;-;podziemny w kanalizacji;0.2;Nie
6023562;471613;729663;6023562C;6587273;471590;729518;6587273C;Orange Polska S.A.;światłowodowe;-;Tak;Nie;-;-;-;podziemny w kanalizacji;0.3;Nie
5995181;471607;729711;5995181C;5990144;471640;729503;5990144C;Orange Polska S.A.;światłowodowe;-;Tak;Nie;-;-;-;podziemny w kanalizacji;0.3;Nie
5688597;471630;729250;5688597C;5746693;471801;729303;5746693C;Orange Polska S.A.;światłowodowe;-;Tak;Nie;-;-;-;podziemny w kanalizacji;0.3;Nie
5732498;471742;729298;5732498C;6956862;471716;729276;6956862N;T-MOBILE POLSKA S.A.;światłowodowe;-;Nie;Nie;-;-;-;podziemny;0.1;Nie
6200086;471757;729337;6200086C;7039464;471752;729347;7039464N;NETIA S.A.;światłowodowe;-;Nie;Nie;-;-;-;podziemny;0.4;Nie
6200086;471757;729337;6200086C;7039465;471754;729339;7039465N;NETIA S.A.;światłowodowe;-;Nie;Nie;-;-;-;podziemny;0.1;Nie
6105836;471349;729390;6105836C;6200088;471711;729081;6200088C;NETIA S.A.;światłowodowe;-;Nie;Nie;-;-;-;podziemny;0.7;Nie
6105836;471349;729390;6105836C;6200085;471774;729195;6200085C;NETIA S.A.;światłowodowe;-;Nie;Nie;-;-;-;podziemny;0.7;Nie
5709340;471780;728698;5709340C;6038932;471915;728705;6038932C;Orange Polska S.A.;światłowodowe;-;Tak;Nie;-;-;-;podziemny w kanalizacji;0.2;Nie
6568539;471820;728834;6568539C;5862176;471816;728879;5862176C;Orange Polska S.A.;światłowodowe;-;Tak;Nie;-;-;-;podziemny w kanalizacji;0.1;Nie
5862176;471816;728879;5862176C;6531045;471835;728876;6531045C;Orange Polska S.A.;światłowodowe;-;Tak;Nie;-;-;-;podziemny w kanalizacji;0.2;Nie
5841012;471705;729130;5841012C;5723510;471754;728974;5723510C;Orange Polska S.A.;światłowodowe;-;Tak;Nie;-;-;-;podziemny w kanalizacji;0.2;Nie
5688597;471630;729250;5688597C;6425977;471813;729033;6425977C;Orange Polska S.A.;światłowodowe;-;Tak;Nie;-;-;-;podziemny w kanalizacji;0.4;Nie
6239713;472004;729060;6239713C;5973117;471858;729694;5973117C;Orange Polska S.A.;światłowodowe;-;Tak;Nie;-;-;-;podziemny;0.2;Nie
7008208;471776;728738;7008208N;6200088;471711;729081;6200088C;NETIA S.A.;światłowodowe;-;Nie;Nie;-;-;-;podziemny;0.6;Nie
6749338;471816;728879;6749338N;6200088;471711;729081;6200088C;NETIA S.A.;światłowodowe;-;Nie;Nie;-;-;-;podziemny;0.3;Nie
6200097;471621;729626;6200097C;6942217;471779;729638;6942217N;NETIA S.A.;światłowodowe;-;Nie;Nie;-;-;-;podziemny;0.2;Nie
5680717;471586;728847;5680717C;5698008;471505;728865;5698008C;Orange Polska S.A.;światłowodowe;-;Tak;Nie;-;-;-;napowietrzny;0.1;Nie
6214128;471737;728959;6214128C;6215860;471586;728847;6215860C;NAUKOWA I AKADEMICKA SIEĆ KOMPUTEROWA - PAŃSTWOWY INSTYTUT BADAWCZY;światłowodowe;-;Nie;Nie;-;-;-;podziemny w kanalizacji;0.3;Nie
5841012;471705;729130;5841012C;6407009;471586;728847;6407009C;Orange Polska S.A.;światłowodowe;-;Tak;Nie;-;-;-;podziemny w kanalizacji;0.4;Nie
6633456;471602;729619;6633456N;6423891;471711;728923;6423891C;UPC POLSKA sp. z o.o.;światłowodowe;-;Tak;Nie;-;-;-;podziemny w kanalizacji;0.1;Nie
6137273;471601;729699;6137273C;6125523;471733;728942;6125523C;T-MOBILE POLSKA S.A.;światłowodowe;-;Nie;Nie;-;-;-;podziemny;0.8;Nie
6214128;471737;728959;6214128C;6214127;471624;729539;6214127C;NAUKOWA I AKADEMICKA SIEĆ KOMPUTEROWA - PAŃSTWOWY INSTYTUT BADAWCZY;światłowodowe;-;Nie;Nie;-;-;-;podziemny w kanalizacji;0.7;Nie
6023562;471613;729663;6023562C;5856206;471510;729503;5856206C;Orange Polska S.A.;światłowodowe;-;Tak;Nie;-;-;-;podziemny w kanalizacji;0.4;Nie
7039511;471586;728847;7039511N;6200088;471711;729081;6200088C;NETIA S.A.;światłowodowe;-;Nie;Nie;-;-;-;podziemny;0.4;Nie
6530732;471659;729349;6530732C;5746060;471519;729458;5746060C;Orange Polska S.A.;światłowodowe;-;Tak;Nie;-;-;-;podziemny w kanalizacji;0.3;Nie
6023562;471613;729663;6023562C;6530732;471659;729349;6530732C;Orange Polska S.A.;światłowodowe;-;Tak;Nie;-;-;-;podziemny w kanalizacji;0.4;Nie
5990144;471640;729503;5990144C;6594039;471688;729445;6594039C;Orange Polska S.A.;światłowodowe;-;Tak;Nie;-;-;-;podziemny w kanalizacji;0.2;Nie
6633456;471602;729619;6633456N;6421083;471529;729825;6421083C;UPC POLSKA sp. z o.o.;światłowodowe;-;Tak;Nie;-;-;-;podziemny w kanalizacji;0.4;Nie
7050400;471721;729758;7050400N;7117052;471485;729587;7117052N;INETSERVICE;światłowodowe;-;Nie;Nie;-;-;-;podziemny w kanalizacji;0.5;Nie
6200097;471621;729626;6200097C;6942218;471711;729836;6942218N;NETIA S.A.;światłowodowe;-;Nie;Nie;-;-;-;podziemny;0.3;Nie
6200078;471543;729464;6200078C;7039448;471591;729497;7039448N;NETIA S.A.;światłowodowe;-;Nie;Nie;-;-;-;podziemny;0.1;Nie
6200078;471543;729464;6200078C;7039448;471591;729497;7039448N;NETIA S.A.;światłowodowe;-;Nie;Nie;-;-;-;podziemny;0.2;Nie
6568947;471607;729711;6568947C;7054421;471197;729666;7054421N;Orange Polska S.A.;światłowodowe;-;Tak;Nie;-;-;-;podziemny w kanalizacji;0.9;Nie
6105836;471349;729390;6105836C;6942221;471273;729651;6942221N;NETIA S.A.;światłowodowe;-;Nie;Nie;-;-;-;podziemny;0.5;Nie
6942221;471273;729651;6942221N;6200093;471539;729665;6200093C;NETIA S.A.;światłowodowe;-;Nie;Nie;-;-;-;podziemny;0.4;Nie
6200093;471539;729665;6200093C;6105836;471349;729390;6105836C;NETIA S.A.;światłowodowe;-;Nie;Nie;-;-;-;podziemny;0.5;Nie
6105836;471349;729390;6105836C;6200078;471543;729464;6200078C;NETIA S.A.;światłowodowe;-;Nie;Nie;-;-;-;podziemny;0.2;Nie
5935116;471448;729609;5935116C;5677531;471406;729594;5677531C;Orange Polska S.A.;światłowodowe;-;Tak;Nie;-;-;-;podziemny w kanalizacji;0.1;Nie
5691046;471878;728034;5691046C;5690869;471862;728169;5690869C;Orange Polska S.A.;światłowodowe;-;Tak;Nie;-;-;-;podziemny w kanalizacji;0.2;Nie
6006150;471878;728034;6006150C;6002689;471951;728215;6002689C;Światłowód Inwestycje Sp. z o. o.;światłowodowe;-;Tak;Nie;-;-;-;podziemny w kanalizacji;0.4;Nie
6148783;471888;727862;6148783C;6060414;473027;728378;6060414C;T-MOBILE POLSKA S.A.;światłowodowe;-;Nie;Nie;-;-;-;podziemny;1.9;Nie
6271614;473002;727900;6271614C;5858360;472995;727909;5858360C;Orange Polska S.A.;światłowodowe;-;Tak;Nie;-;-;-;podziemny w rurociągu;0.1;Nie
5663333;471878;727926;5663333C;6632767;471638;728007;6632767N;UPC POLSKA sp. z o.o.;światłowodowe;-;Tak;Nie;-;-;-;podziemny w kanalizacji;0.4;Nie
6431353;471786;727915;6431353C;5663687;471677;727856;5663687C;UPC POLSKA sp. z o.o.;światłowodowe;-;Tak;Nie;-;-;-;podziemny w kanalizacji;0.2;Nie
5663568;471698;727875;5663568C;5663333;471878;727926;5663333C;UPC POLSKA sp. z o.o.;światłowodowe;-;Nie;Nie;-;-;-;podziemny w kanalizacji;0.1;Nie
6588026;471737;727965;6588026C;5826610;471714;728019;5826610C;Orange Polska S.A.;światłowodowe;-;Tak;Nie;-;-;-;podziemny w kanalizacji;0.2;Nie
5691046;471878;728034;5691046C;5715427;471759;727885;5715427C;Orange Polska S.A.;światłowodowe;-;Tak;Nie;-;-;-;podziemny w kanalizacji;0.3;Nie
5670457;471787;728427;5670457C;5663333;471878;727926;5663333C;UPC POLSKA sp. z o.o.;światłowodowe;-;Nie;Nie;-;-;-;podziemny w kanalizacji;0.6;Nie
5925944;471777;727786;5925944C;6553652;471770;727735;6553652C;Orange Polska S.A.;światłowodowe;-;Tak;Nie;-;-;-;podziemny;0.5;Nie
7133397;471981;728149;7133397N;5776924;471875;727717;5776924C;T-MOBILE POLSKA S.A.;światłowodowe;-;Nie;Nie;-;-;-;podziemny;0.6;Nie
5691046;471878;728034;5691046C;6403986;471909;727934;6403986C;Orange Polska S.A.;światłowodowe;-;Tak;Nie;-;-;-;podziemny;0.2;Nie
5691046;471878;728034;5691046C;5934968;471884;728001;5934968C;Orange Polska S.A.;światłowodowe;-;Tak;Nie;-;-;-;podziemny w kanalizacji;0.1;Nie
5691046;471878;728034;5691046C;6417479;471984;728019;6417479C;Orange Polska S.A.;światłowodowe;-;Tak;Nie;-;-;-;podziemny w kanalizacji;0.3;Nie
6403986;471909;727934;6403986C;6538764;471965;727961;6538764C;Orange Polska S.A.;światłowodowe;-;Tak;Nie;-;-;-;podziemny;0.2;Nie
5691046;471878;728034;5691046C;5749224;471902;728119;5749224C;Orange Polska S.A.;światłowodowe;-;Tak;Nie;-;-;-;podziemny w kanalizacji;0.2;Nie
6538764;471965;727961;6538764C;5931367;471949;727956;5931367C;Orange Polska S.A.;światłowodowe;-;Tak;Nie;-;-;-;podziemny w rurociągu;0.1;Nie
5676579;471310;728091;5676579C;5676564;471267;728115;5676564C;Orange Polska S.A.;światłowodowe;-;Tak;Nie;-;-;-;podziemny w kanalizacji;0.1;Nie
6382724;471704;727913;6382724C;6307911;471698;727875;6307911C;Światłowód Inwestycje Sp. z o. o.;światłowodowe;-;Tak;Nie;-;-;-;podziemny w kanalizacji;0.1;Nie
6382724;471704;727913;6382724C;6307911;471698;727875;6307911C;Światłowód Inwestycje Sp. z o. o.;światłowodowe;-;Tak;Nie;-;-;-;podziemny w kanalizacji;0.1;Nie
6382724;471704;727913;6382724C;6307911;471698;727875;6307911C;Światłowód Inwestycje Sp. z o. o.;światłowodowe;-;Tak;Nie;-;-;-;podziemny w kanalizacji;0.1;Nie
6382724;471704;727913;6382724C;6307911;471698;727875;6307911C;Światłowód Inwestycje Sp. z o. o.;światłowodowe;-;Tak;Nie;-;-;-;podziemny w kanalizacji;0.1;Nie
6282702;471215;728043;6282702C;5697546;471215;728017;5697546C;Orange Polska S.A.;światłowodowe;-;Tak;Nie;-;-;-;podziemny w kanalizacji;0.1;Nie
5726768;471186;727459;5726768C;6007481;471174;727420;6007481C;Orange Polska S.A.;światłowodowe;-;Tak;Nie;-;-;-;podziemny w rurociągu;0.2;Nie
5766237;472667;728412;5766237C;5934813;472725;728472;5934813C;Orange Polska S.A.;światłowodowe;-;Tak;Nie;-;-;-;podziemny w kanalizacji;0.3;Nie
5686687;472790;728522;5686687C;5766237;472667;728412;5766237C;Orange Polska S.A.;światłowodowe;-;Tak;Nie;-;-;-;podziemny w kanalizacji;0.3;Nie
5686687;472790;728522;5686687C;5686689;472867;728522;5686689C;Orange Polska S.A.;światłowodowe;-;Tak;Nie;-;-;-;podziemny w kanalizacji;0.3;Nie
6563768;472867;728522;6563768C;5728332;472911;728571;5728332C;Orange Polska S.A.;światłowodowe;-;Tak;Nie;-;-;-;podziemny w kanalizacji;0.2;Nie
5670493;473185;728295;5670493C;6645781;472955;728688;6645781N;UPC POLSKA sp. z o.o.;światłowodowe;-;Nie;Nie;-;-;-;podziemny w kanalizacji;0.1;Nie
6159716;473455;729043;6159716C;6532640;473479;729020;6532640C;Orange Polska S.A.;światłowodowe;-;Tak;Nie;-;-;-;podziemny w kanalizacji;0.1;Nie
6290338;473442;729352;6290338C;5698860;473506;729287;5698860C;Orange Polska S.A.;światłowodowe;-;Tak;Nie;-;-;-;podziemny w kanalizacji;0.2;Nie
6290338;473442;729352;6290338C;5759328;473417;729492;5759328C;Orange Polska S.A.;światłowodowe;-;Tak;Nie;-;-;-;podziemny w kanalizacji;0.3;Nie
7133419;473461;729421;7133419N;6092327;473448;729365;6092327C;T-MOBILE POLSKA S.A.;światłowodowe;-;Nie;Nie;-;-;-;podziemny;0.4;Nie
6632568;473346;728956;6632568N;6632566;473265;729051;6632566N;UPC POLSKA sp. z o.o.;światłowodowe;-;Tak;Nie;-;-;-;podziemny w kanalizacji;0.2;Nie
6161402;474274;728638;6161402C;5764355;474343;728472;5764355C;Orange Polska S.A.;światłowodowe;-;Tak;Nie;-;-;-;podziemny w kanalizacji;0.3;Nie
5764355;474343;728472;5764355C;5695005;474292;728586;5695005C;Orange Polska S.A.;światłowodowe;-;Tak;Nie;-;-;-;podziemny;0.2;Nie
5681219;474101;728658;5681219C;6529921;474086;728527;6529921C;Orange Polska S.A.;światłowodowe;-;Tak;Nie;-;-;-;podziemny w kanalizacji;0.2;Nie
6161402;474274;728638;6161402C;6159716;473455;729043;6159716C;Orange Polska S.A.;światłowodowe;-;Tak;Nie;-;-;-;podziemny w kanalizacji;1.2;Nie
5681219;474101;728658;5681219C;6683125;473428;729354;6683125N;Orange Polska S.A.;światłowodowe;-;Tak;Nie;-;-;-;podziemny w kanalizacji;1.2;Nie
6159716;473455;729043;6159716C;5677813;473469;728987;5677813C;Orange Polska S.A.;światłowodowe;-;Tak;Nie;-;-;-;podziemny w kanalizacji;0.2;Nie
5766237;472667;728412;5766237C;6410718;472473;728300;6410718C;Orange Polska S.A.;światłowodowe;-;Tak;Nie;-;-;-;podziemny w kanalizacji;0.2;Nie
6410718;472473;728300;6410718C;5721325;472476;728319;5721325C;Orange Polska S.A.;światłowodowe;-;Tak;Nie;-;-;-;podziemny w kanalizacji;0.1;Nie
6534669;472624;728706;6534669C;6251493;472546;728663;6251493C;Orange Polska S.A.;światłowodowe;-;Tak;Nie;-;-;-;podziemny w kanalizacji;0.2;Nie
5766237;472667;728412;5766237C;5909376;472611;728498;5909376C;Orange Polska S.A.;światłowodowe;-;Tak;Nie;-;-;-;podziemny w kanalizacji;0.2;Nie
6534669;472624;728706;6534669C;5668053;472644;728729;5668053C;Orange Polska S.A.;światłowodowe;-;Tak;Nie;-;-;-;podziemny w kanalizacji;0.1;Nie
6252431;473525;728183;6252431C;6247310;473883;727988;6247310C;Orange Polska S.A.;światłowodowe;-;Tak;Nie;-;-;-;podziemny w kanalizacji;0.7;Nie
6272664;473665;728140;6272664C;5921419;473738;728016;5921419C;Orange Polska S.A.;światłowodowe;-;Tak;Nie;-;-;-;podziemny w kanalizacji;0.2;Nie
6252431;473525;728183;6252431C;6016624;473451;728041;6016624C;Orange Polska S.A.;światłowodowe;-;Tak;Nie;-;-;-;podziemny w kanalizacji;0.3;Nie
6252431;473525;728183;6252431C;5782082;473757;728060;5782082C;Orange Polska S.A.;światłowodowe;-;Tak;Nie;-;-;-;podziemny w kanalizacji;0.5;Nie
6252431;473525;728183;6252431C;5987940;473447;728151;5987940C;Orange Polska S.A.;światłowodowe;-;Tak;Nie;-;-;-;podziemny w kanalizacji;0.1;Nie
6252431;473525;728183;6252431C;5960723;473769;727977;5960723C;Orange Polska S.A.;światłowodowe;-;Tak;Nie;-;-;-;podziemny w kanalizacji;0.6;Nie
6252431;473525;728183;6252431C;6471027;473540;728152;6471027C;Orange Polska S.A.;światłowodowe;-;Tak;Nie;-;-;-;podziemny w kanalizacji;0.1;Nie
6837861;473107;727632;6837861N;5681219;474101;728658;5681219C;Orange Polska S.A.;światłowodowe;-;Tak;Nie;-;-;-;podziemny w kanalizacji;1.8;Nie
5670480;473287;728007;5670480C;5670484;473468;728213;5670484C;UPC POLSKA sp. z o.o.;światłowodowe;-;Tak;Nie;-;-;-;podziemny w kanalizacji;0.5;Nie
5670484;473468;728213;5670484C;6423051;473371;728174;6423051C;UPC POLSKA sp. z o.o.;światłowodowe;-;Tak;Nie;-;-;-;podziemny w kanalizacji;0.1;Nie
5670484;473468;728213;5670484C;6647072;473677;728176;6647072N;UPC POLSKA sp. z o.o.;światłowodowe;-;Tak;Nie;-;-;-;podziemny w kanalizacji;0.3;Nie
6159950;473463;728211;6159950C;5907532;473245;728205;5907532C;Orange Polska S.A.;światłowodowe;-;Tak;Nie;-;-;-;podziemny w kanalizacji;0.4;Nie
6429658;473863;728022;6429658C;5663662;473873;728013;5663662C;UPC POLSKA sp. z o.o.;światłowodowe;-;Tak;Nie;-;-;-;podziemny w kanalizacji;0.1;Nie
6837861;473107;727632;6837861N;5658253;473236;728135;5658253C;Orange Polska S.A.;światłowodowe;-;Tak;Nie;-;-;-;podziemny w kanalizacji;0.8;Nie
6837861;473107;727632;6837861N;6159950;473463;728211;6159950C;Orange Polska S.A.;światłowodowe;-;Tak;Nie;-;-;-;podziemny w kanalizacji;1.1;Nie
5658253;473236;728135;5658253C;6837861;473107;727632;6837861N;Orange Polska S.A.;światłowodowe;-;Tak;Nie;-;-;-;podziemny w kanalizacji;0.7;Nie
5658253;473236;728135;5658253C;6469827;473299;727905;6469827C;Orange Polska S.A.;światłowodowe;-;Tak;Nie;-;-;-;podziemny w kanalizacji;0.3;Nie
6545620;473358;728033;6545620C;6565233;473347;727909;6565233C;Orange Polska S.A.;światłowodowe;-;Tak;Nie;-;-;-;podziemny w kanalizacji;0.3;Nie
6545620;473358;728033;6545620C;5920588;473342;727950;5920588C;Orange Polska S.A.;światłowodowe;-;Tak;Nie;-;-;-;podziemny w kanalizacji;0.2;Nie
6837861;473107;727632;6837861N;6532755;473854;727864;6532755C;Orange Polska S.A.;światłowodowe;-;Tak;Nie;-;-;-;podziemny w kanalizacji;1;Nie
5979388;473153;727814;5979388C;5922041;473115;727806;5922041C;Orange Polska S.A.;światłowodowe;-;Tak;Nie;-;-;-;podziemny w kanalizacji;0.2;Nie
6471718;473493;727598;6471718C;5743222;473336;727566;5743222C;Orange Polska S.A.;światłowodowe;-;Tak;Nie;-;-;-;podziemny w kanalizacji;0.2;Nie
5685989;473362;727716;5685989C;6468898;473497;727673;6468898C;Orange Polska S.A.;światłowodowe;-;Tak;Nie;-;-;-;podziemny w kanalizacji;0.2;Nie
5685989;473362;727716;5685989C;6557484;473491;727711;6557484C;Orange Polska S.A.;światłowodowe;-;Tak;Nie;-;-;-;podziemny w kanalizacji;0.2;Nie
5685989;473362;727716;5685989C;5683059;473856;727712;5683059C;Orange Polska S.A.;światłowodowe;-;Tak;Nie;-;-;-;podziemny w kanalizacji;0.6;Nie
5696279;473003;727533;5696279C;5696527;472932;727404;5696527C;Orange Polska S.A.;światłowodowe;-;Tak;Nie;-;-;-;podziemny w kanalizacji;0.3;Nie
5696279;473003;727533;5696279C;5683094;473017;727430;5683094C;Orange Polska S.A.;światłowodowe;-;Tak;Nie;-;-;-;podziemny w kanalizacji;0.3;Nie
5696279;473003;727533;5696279C;6276375;473010;727481;6276375C;Orange Polska S.A.;światłowodowe;-;Tak;Nie;-;-;-;podziemny w kanalizacji;0.2;Nie
6837861;473107;727632;6837861N;5696279;473003;727533;5696279C;Orange Polska S.A.;światłowodowe;-;Tak;Nie;-;-;-;podziemny w kanalizacji;0.2;Nie
6424705;473146;727595;6424705C;6253460;473048;727538;6253460C;Orange Polska S.A.;światłowodowe;-;Tak;Nie;-;-;-;podziemny w kanalizacji;0.3;Nie
6424705;473146;727595;6424705C;6502247;473108;727633;6502247C;Orange Polska S.A.;światłowodowe;-;Tak;Nie;-;-;-;podziemny w kanalizacji;0.5;Nie
6424705;473146;727595;6424705C;6559977;473096;727538;6559977C;Orange Polska S.A.;światłowodowe;-;Tak;Nie;-;-;-;podziemny w kanalizacji;0.2;Nie
6025661;472955;727231;6025661C;5961409;473137;727262;5961409C;Orange Polska S.A.;światłowodowe;-;Tak;Nie;-;-;-;podziemny w kanalizacji;0.3;Nie
6633876;472507;727318;6633876N;6633872;472456;727235;6633872N;UPC POLSKA sp. z o.o.;światłowodowe;-;Tak;Nie;-;-;-;podziemny w kanalizacji;0.1;Nie
5664168;472549;727316;5664168C;6633876;472507;727318;6633876N;UPC POLSKA sp. z o.o.;światłowodowe;-;Tak;Nie;-;-;-;podziemny w kanalizacji;0.1;Nie
5705558;472545;727368;5705558C;5858002;472596;727335;5858002C;Orange Polska S.A.;światłowodowe;-;Tak;Nie;-;-;-;podziemny;0.1;Nie
6633872;472456;727235;6633872N;6633873;472487;727240;6633873N;UPC POLSKA sp. z o.o.;światłowodowe;-;Tak;Nie;-;-;-;podziemny w kanalizacji;0.1;Nie
6155993;472508;727651;6155993C;6582173;472444;727640;6582173C;Orange Polska S.A.;światłowodowe;-;Tak;Nie;-;-;-;podziemny w kanalizacji;0.1;Nie
6155993;472508;727651;6155993C;6296808;472609;727617;6296808C;Orange Polska S.A.;światłowodowe;-;Tak;Nie;-;-;-;podziemny w kanalizacji;0.2;Nie
6544490;472618;727730;6544490C;6028184;472607;727767;6028184C;Orange Polska S.A.;światłowodowe;-;Tak;Nie;-;-;-;podziemny w kanalizacji;0.2;Nie
6557496;473065;727787;6557496C;6022871;472774;727782;6022871C;Orange Polska S.A.;światłowodowe;-;Tak;Nie;-;-;-;podziemny w kanalizacji;0.4;Nie
6837861;473107;727632;6837861N;6557496;473065;727787;6557496C;Orange Polska S.A.;światłowodowe;-;Tak;Nie;-;-;-;podziemny w kanalizacji;0.3;Nie
6155993;472508;727651;6155993C;6544490;472618;727730;6544490C;Orange Polska S.A.;światłowodowe;-;Tak;Nie;-;-;-;podziemny w kanalizacji;0.3;Nie
6355480;472774;727782;6355480C;5985012;472915;727697;5985012C;Światłowód Inwestycje Sp. z o. o.;światłowodowe;-;Tak;Nie;-;-;-;podziemny w kanalizacji;0.3;Nie
5672485;472821;727747;5672485C;6647095;472798;727741;6647095N;UPC POLSKA sp. z o.o.;światłowodowe;-;Nie;Nie;-;-;-;podziemny w kanalizacji;0.1;Nie
6546913;473993;727636;6546913C;5829419;474206;727626;5829419C;Orange Polska S.A.;światłowodowe;-;Tak;Nie;-;-;-;podziemny w kanalizacji;0.3;Nie
6438947;474093;727567;6438947C;6256299;474059;727419;6256299C;Orange Polska S.A.;światłowodowe;-;Tak;Nie;-;-;-;podziemny w kanalizacji;0.3;Nie
5968181;474190;727456;5968181C;5856195;474114;727436;5856195C;Orange Polska S.A.;światłowodowe;-;Tak;Nie;-;-;-;podziemny w kanalizacji;0.2;Nie
5968181;474190;727456;5968181C;5684862;474149;727476;5684862C;Orange Polska S.A.;światłowodowe;-;Tak;Nie;-;-;-;podziemny w kanalizacji;0.1;Nie
5966170;473699;727206;5966170C;6577981;474071;727332;6577981C;Orange Polska S.A.;światłowodowe;-;Tak;Nie;-;-;-;podziemny w kanalizacji;0.5;Nie
6412395;473699;727206;6412395C;5702980;473800;727228;5702980C;Orange Polska S.A.;światłowodowe;-;Tak;Nie;-;-;-;podziemny w kanalizacji;0.1;Nie
5703066;473888;727623;5703066C;6533055;473791;727602;6533055C;Orange Polska S.A.;światłowodowe;-;Tak;Nie;-;-;-;podziemny w kanalizacji;0.2;Nie
5962335;473800;727228;5962335C;6831067;473812;727339;6831067N;Orange Polska S.A.;światłowodowe;-;Tak;Nie;-;-;-;podziemny w kanalizacji;0.1;Nie
5703066;473888;727623;5703066C;5988062;473853;727569;5988062C;Orange Polska S.A.;światłowodowe;-;Tak;Nie;-;-;-;podziemny w kanalizacji;0.2;Nie
5683059;473856;727712;5683059C;5987100;473881;727670;5987100C;Orange Polska S.A.;światłowodowe;-;Tak;Nie;-;-;-;podziemny w kanalizacji;0.1;Nie
6543162;473825;727763;6543162C;5749595;473636;727708;5749595C;Orange Polska S.A.;światłowodowe;-;Tak;Nie;-;-;-;podziemny w kanalizacji;0.3;Nie
5689359;473941;727707;5689359C;5990524;474093;727709;5990524C;Orange Polska S.A.;światłowodowe;-;Tak;Nie;-;-;-;podziemny w kanalizacji;0.2;Nie
6543162;473825;727763;6543162C;5745794;473684;727727;5745794C;Orange Polska S.A.;światłowodowe;-;Tak;Nie;-;-;-;podziemny w kanalizacji;0.2;Nie
5975061;473870;727812;5975061C;5702052;473890;727749;5702052C;Orange Polska S.A.;światłowodowe;-;Tak;Nie;-;-;-;podziemny w kanalizacji;0.3;Nie
5975061;473870;727812;5975061C;5718505;473939;727758;5718505C;Orange Polska S.A.;światłowodowe;-;Tak;Nie;-;-;-;podziemny w kanalizacji;0.2;Nie
6543162;473825;727763;6543162C;6437701;473873;727783;6437701C;Orange Polska S.A.;światłowodowe;-;Tak;Nie;-;-;-;podziemny w kanalizacji;0.1;Nie
5685989;473362;727716;5685989C;6585229;473587;727736;6585229C;Orange Polska S.A.;światłowodowe;-;Tak;Nie;-;-;-;podziemny w kanalizacji;0.4;Nie
6468898;473497;727673;6468898C;6550205;473394;727644;6550205C;Orange Polska S.A.;światłowodowe;-;Tak;Nie;-;-;-;podziemny w kanalizacji;0.2;Nie
6429656;473455;727699;6429656C;5668783;473491;727711;5668783C;UPC POLSKA sp. z o.o.;światłowodowe;-;Tak;Nie;-;-;-;podziemny w kanalizacji;0.1;Nie
6471718;473493;727598;6471718C;5699284;473466;727593;5699284C;Orange Polska S.A.;światłowodowe;-;Tak;Nie;-;-;-;podziemny w kanalizacji;0.1;Nie
5688537;471638;723514;5688537C;5967825;471377;723448;5967825C;Orange Polska S.A.;światłowodowe;-;Tak;Nie;-;-;-;podziemny w kanalizacji;0.4;Nie
5688537;471638;723514;5688537C;5729838;471417;723475;5729838C;Orange Polska S.A.;światłowodowe;-;Tak;Nie;-;-;-;podziemny w kanalizacji;0.3;Nie
5729838;471417;723475;5729838C;6560265;471440;723530;6560265C;Orange Polska S.A.;światłowodowe;-;Tak;Nie;-;-;-;podziemny w kanalizacji;0.2;Nie
5688537;471638;723514;5688537C;5813038;471733;723482;5813038C;Orange Polska S.A.;światłowodowe;-;Tak;Nie;-;-;-;podziemny w kanalizacji;0.2;Nie
6234404;471539;723427;6234404C;5741993;471480;723442;5741993C;Orange Polska S.A.;światłowodowe;-;Tak;Nie;-;-;-;podziemny w kanalizacji;0.2;Nie
5688537;471638;723514;5688537C;6234404;471539;723427;6234404C;Orange Polska S.A.;światłowodowe;-;Tak;Nie;-;-;-;podziemny w kanalizacji;0.4;Nie
5688537;471638;723514;5688537C;5996738;471616;723432;5996738C;Orange Polska S.A.;światłowodowe;-;Tak;Nie;-;-;-;podziemny w kanalizacji;0.3;Nie
5729838;471417;723475;5729838C;5915321;471411;723456;5915321C;Orange Polska S.A.;światłowodowe;-;Tak;Nie;-;-;-;podziemny w kanalizacji;0.1;Nie
5688537;471638;723514;5688537C;6153989;471671;723658;6153989C;Orange Polska S.A.;światłowodowe;-;Tak;Nie;-;-;-;podziemny w kanalizacji;0.3;Nie
6588282;471662;723678;6588282C;6158517;471636;723695;6158517C;Orange Polska S.A.;światłowodowe;-;Tak;Nie;-;-;-;podziemny w rurociągu;0.1;Nie
6568492;471700;723698;6568492C;5713941;471692;723685;5713941C;Orange Polska S.A.;światłowodowe;-;Tak;Nie;-;-;-;podziemny w rurociągu;0.1;Nie
6153989;471671;723658;6153989C;6588282;471662;723678;6588282C;Orange Polska S.A.;światłowodowe;-;Tak;Nie;-;-;-;podziemny w kanalizacji;0.1;Nie
5688537;471638;723514;5688537C;5732396;471684;723389;5732396C;Orange Polska S.A.;światłowodowe;-;Tak;Nie;-;-;-;podziemny w kanalizacji;0.2;Nie
5688537;471638;723514;5688537C;6303107;471827;723541;6303107C;Orange Polska S.A.;światłowodowe;-;Tak;Nie;-;-;-;podziemny w kanalizacji;0.6;Nie
5688537;471638;723514;5688537C;6551493;471680;723557;6551493C;Orange Polska S.A.;światłowodowe;-;Tak;Nie;-;-;-;podziemny w kanalizacji;0.1;Nie
5977850;471709;723514;5977850C;5862763;471694;723514;5862763C;Orange Polska S.A.;światłowodowe;-;Tak;Nie;-;-;-;podziemny w rurociągu;0.1;Nie
5688537;471638;723514;5688537C;6562249;471744;723402;6562249C;Orange Polska S.A.;światłowodowe;-;Tak;Nie;-;-;-;podziemny w kanalizacji;0.3;Nie
5663281;471972;723442;5663281C;6430586;472241;723079;6430586C;UPC POLSKA sp. z o.o.;światłowodowe;-;Tak;Nie;-;-;-;podziemny w kanalizacji;0.6;Nie
6227044;472164;723010;6227044C;6390107;472278;723038;6390107C;Światłowód Inwestycje Sp. z o. o.;światłowodowe;-;Tak;Nie;-;-;-;podziemny w kanalizacji;0.3;Nie
6227044;472164;723010;6227044C;6390107;472278;723038;6390107C;Światłowód Inwestycje Sp. z o. o.;światłowodowe;-;Tak;Nie;-;-;-;podziemny w kanalizacji;0.2;Nie
6593263;470877;722820;6593263C;6593261;471753;723464;6593261C;Towerlink Poland Sp. z o. o.;światłowodowe;-;Tak;Tak;-;-;-;podziemny;1.7;Nie
6431817;471538;723105;6431817C;5910765;471002;723195;5910765C;Orange Polska S.A.;światłowodowe;-;Tak;Nie;-;-;-;podziemny w kanalizacji;0.6;Nie
5907720;472090;723656;5907720C;5910765;471002;723195;5910765C;Orange Polska S.A.;światłowodowe;-;Tak;Nie;-;-;-;podziemny w kanalizacji;1.6;Nie
6302172;472067;723650;6302172C;6431817;471538;723105;6431817C;Orange Polska S.A.;światłowodowe;-;Tak;Nie;-;-;-;podziemny w kanalizacji;0.9;Nie
6593261;471753;723464;6593261C;7048580;471550;723459;7048580N;Towerlink Poland Sp. z o. o.;światłowodowe;-;Tak;Tak;-;-;-;podziemny;0.4;Nie
5688537;471638;723514;5688537C;6401547;471634;723339;6401547C;Orange Polska S.A.;światłowodowe;-;Tak;Nie;-;-;-;podziemny w kanalizacji;0.3;Nie
5971174;471173;722594;5971174C;6373397;471167;722538;6373397C;Światłowód Inwestycje Sp. z o. o.;światłowodowe;-;Tak;Nie;-;-;-;podziemny;0.1;Nie
5971174;471173;722594;5971174C;6354014;471116;722602;6354014C;Światłowód Inwestycje Sp. z o. o.;światłowodowe;-;Tak;Nie;-;-;-;podziemny;0.1;Nie
5698675;471308;724121;5698675C;6463506;471374;723880;6463506C;Orange Polska S.A.;światłowodowe;-;Tak;Nie;-;-;-;podziemny w kanalizacji;0.5;Nie
5698675;471308;724121;5698675C;5955681;471347;723924;5955681C;Orange Polska S.A.;światłowodowe;-;Tak;Nie;-;-;-;podziemny w kanalizacji;0.3;Nie
5698675;471308;724121;5698675C;5769045;471384;723924;5769045C;Orange Polska S.A.;światłowodowe;-;Tak;Nie;-;-;-;podziemny w kanalizacji;0.4;Nie
5923891;471332;723985;5923891C;6039280;471342;723981;6039280C;Orange Polska S.A.;światłowodowe;-;Tak;Nie;-;-;-;podziemny w rurociągu;0.1;Nie
6017014;471160;722469;6017014C;6547516;471202;722479;6547516C;Orange Polska S.A.;światłowodowe;-;Tak;Nie;-;-;-;podziemny;0.1;Nie
5698675;471308;724121;5698675C;6567973;471379;723979;6567973C;Orange Polska S.A.;światłowodowe;-;Tak;Nie;-;-;-;podziemny w kanalizacji;0.3;Nie
5698675;471308;724121;5698675C;6559997;471296;724120;6559997C;Orange Polska S.A.;światłowodowe;-;Tak;Nie;-;-;-;podziemny w kanalizacji;0.1;Nie
6159170;471303;724025;6159170C;5923891;471332;723985;5923891C;Orange Polska S.A.;światłowodowe;-;Tak;Nie;-;-;-;podziemny w kanalizacji;0.2;Nie
5923891;471332;723985;5923891C;5863963;471317;723989;5863963C;Orange Polska S.A.;światłowodowe;-;Tak;Nie;-;-;-;podziemny w rurociągu;0.1;Nie
5698675;471308;724121;5698675C;6563041;471353;724018;6563041C;Orange Polska S.A.;światłowodowe;-;Tak;Nie;-;-;-;podziemny w kanalizacji;0.3;Nie
5698675;471308;724121;5698675C;6159170;471303;724025;6159170C;Orange Polska S.A.;światłowodowe;-;Tak;Nie;-;-;-;podziemny w kanalizacji;0.2;Nie
5698675;471308;724121;5698675C;5945597;471320;724077;5945597C;Orange Polska S.A.;światłowodowe;-;Tak;Nie;-;-;-;podziemny w kanalizacji;0.1;Nie
6224210;471691;723726;6224210C;6568492;471700;723698;6568492C;Orange Polska S.A.;światłowodowe;-;Tak;Nie;-;-;-;podziemny w kanalizacji;0.1;Nie
5964935;471836;723868;5964935C;5732075;471840;723892;5732075C;Orange Polska S.A.;światłowodowe;-;Tak;Nie;-;-;-;podziemny w kanalizacji;0.1;Nie
6599156;471840;723892;6599156C;5961091;471663;723967;5961091C;Orange Polska S.A.;światłowodowe;-;Tak;Nie;-;-;-;podziemny w kanalizacji;0.5;Nie
6599156;471840;723892;6599156C;6581487;471672;723933;6581487C;Orange Polska S.A.;światłowodowe;-;Tak;Nie;-;-;-;podziemny w kanalizacji;0.2;Nie
6599156;471840;723892;6599156C;6297208;471602;723936;6297208C;Orange Polska S.A.;światłowodowe;-;Tak;Nie;-;-;-;podziemny w kanalizacji;0.4;Nie
6023274;473333;723965;6023274C;6317263;472067;723650;6317263C;Orange Polska S.A.;światłowodowe;-;Tak;Nie;-;-;-;podziemny w kanalizacji;1.8;Nie
6164905;473183;724069;6164905C;5819693;472375;723896;5819693C;Orange Polska S.A.;światłowodowe;-;Tak;Nie;-;-;-;podziemny w kanalizacji;0.9;Nie
6576986;472935;723822;6576986C;5736565;472918;723718;5736565C;Orange Polska S.A.;światłowodowe;-;Tak;Nie;-;-;-;podziemny w kanalizacji;0.1;Nie
6276678;473102;723889;6276678C;6154336;472953;723912;6154336C;Orange Polska S.A.;światłowodowe;-;Tak;Nie;-;-;-;podziemny w kanalizacji;0.1;Nie
5936190;472465;723905;5936190C;6304257;472332;723940;6304257C;Orange Polska S.A.;światłowodowe;-;Tak;Nie;-;-;-;podziemny w kanalizacji;0.3;Nie
6534325;473293;723779;6534325C;6534284;473281;723769;6534284C;Orange Polska S.A.;światłowodowe;-;Tak;Nie;-;-;-;podziemny w rurociągu;0.1;Nie
5813038;471733;723482;5813038C;5977850;471709;723514;5977850C;Orange Polska S.A.;światłowodowe;-;Tak;Nie;-;-;-;podziemny w kanalizacji;0.1;Nie
5688537;471638;723514;5688537C;5910201;471703;723655;5910201C;Orange Polska S.A.;światłowodowe;-;Tak;Nie;-;-;-;podziemny w kanalizacji;0.4;Nie
6303107;471827;723541;6303107C;6274211;471768;723595;6274211C;Orange Polska S.A.;światłowodowe;-;Tak;Nie;-;-;-;podziemny w kanalizacji;0.2;Nie
6634808;471702;723600;6634808N;6634805;471843;723976;6634805N;UPC POLSKA sp. z o.o.;światłowodowe;-;Tak;Nie;-;-;-;podziemny w kanalizacji;0.4;Nie
5910201;471703;723655;5910201C;6053308;471727;723704;6053308C;Orange Polska S.A.;światłowodowe;-;Tak;Nie;-;-;-;podziemny w kanalizacji;0.2;Nie
6588282;471662;723678;6588282C;5689666;471655;723687;5689666C;Orange Polska S.A.;światłowodowe;-;Tak;Nie;-;-;-;podziemny w rurociągu;0.1;Nie
6317263;472067;723650;6317263C;5688537;471638;723514;5688537C;Orange Polska S.A.;światłowodowe;-;Tak;Nie;-;-;-;podziemny w kanalizacji;0.9;Nie
5829145;470874;722603;5829145C;6148987;470845;722602;6148987C;Światłowód Inwestycje Sp. z o. o.;światłowodowe;-;Tak;Nie;-;-;-;podziemny w kanalizacji;0.1;Nie
6227304;470874;722603;6227304C;5922223;470973;722617;5922223C;Orange Polska S.A.;światłowodowe;-;Tak;Nie;-;-;-;podziemny w kanalizacji;0.1;Nie
5829145;470874;722603;5829145C;6314410;470921;722607;6314410C;Światłowód Inwestycje Sp. z o. o.;światłowodowe;-;Tak;Nie;-;-;-;podziemny w kanalizacji;0.1;Nie
5922223;470973;722617;5922223C;5921380;471173;722594;5921380C;Orange Polska S.A.;światłowodowe;-;Tak;Nie;-;-;-;podziemny w kanalizacji;0.2;Nie
5973560;470973;722617;5973560C;6372222;470941;722638;6372222C;Światłowód Inwestycje Sp. z o. o.;światłowodowe;-;Tak;Nie;-;-;-;podziemny w kanalizacji;0.2;Nie
5973560;470973;722617;5973560C;5786363;470941;722638;5786363C;Światłowód Inwestycje Sp. z o. o.;światłowodowe;-;Tak;Nie;-;-;-;podziemny w kanalizacji;0.2;Nie
5973560;470973;722617;5973560C;5774628;471068;722547;5774628C;Światłowód Inwestycje Sp. z o. o.;światłowodowe;-;Tak;Nie;-;-;-;podziemny w kanalizacji;0.2;Nie
5973560;470973;722617;5973560C;5774628;471068;722547;5774628C;Światłowód Inwestycje Sp. z o. o.;światłowodowe;-;Tak;Nie;-;-;-;podziemny w kanalizacji;0.2;Nie
5973560;470973;722617;5973560C;6326179;471016;722607;6326179C;Światłowód Inwestycje Sp. z o. o.;światłowodowe;-;Tak;Nie;-;-;-;podziemny w kanalizacji;0.1;Nie
5973560;470973;722617;5973560C;5802369;470987;722713;5802369C;Światłowód Inwestycje Sp. z o. o.;światłowodowe;-;Tak;Nie;-;-;-;podziemny;0.2;Nie
5973560;470973;722617;5973560C;5797615;471053;722628;5797615C;Światłowód Inwestycje Sp. z o. o.;światłowodowe;-;Tak;Nie;-;-;-;podziemny w kanalizacji;0.2;Nie
6334415;470819;722547;6334415C;5806215;470774;722596;5806215C;Światłowód Inwestycje Sp. z o. o.;światłowodowe;-;Tak;Nie;-;-;-;podziemny;0.1;Nie
6009665;470819;722547;6009665C;5678597;470793;722628;5678597C;Orange Polska S.A.;światłowodowe;-;Tak;Nie;-;-;-;podziemny w kanalizacji;0.2;Nie
5829145;470874;722603;5829145C;6299553;470801;722599;6299553C;Światłowód Inwestycje Sp. z o. o.;światłowodowe;-;Tak;Nie;-;-;-;podziemny w kanalizacji;0.2;Nie
5829145;470874;722603;5829145C;6333557;470819;722547;6333557C;Światłowód Inwestycje Sp. z o. o.;światłowodowe;-;Tak;Nie;-;-;-;podziemny w kanalizacji;0.2;Nie
5829145;470874;722603;5829145C;5780961;470824;722628;5780961C;Światłowód Inwestycje Sp. z o. o.;światłowodowe;-;Tak;Nie;-;-;-;podziemny w kanalizacji;0.2;Nie
5829145;470874;722603;5829145C;5973680;470833;722582;5973680C;Światłowód Inwestycje Sp. z o. o.;światłowodowe;-;Tak;Nie;-;-;-;podziemny w kanalizacji;0.2;Nie
5945918;470993;722412;5945918C;5700389;470966;722467;5700389C;Orange Polska S.A.;światłowodowe;-;Tak;Nie;-;-;-;podziemny;0.1;Nie
5803361;470993;722412;5803361C;6125341;470980;722534;6125341C;Światłowód Inwestycje Sp. z o. o.;światłowodowe;-;Tak;Nie;-;-;-;podziemny;0.2;Nie
5945918;470993;722412;5945918C;6593176;471034;722485;6593176C;Orange Polska S.A.;światłowodowe;-;Tak;Nie;-;-;-;podziemny;0.1;Nie
5803361;470993;722412;5803361C;5974231;470996;722490;5974231C;Światłowód Inwestycje Sp. z o. o.;światłowodowe;-;Tak;Nie;-;-;-;podziemny;0.1;Nie
5803361;470993;722412;5803361C;6377643;471088;722499;6377643C;Światłowód Inwestycje Sp. z o. o.;światłowodowe;-;Tak;Nie;-;-;-;podziemny w kanalizacji;0.2;Nie
5803361;470993;722412;5803361C;5981023;471034;722485;5981023C;Światłowód Inwestycje Sp. z o. o.;światłowodowe;-;Tak;Nie;-;-;-;podziemny;0.2;Nie
5945918;470993;722412;5945918C;6275142;470996;722490;6275142C;Orange Polska S.A.;światłowodowe;-;Tak;Nie;-;-;-;podziemny;0.1;Nie
5945918;470993;722412;5945918C;6280221;470928;722507;6280221C;Orange Polska S.A.;światłowodowe;-;Tak;Nie;-;-;-;podziemny;0.1;Nie
5945918;470993;722412;5945918C;5824037;470934;722501;5824037C;Orange Polska S.A.;światłowodowe;-;Tak;Nie;-;-;-;podziemny;0.1;Nie
5945918;470993;722412;5945918C;6160843;470939;722495;6160843C;Orange Polska S.A.;światłowodowe;-;Tak;Nie;-;-;-;podziemny;0.2;Nie
5945918;470993;722412;5945918C;6578591;470944;722490;6578591C;Orange Polska S.A.;światłowodowe;-;Tak;Nie;-;-;-;podziemny;0.1;Nie
5945918;470993;722412;5945918C;5828200;470950;722485;5828200C;Orange Polska S.A.;światłowodowe;-;Tak;Nie;-;-;-;podziemny;0.2;Nie
5945918;470993;722412;5945918C;5668969;470958;722534;5668969C;Orange Polska S.A.;światłowodowe;-;Tak;Nie;-;-;-;podziemny;0.2;Nie
5763760;470914;722411;5763760C;6271979;470946;722422;6271979C;Orange Polska S.A.;światłowodowe;-;Tak;Nie;-;-;-;podziemny;0.1;Nie
5763760;470914;722411;5763760C;6255049;470933;722429;6255049C;Orange Polska S.A.;światłowodowe;-;Tak;Nie;-;-;-;podziemny;0.1;Nie
5763760;470914;722411;5763760C;5934143;470953;722418;5934143C;Orange Polska S.A.;światłowodowe;-;Tak;Nie;-;-;-;podziemny;0.1;Nie
5763760;470914;722411;5763760C;5743474;470918;722446;5743474C;Orange Polska S.A.;światłowodowe;-;Tak;Nie;-;-;-;podziemny;0.1;Nie
5763760;470914;722411;5763760C;5705934;470906;722415;5705934C;Orange Polska S.A.;światłowodowe;-;Tak;Nie;-;-;-;podziemny;0.1;Nie
5763760;470914;722411;5763760C;6280703;470911;722450;6280703C;Orange Polska S.A.;światłowodowe;-;Tak;Nie;-;-;-;podziemny;0.1;Nie
5763760;470914;722411;5763760C;6548649;470961;722414;6548649C;Orange Polska S.A.;światłowodowe;-;Tak;Nie;-;-;-;podziemny;0.1;Nie
5945918;470993;722412;5945918C;6241290;470991;722422;6241290C;Orange Polska S.A.;światłowodowe;-;Tak;Nie;-;-;-;podziemny;0.1;Nie
5701244;470892;722354;5701244C;5945918;470993;722412;5945918C;Orange Polska S.A.;światłowodowe;-;Tak;Nie;-;-;-;podziemny w kanalizacji;0.7;Nie
5945918;470993;722412;5945918C;6009348;471004;722387;6009348C;Orange Polska S.A.;światłowodowe;-;Tak;Nie;-;-;-;podziemny;0.1;Nie
5763760;470914;722411;5763760C;5700941;470876;722437;5700941C;Orange Polska S.A.;światłowodowe;-;Tak;Nie;-;-;-;podziemny;0.1;Nie
5763760;470914;722411;5763760C;6588363;470888;722463;6588363C;Orange Polska S.A.;światłowodowe;-;Tak;Nie;-;-;-;podziemny;0.1;Nie
5763760;470914;722411;5763760C;5921903;470898;722457;5921903C;Orange Polska S.A.;światłowodowe;-;Tak;Nie;-;-;-;podziemny;0.1;Nie
5763760;470914;722411;5763760C;5703293;470904;722454;5703293C;Orange Polska S.A.;światłowodowe;-;Tak;Nie;-;-;-;podziemny;0.1;Nie
5763760;470914;722411;5763760C;6549835;470888;722426;6549835C;Orange Polska S.A.;światłowodowe;-;Tak;Nie;-;-;-;podziemny;0.1;Nie
5763760;470914;722411;5763760C;6553728;470871;722442;6553728C;Orange Polska S.A.;światłowodowe;-;Tak;Nie;-;-;-;podziemny;0.1;Nie
6415210;470832;722289;6415210C;5736555;470775;722374;5736555C;Orange Polska S.A.;światłowodowe;-;Tak;Nie;-;-;-;podziemny;0.1;Nie
6415210;470832;722289;6415210C;6249174;470789;722307;6249174C;Orange Polska S.A.;światłowodowe;-;Tak;Nie;-;-;-;podziemny;0.1;Nie
6415210;470832;722289;6415210C;5686771;470808;722296;5686771C;Orange Polska S.A.;światłowodowe;-;Tak;Nie;-;-;-;podziemny;0.1;Nie
6415210;470832;722289;6415210C;6236500;470828;722329;6236500C;Orange Polska S.A.;światłowodowe;-;Tak;Nie;-;-;-;podziemny;0.1;Nie
6415210;470832;722289;6415210C;6247819;470791;722350;6247819C;Orange Polska S.A.;światłowodowe;-;Tak;Nie;-;-;-;podziemny;0.1;Nie
6415210;470832;722289;6415210C;5967073;470850;722276;5967073C;Orange Polska S.A.;światłowodowe;-;Tak;Nie;-;-;-;podziemny;0.1;Nie
6026783;470832;722289;6026783C;6025516;470879;722279;6025516C;Światłowód Inwestycje Sp. z o. o.;światłowodowe;-;Tak;Nie;-;-;-;podziemny;0.1;Nie
6415210;470832;722289;6415210C;6464748;470879;722279;6464748C;Orange Polska S.A.;światłowodowe;-;Tak;Nie;-;-;-;podziemny;0.1;Nie
5701244;470892;722354;5701244C;6476712;470916;722351;6476712C;Orange Polska S.A.;światłowodowe;-;Tak;Nie;-;-;-;podziemny w kanalizacji;0.1;Nie
6556669;470951;722322;6556669C;5928118;470933;722299;5928118C;Orange Polska S.A.;światłowodowe;-;Tak;Nie;-;-;-;podziemny;0.1;Nie
6556669;470951;722322;6556669C;5693078;471033;722269;5693078C;Orange Polska S.A.;światłowodowe;-;Tak;Nie;-;-;-;podziemny;0.2;Nie
6556669;470951;722322;6556669C;5739712;470961;722279;5739712C;Orange Polska S.A.;światłowodowe;-;Tak;Nie;-;-;-;podziemny;0.1;Nie
6556669;470951;722322;6556669C;5966237;470985;722310;5966237C;Orange Polska S.A.;światłowodowe;-;Tak;Nie;-;-;-;podziemny;0.1;Nie
6556669;470951;722322;6556669C;5954075;471026;722310;5954075C;Orange Polska S.A.;światłowodowe;-;Tak;Nie;-;-;-;podziemny;0.2;Nie
6556669;470951;722322;6556669C;5908538;471011;722328;5908538C;Orange Polska S.A.;światłowodowe;-;Tak;Nie;-;-;-;podziemny;0.1;Nie
6556669;470951;722322;6556669C;6447933;470945;722326;6447933C;Orange Polska S.A.;światłowodowe;-;Tak;Nie;-;-;-;podziemny;0.1;Nie
5971174;471173;722594;5971174C;6114698;471205;722543;6114698C;Światłowód Inwestycje Sp. z o. o.;światłowodowe;-;Tak;Nie;-;-;-;podziemny;0.1;Nie
5971174;471173;722594;5971174C;6100185;471234;722545;6100185C;Światłowód Inwestycje Sp. z o. o.;światłowodowe;-;Tak;Nie;-;-;-;podziemny;0.1;Nie
5971174;471173;722594;5971174C;6316793;471173;722546;6316793C;Światłowód Inwestycje Sp. z o. o.;światłowodowe;-;Tak;Nie;-;-;-;podziemny;0.1;Nie
5971174;471173;722594;5971174C;5814815;471221;722609;5814815C;Światłowód Inwestycje Sp. z o. o.;światłowodowe;-;Tak;Nie;-;-;-;podziemny;0.1;Nie
6017014;471160;722469;6017014C;5952455;471169;722402;5952455C;Orange Polska S.A.;światłowodowe;-;Tak;Nie;-;-;-;podziemny;0.1;Nie
6017014;471160;722469;6017014C;6544791;471182;722487;6544791C;Orange Polska S.A.;światłowodowe;-;Tak;Nie;-;-;-;podziemny;0.1;Nie
6017014;471160;722469;6017014C;6431623;471202;722509;6431623C;Orange Polska S.A.;światłowodowe;-;Tak;Nie;-;-;-;podziemny w kanalizacji;0.1;Nie
6017014;471160;722469;6017014C;6259704;471169;722504;6259704C;Orange Polska S.A.;światłowodowe;-;Tak;Nie;-;-;-;podziemny w kanalizacji;0.1;Nie
6017014;471160;722469;6017014C;5806362;471224;722436;5806362C;Orange Polska S.A.;światłowodowe;-;Tak;Nie;-;-;-;podziemny;0.2;Nie
6017014;471160;722469;6017014C;5872098;471215;722509;5872098C;Orange Polska S.A.;światłowodowe;-;Tak;Nie;-;-;-;podziemny;0.2;Nie
6017014;471160;722469;6017014C;6159434;471187;722508;6159434C;Orange Polska S.A.;światłowodowe;-;Tak;Nie;-;-;-;podziemny w kanalizacji;0.1;Nie
6017014;471160;722469;6017014C;6237581;471228;722507;6237581C;Orange Polska S.A.;światłowodowe;-;Tak;Nie;-;-;-;podziemny w kanalizacji;0.2;Nie
6017014;471160;722469;6017014C;5973421;471203;722430;5973421C;Orange Polska S.A.;światłowodowe;-;Tak;Nie;-;-;-;podziemny;0.2;Nie
5971174;471173;722594;5971174C;6114314;471100;722544;6114314C;Światłowód Inwestycje Sp. z o. o.;światłowodowe;-;Tak;Nie;-;-;-;podziemny;0.1;Nie
5971174;471173;722594;5971174C;6502579;471107;722602;6502579C;Światłowód Inwestycje Sp. z o. o.;światłowodowe;-;Tak;Nie;-;-;-;podziemny;0.1;Nie
5971174;471173;722594;5971174C;6502579;471107;722602;6502579C;Światłowód Inwestycje Sp. z o. o.;światłowodowe;-;Tak;Nie;-;-;-;podziemny;0.1;Nie
5971174;471173;722594;5971174C;5786289;471115;722517;5786289C;Światłowód Inwestycje Sp. z o. o.;światłowodowe;-;Tak;Nie;-;-;-;podziemny;0.2;Nie
5921380;471173;722594;5921380C;5758059;471116;722602;5758059C;Orange Polska S.A.;światłowodowe;-;Tak;Nie;-;-;-;podziemny;0.1;Nie
5971174;471173;722594;5971174C;6101875;471129;722529;6101875C;Światłowód Inwestycje Sp. z o. o.;światłowodowe;-;Tak;Nie;-;-;-;podziemny;0.2;Nie
5971174;471173;722594;5971174C;5846466;471187;722508;5846466C;Światłowód Inwestycje Sp. z o. o.;światłowodowe;-;Tak;Nie;-;-;-;podziemny;0.1;Nie
6309171;471154;722112;6309171C;6321295;471088;722080;6321295C;Światłowód Inwestycje Sp. z o. o.;światłowodowe;-;Tak;Nie;-;-;-;podziemny;0.1;Nie
6309171;471154;722112;6309171C;5798352;471111;722100;5798352C;Światłowód Inwestycje Sp. z o. o.;światłowodowe;-;Tak;Nie;-;-;-;podziemny;0.1;Nie
6309171;471154;722112;6309171C;6352562;471117;722149;6352562C;Światłowód Inwestycje Sp. z o. o.;światłowodowe;-;Tak;Nie;-;-;-;podziemny;0.1;Nie
6127905;471152;722260;6127905C;6373785;471214;722209;6373785C;Światłowód Inwestycje Sp. z o. o.;światłowodowe;-;Tak;Nie;-;-;-;podziemny;0.1;Nie
6127905;471152;722260;6127905C;5773018;471148;722201;5773018C;Światłowód Inwestycje Sp. z o. o.;światłowodowe;-;Tak;Nie;-;-;-;podziemny;0.1;Nie
6127905;471152;722260;6127905C;6001836;471148;722228;6001836C;Światłowód Inwestycje Sp. z o. o.;światłowodowe;-;Tak;Nie;-;-;-;podziemny;0.1;Nie
6309171;471154;722112;6309171C;6369382;471077;722115;6369382C;Światłowód Inwestycje Sp. z o. o.;światłowodowe;-;Tak;Nie;-;-;-;podziemny;0.1;Nie
6127905;471152;722260;6127905C;5807690;471109;722248;5807690C;Światłowód Inwestycje Sp. z o. o.;światłowodowe;-;Tak;Nie;-;-;-;podziemny w kanalizacji;0.1;Nie
6309171;471154;722112;6309171C;6006195;471074;722101;6006195C;Światłowód Inwestycje Sp. z o. o.;światłowodowe;-;Tak;Nie;-;-;-;podziemny;0.2;Nie
6127905;471152;722260;6127905C;5822062;471066;722262;5822062C;Światłowód Inwestycje Sp. z o. o.;światłowodowe;-;Tak;Nie;-;-;-;podziemny w kanalizacji;0.1;Nie
6127905;471152;722260;6127905C;6607960;471066;722262;6607960C;Światłowód Inwestycje Sp. z o. o.;światłowodowe;-;Tak;Nie;-;-;-;podziemny w kanalizacji;0.1;Nie
6127905;471152;722260;6127905C;6367287;471066;722262;6367287C;Światłowód Inwestycje Sp. z o. o.;światłowodowe;-;Tak;Nie;-;-;-;podziemny w kanalizacji;0.1;Nie
6127905;471152;722260;6127905C;6127896;471159;722292;6127896C;Światłowód Inwestycje Sp. z o. o.;światłowodowe;-;Tak;Nie;-;-;-;podziemny w kanalizacji;0.1;Nie
6127905;471152;722260;6127905C;6391746;471167;722291;6391746C;Światłowód Inwestycje Sp. z o. o.;światłowodowe;-;Tak;Nie;-;-;-;podziemny w kanalizacji;0.1;Nie
6127905;471152;722260;6127905C;6318885;471203;722212;6318885C;Światłowód Inwestycje Sp. z o. o.;światłowodowe;-;Tak;Nie;-;-;-;podziemny;0.1;Nie
6127905;471152;722260;6127905C;5808303;471110;722257;5808303C;Światłowód Inwestycje Sp. z o. o.;światłowodowe;-;Tak;Nie;-;-;-;podziemny w kanalizacji;0.1;Nie
6127905;471152;722260;6127905C;6100482;471066;722262;6100482C;Światłowód Inwestycje Sp. z o. o.;światłowodowe;-;Tak;Nie;-;-;-;podziemny w kanalizacji;0.1;Nie
6127905;471152;722260;6127905C;5982928;471190;722288;5982928C;Światłowód Inwestycje Sp. z o. o.;światłowodowe;-;Tak;Nie;-;-;-;podziemny w kanalizacji;0.1;Nie
5834909;471247;722334;5834909C;6581394;471283;722319;6581394C;Orange Polska S.A.;światłowodowe;-;Tak;Nie;-;-;-;podziemny;0.1;Nie
6332485;471346;722196;6332485C;6022763;471403;722301;6022763C;Światłowód Inwestycje Sp. z o. o.;światłowodowe;-;Tak;Nie;-;-;-;podziemny w kanalizacji;0.2;Nie
6332485;471346;722196;6332485C;5823822;471278;722278;5823822C;Światłowód Inwestycje Sp. z o. o.;światłowodowe;-;Tak;Nie;-;-;-;podziemny w kanalizacji;0.2;Nie
5834909;471247;722334;5834909C;6233881;471304;722313;6233881C;Orange Polska S.A.;światłowodowe;-;Tak;Nie;-;-;-;podziemny;0.1;Nie
5834909;471247;722334;5834909C;5719476;471275;722377;5719476C;Orange Polska S.A.;światłowodowe;-;Tak;Nie;-;-;-;podziemny;0.1;Nie
5822929;471541;722089;5822929C;6393481;471580;722130;6393481C;Światłowód Inwestycje Sp. z o. o.;światłowodowe;-;Tak;Nie;-;-;-;podziemny;0.1;Nie
5970752;471483;722114;5970752C;5784998;471511;722143;5784998C;Światłowód Inwestycje Sp. z o. o.;światłowodowe;-;Tak;Nie;-;-;-;podziemny;0.1;Nie
6425734;472171;722406;6425734C;5703417;471724;722240;5703417C;Orange Polska S.A.;światłowodowe;-;Tak;Nie;-;-;-;podziemny w kanalizacji;0.8;Nie
6425734;472171;722406;6425734C;6221063;471502;722481;6221063C;Orange Polska S.A.;światłowodowe;-;Tak;Nie;-;-;-;podziemny w kanalizacji;0.7;Nie
5822929;471541;722089;5822929C;6151156;471572;722107;6151156C;Światłowód Inwestycje Sp. z o. o.;światłowodowe;-;Tak;Nie;-;-;-;podziemny;0.1;Nie
6221063;471502;722481;6221063C;5747634;471346;722196;5747634C;Orange Polska S.A.;światłowodowe;-;Tak;Nie;-;-;-;podziemny w kanalizacji;0.6;Nie
6151107;471536;722026;6151107C;6378043;471533;721992;6378043C;Światłowód Inwestycje Sp. z o. o.;światłowodowe;-;Tak;Nie;-;-;-;podziemny;0.1;Nie
6138665;471413;722058;6138665C;6321022;471417;722006;6321022C;Światłowód Inwestycje Sp. z o. o.;światłowodowe;-;Tak;Nie;-;-;-;podziemny;0.1;Nie
6151107;471536;722026;6151107C;5797309;471557;722024;5797309C;Światłowód Inwestycje Sp. z o. o.;światłowodowe;-;Tak;Nie;-;-;-;podziemny;0.1;Nie
5822929;471541;722089;5822929C;6151107;471536;722026;6151107C;Światłowód Inwestycje Sp. z o. o.;światłowodowe;-;Tak;Nie;-;-;-;podziemny w rurociągu;0.1;Nie
6138665;471413;722058;6138665C;6332468;471418;722028;6332468C;Światłowód Inwestycje Sp. z o. o.;światłowodowe;-;Tak;Nie;-;-;-;podziemny;0.1;Nie
6138665;471413;722058;6138665C;5970752;471483;722114;5970752C;Światłowód Inwestycje Sp. z o. o.;światłowodowe;-;Tak;Nie;-;-;-;podziemny w rurociągu;0.1;Nie
5822929;471541;722089;5822929C;6145122;471568;722060;6145122C;Światłowód Inwestycje Sp. z o. o.;światłowodowe;-;Tak;Nie;-;-;-;podziemny;0.1;Nie
6138665;471413;722058;6138665C;5825485;471426;722006;5825485C;Światłowód Inwestycje Sp. z o. o.;światłowodowe;-;Tak;Nie;-;-;-;podziemny;0.1;Nie
6133593;471229;722028;6133593C;6290401;471207;721991;6290401C;Światłowód Inwestycje Sp. z o. o.;światłowodowe;-;Tak;Nie;-;-;-;podziemny w kanalizacji;0.1;Nie
6133593;471229;722028;6133593C;6012997;471210;722021;6012997C;Światłowód Inwestycje Sp. z o. o.;światłowodowe;-;Tak;Nie;-;-;-;podziemny;0.1;Nie
6133593;471229;722028;6133593C;5995906;471209;722038;5995906C;Światłowód Inwestycje Sp. z o. o.;światłowodowe;-;Tak;Nie;-;-;-;podziemny;0.1;Nie
6133593;471229;722028;6133593C;5830130;471252;722034;5830130C;Światłowód Inwestycje Sp. z o. o.;światłowodowe;-;Tak;Nie;-;-;-;podziemny w kanalizacji;0.1;Nie
6554963;471284;722162;6554963C;5805024;471235;722144;5805024C;Orange Polska S.A.;światłowodowe;-;Tak;Nie;-;-;-;podziemny w kanalizacji;0.2;Nie
6309171;471154;722112;6309171C;6321278;471064;722066;6321278C;Światłowód Inwestycje Sp. z o. o.;światłowodowe;-;Tak;Nie;-;-;-;podziemny;0.2;Nie
6309171;471154;722112;6309171C;6354936;471059;722087;6354936C;Światłowód Inwestycje Sp. z o. o.;światłowodowe;-;Tak;Nie;-;-;-;podziemny;0.2;Nie
5820596;467058;721374;5820596C;6248507;467122;721210;6248507C;Orange Polska S.A.;światłowodowe;-;Tak;Nie;-;-;-;podziemny w kanalizacji;0.4;Nie
5820596;467058;721374;5820596C;5983306;467151;721273;5983306C;Orange Polska S.A.;światłowodowe;-;Tak;Nie;-;-;-;podziemny w kanalizacji;0.4;Nie
5820596;467058;721374;5820596C;5922016;467073;721277;5922016C;Orange Polska S.A.;światłowodowe;-;Tak;Nie;-;-;-;podziemny;0.3;Nie
5820596;467058;721374;5820596C;6280410;467125;721308;6280410C;Orange Polska S.A.;światłowodowe;-;Tak;Nie;-;-;-;podziemny w kanalizacji;0.4;Nie
5820596;467058;721374;5820596C;5670270;467097;721365;5670270C;Orange Polska S.A.;światłowodowe;-;Tak;Nie;-;-;-;podziemny w kanalizacji;0.4;Nie
6428670;466972;721666;6428670C;6428675;467009;721662;6428675C;UPC POLSKA sp. z o.o.;światłowodowe;-;Tak;Nie;-;-;-;podziemny w kanalizacji;0.1;Nie
5833948;467420;721099;5833948C;5744236;467305;721136;5744236C;Orange Polska S.A.;światłowodowe;-;Tak;Nie;-;-;-;podziemny;0.3;Nie
6459405;467690;720900;6459405C;5919827;467823;721137;5919827C;Orange Polska S.A.;światłowodowe;-;Tak;Nie;-;-;-;podziemny w rurociągu;0.3;Nie
5681952;468156;721353;5681952C;6528302;468126;721367;6528302C;Orange Polska S.A.;światłowodowe;-;Tak;Nie;-;-;-;podziemny w kanalizacji;0.1;Nie
6428670;466972;721666;6428670C;6428672;467009;721662;6428672C;UPC POLSKA sp. z o.o.;światłowodowe;-;Tak;Nie;-;-;-;podziemny w kanalizacji;0.1;Nie
5663312;466998;721379;5663312C;6428670;466972;721666;6428670C;UPC POLSKA sp. z o.o.;światłowodowe;-;Tak;Nie;-;-;-;podziemny w kanalizacji;0.1;Nie
5991894;466979;721624;5991894C;6368861;467023;721665;6368861C;Światłowód Inwestycje Sp. z o. o.;światłowodowe;-;Tak;Nie;-;-;-;podziemny w kanalizacji;0.2;Nie
6020743;466957;721476;6020743C;5930785;466950;721477;5930785C;Orange Polska S.A.;światłowodowe;-;Tak;Nie;-;-;-;podziemny w rurociągu;0.1;Nie
6020743;466957;721476;6020743C;5930785;466950;721477;5930785C;Orange Polska S.A.;światłowodowe;-;Tak;Nie;-;-;-;podziemny w rurociągu;0.1;Nie
6020743;466957;721476;6020743C;5930785;466950;721477;5930785C;Orange Polska S.A.;światłowodowe;-;Tak;Nie;-;-;-;podziemny w rurociągu;0.1;Nie
6362889;466957;721476;6362889C;5991894;466979;721624;5991894C;Światłowód Inwestycje Sp. z o. o.;światłowodowe;-;Tak;Nie;-;-;-;podziemny w kanalizacji;0.2;Nie
5991894;466979;721624;5991894C;5981626;467071;721614;5981626C;Światłowód Inwestycje Sp. z o. o.;światłowodowe;-;Tak;Nie;-;-;-;podziemny w kanalizacji;0.3;Nie
6020743;466957;721476;6020743C;5930785;466950;721477;5930785C;Orange Polska S.A.;światłowodowe;-;Tak;Nie;-;-;-;podziemny w kanalizacji;0.1;Nie
6020743;466957;721476;6020743C;5930785;466950;721477;5930785C;Orange Polska S.A.;światłowodowe;-;Tak;Nie;-;-;-;podziemny w kanalizacji;0.1;Nie
5930785;466950;721477;5930785C;5833948;467420;721099;5833948C;Orange Polska S.A.;światłowodowe;-;Tak;Nie;-;-;-;podziemny w kanalizacji;0.7;Nie
7056758;467435;721061;7056758N;6020743;466957;721476;6020743C;Orange Polska S.A.;światłowodowe;-;Tak;Nie;-;-;-;podziemny w kanalizacji;0.8;Nie
7056758;467435;721061;7056758N;6020743;466957;721476;6020743C;Orange Polska S.A.;światłowodowe;-;Tak;Nie;-;-;-;podziemny w kanalizacji;0.8;Nie
6138685;468198;721518;6138685C;5801093;468151;721548;5801093C;Światłowód Inwestycje Sp. z o. o.;światłowodowe;-;Tak;Nie;-;-;-;podziemny;0.1;Nie
5681952;468156;721353;5681952C;6228173;468078;721494;6228173C;Orange Polska S.A.;światłowodowe;-;Tak;Nie;-;-;-;podziemny w rurociągu;0.3;Nie
5820596;467058;721374;5820596C;5833948;467420;721099;5833948C;Orange Polska S.A.;światłowodowe;-;Tak;Nie;-;-;-;podziemny w kanalizacji;0.6;Nie
7024817;468684;723326;7024817N;6749188;468803;723455;6749188N;NETIA S.A.;światłowodowe;-;Nie;Nie;-;-;-;podziemny;0.2;Nie
6198453;468690;723409;6198453C;7024817;468684;723326;7024817N;NETIA S.A.;światłowodowe;-;Nie;Nie;-;-;-;podziemny;0.1;Nie
7024817;468684;723326;7024817N;6198453;468690;723409;6198453C;NETIA S.A.;światłowodowe;-;Nie;Nie;-;-;-;podziemny;0.5;Nie
7009762;469018;723934;7009762N;6198898;468690;723409;6198898C;NETIA S.A.;światłowodowe;-;Nie;Nie;-;-;-;podziemny;0.9;Nie
6591748;468998;723181;6591748C;6591743;468694;723745;6591743C;Towerlink Poland Sp. z o. o.;światłowodowe;-;Tak;Tak;-;-;-;podziemny;0.9;Nie
6591748;468998;723181;6591748C;7049625;468905;723265;7049625N;Towerlink Poland Sp. z o. o.;światłowodowe;-;Tak;Tak;-;-;-;podziemny;0.1;Nie
6526025;467975;723827;6526025C;5678806;468902;723732;5678806C;Orange Polska S.A.;światłowodowe;-;Tak;Nie;-;-;-;podziemny w kanalizacji;1.1;Nie
5914125;468051;723749;5914125C;7048464;468077;723782;7048464N;Orange Polska S.A.;światłowodowe;-;Tak;Nie;-;-;-;podziemny w kanalizacji;0.1;Nie
5914125;468051;723749;5914125C;7048464;468077;723782;7048464N;Orange Polska S.A.;światłowodowe;-;Tak;Nie;-;-;-;podziemny w kanalizacji;0.1;Nie
5914125;468051;723749;5914125C;7048464;468077;723782;7048464N;Orange Polska S.A.;światłowodowe;-;Tak;Nie;-;-;-;podziemny w kanalizacji;0.1;Nie
6556691;468924;723473;6556691C;6227220;469008;723359;6227220C;Orange Polska S.A.;światłowodowe;-;Tak;Nie;-;-;-;podziemny w kanalizacji;0.3;Nie
5657974;469020;723222;5657974C;5921528;468998;723181;5921528C;Orange Polska S.A.;światłowodowe;-;Tak;Nie;-;-;-;podziemny w kanalizacji;0.1;Nie
6634827;469008;723359;6634827N;6634623;469020;723222;6634623N;UPC POLSKA sp. z o.o.;światłowodowe;-;Tak;Nie;-;-;-;podziemny w kanalizacji;0.2;Nie
5657974;469020;723222;5657974C;6173119;469039;723193;6173119C;Orange Polska S.A.;światłowodowe;-;Tak;Nie;-;-;-;podziemny w kanalizacji;0.1;Nie
6748067;468470;723416;6748067N;6198260;468449;723412;6198260C;NETIA S.A.;światłowodowe;-;Nie;Nie;-;-;-;podziemny;0.1;Nie
7049247;468602;723578;7049247N;7056186;468688;723756;7056186N;Towerlink Poland Sp. z o. o.;światłowodowe;-;Tak;Tak;-;-;-;podziemny;0.3;Nie
7024817;468684;723326;7024817N;7008748;468671;723380;7008748N;NETIA S.A.;światłowodowe;-;Nie;Nie;-;-;-;podziemny;0.4;Nie
7024817;468684;723326;7024817N;6198898;468690;723409;6198898C;NETIA S.A.;światłowodowe;-;Nie;Nie;-;-;-;podziemny;0.4;Nie
5678806;468902;723732;5678806C;6556691;468924;723473;6556691C;Orange Polska S.A.;światłowodowe;-;Tak;Nie;-;-;-;podziemny w kanalizacji;0.3;Nie
6556691;468924;723473;6556691C;6556690;468974;723636;6556690C;Orange Polska S.A.;światłowodowe;-;Tak;Nie;-;-;-;podziemny;0.3;Nie
5678806;468902;723732;5678806C;5678836;469024;723640;5678836C;Orange Polska S.A.;światłowodowe;-;Tak;Nie;-;-;-;podziemny w kanalizacji;0.5;Nie
5678806;468902;723732;5678806C;5702962;469083;723843;5702962C;Orange Polska S.A.;światłowodowe;-;Tak;Nie;-;-;-;podziemny w kanalizacji;0.3;Nie
6362579;469031;723880;6362579C;6297025;469030;723857;6297025C;Światłowód Inwestycje Sp. z o. o.;światłowodowe;-;Tak;Nie;-;-;-;podziemny;0.1;Nie
6366634;469031;723877;6366634C;6373106;469063;723867;6373106C;Światłowód Inwestycje Sp. z o. o.;światłowodowe;-;Tak;Nie;-;-;-;podziemny;0.1;Nie
6556691;468924;723473;6556691C;6230304;469053;723546;6230304C;Orange Polska S.A.;światłowodowe;-;Tak;Nie;-;-;-;podziemny;0.2;Nie
6556691;468924;723473;6556691C;5755147;469018;723553;5755147C;Orange Polska S.A.;światłowodowe;-;Tak;Nie;-;-;-;podziemny;0.1;Nie
6198898;468690;723409;6198898C;7012381;468060;723527;7012381N;NETIA S.A.;światłowodowe;-;Nie;Nie;-;-;-;podziemny;0.9;Nie
6198453;468690;723409;6198453C;6748067;468470;723416;6748067N;NETIA S.A.;światłowodowe;-;Nie;Nie;-;-;-;podziemny;0.3;Nie
6748788;468676;723619;6748788N;6198898;468690;723409;6198898C;NETIA S.A.;światłowodowe;-;Nie;Nie;-;-;-;podziemny;0.1;Nie
7048464;468077;723782;7048464N;6261753;468486;723702;6261753C;Orange Polska S.A.;światłowodowe;-;Tak;Nie;-;-;-;podziemny w kanalizacji;1.1;Nie
6261753;468486;723702;6261753C;6275865;468694;723756;6275865C;Orange Polska S.A.;światłowodowe;-;Tak;Nie;-;-;-;podziemny w kanalizacji;0.9;Nie
6261753;468486;723702;6261753C;6772441;468688;723756;6772441N;Orange Polska S.A.;światłowodowe;-;Tak;Nie;-;-;-;podziemny;0.3;Nie
6526025;467975;723827;6526025C;6242139;467928;723861;6242139C;Orange Polska S.A.;światłowodowe;-;Tak;Nie;-;-;-;podziemny w kanalizacji;0.2;Nie
6526025;467975;723827;6526025C;6526057;467934;723833;6526057C;Orange Polska S.A.;światłowodowe;-;Tak;Nie;-;-;-;podziemny w kanalizacji;0.2;Nie
5688981;467993;723925;5688981C;5688788;467952;724005;5688788C;Orange Polska S.A.;światłowodowe;-;Tak;Nie;-;-;-;podziemny w kanalizacji;0.2;Nie
6526025;467975;723827;6526025C;5939356;468022;723856;5939356C;Orange Polska S.A.;światłowodowe;-;Tak;Nie;-;-;-;podziemny w kanalizacji;0.1;Nie
6362579;469031;723880;6362579C;6316751;469030;723851;6316751C;Światłowód Inwestycje Sp. z o. o.;światłowodowe;-;Tak;Nie;-;-;-;podziemny;0.1;Nie
6366634;469031;723877;6366634C;6375036;469064;723892;6375036C;Światłowód Inwestycje Sp. z o. o.;światłowodowe;-;Tak;Nie;-;-;-;podziemny w rurociągu;0.1;Nie
6362579;469031;723880;6362579C;6138026;469032;723889;6138026C;Światłowód Inwestycje Sp. z o. o.;światłowodowe;-;Tak;Nie;-;-;-;podziemny;0.1;Nie
6362579;469031;723880;6362579C;6354391;469032;723892;6354391C;Światłowód Inwestycje Sp. z o. o.;światłowodowe;-;Tak;Nie;-;-;-;podziemny;0.1;Nie
5824588;469084;723832;5824588C;6026814;469082;723849;6026814C;Światłowód Inwestycje Sp. z o. o.;światłowodowe;-;Tak;Nie;-;-;-;podziemny w kanalizacji;0.1;Nie
5789576;469086;723944;5789576C;6021503;469119;723936;6021503C;Światłowód Inwestycje Sp. z o. o.;światłowodowe;-;Tak;Nie;-;-;-;podziemny;0.1;Nie
5789576;469086;723944;5789576C;5807361;469198;723943;5807361C;Światłowód Inwestycje Sp. z o. o.;światłowodowe;-;Tak;Nie;-;-;-;podziemny w kanalizacji;0.3;Nie
5812963;469142;723836;5812963C;6329165;469121;723878;6329165C;Światłowód Inwestycje Sp. z o. o.;światłowodowe;-;Tak;Nie;-;-;-;podziemny w kanalizacji;0.1;Nie
5812963;469142;723836;5812963C;5827631;469121;723872;5827631C;Światłowód Inwestycje Sp. z o. o.;światłowodowe;-;Tak;Nie;-;-;-;podziemny w kanalizacji;0.1;Nie
5812963;469142;723836;5812963C;6005780;469121;723866;6005780C;Światłowód Inwestycje Sp. z o. o.;światłowodowe;-;Tak;Nie;-;-;-;podziemny w kanalizacji;0.1;Nie
5812963;469142;723836;5812963C;5996303;469122;723901;5996303C;Światłowód Inwestycje Sp. z o. o.;światłowodowe;-;Tak;Nie;-;-;-;podziemny w kanalizacji;0.2;Nie
6305820;469083;723843;6305820C;5975826;469181;723834;5975826C;Światłowód Inwestycje Sp. z o. o.;światłowodowe;-;Tak;Nie;-;-;-;podziemny w kanalizacji;0.2;Nie
5824588;469084;723832;5824588C;6362579;469031;723880;6362579C;Światłowód Inwestycje Sp. z o. o.;światłowodowe;-;Tak;Nie;-;-;-;podziemny w kanalizacji;0.1;Nie
5824588;469084;723832;5824588C;6366634;469031;723877;6366634C;Światłowód Inwestycje Sp. z o. o.;światłowodowe;-;Tak;Nie;-;-;-;podziemny w kanalizacji;0.2;Nie
5824588;469084;723832;5824588C;6301437;469083;723868;6301437C;Światłowód Inwestycje Sp. z o. o.;światłowodowe;-;Tak;Nie;-;-;-;podziemny w kanalizacji;0.1;Nie
6305820;469083;723843;6305820C;5824588;469084;723832;5824588C;Światłowód Inwestycje Sp. z o. o.;światłowodowe;-;Tak;Nie;-;-;-;podziemny w kanalizacji;0.1;Nie
6366634;469031;723877;6366634C;5777207;469062;723843;5777207C;Światłowód Inwestycje Sp. z o. o.;światłowodowe;-;Tak;Nie;-;-;-;podziemny;0.1;Nie
6362579;469031;723880;6362579C;5837471;469030;723845;5837471C;Światłowód Inwestycje Sp. z o. o.;światłowodowe;-;Tak;Nie;-;-;-;podziemny;0.1;Nie
6290075;469198;723850;6290075C;6335525;469238;723824;6335525C;Światłowód Inwestycje Sp. z o. o.;światłowodowe;-;Tak;Nie;-;-;-;podziemny w kanalizacji;0.1;Nie
5975826;469181;723834;5975826C;5839882;469178;723851;5839882C;Światłowód Inwestycje Sp. z o. o.;światłowodowe;-;Tak;Nie;-;-;-;podziemny w kanalizacji;0.1;Nie
5975826;469181;723834;5975826C;5826513;469179;723869;5826513C;Światłowód Inwestycje Sp. z o. o.;światłowodowe;-;Tak;Nie;-;-;-;podziemny w kanalizacji;0.1;Nie
5807361;469198;723943;5807361C;6130830;469263;723930;6130830C;Światłowód Inwestycje Sp. z o. o.;światłowodowe;-;Tak;Nie;-;-;-;podziemny;0.1;Nie
5807361;469198;723943;5807361C;6324993;469201;723913;6324993C;Światłowód Inwestycje Sp. z o. o.;światłowodowe;-;Tak;Nie;-;-;-;podziemny;0.2;Nie
5807361;469198;723943;5807361C;6324993;469201;723913;6324993C;Światłowód Inwestycje Sp. z o. o.;światłowodowe;-;Tak;Nie;-;-;-;podziemny;0.2;Nie
6141146;467747;722950;6141146C;6155810;468070;723704;6155810C;T-MOBILE POLSKA S.A.;światłowodowe;-;Nie;Nie;-;-;-;podziemny;0.9;Nie
6766423;468927;723449;6766423N;6634624;468863;723743;6634624N;UPC POLSKA sp. z o.o.;światłowodowe;-;Tak;Nie;-;-;-;podziemny w kanalizacji;0.4;Nie
6526025;467975;723827;6526025C;6232673;468052;723516;6232673C;Orange Polska S.A.;światłowodowe;-;Tak;Nie;-;-;-;podziemny w kanalizacji;0.5;Nie
7133394;468843;723599;7133394N;6155810;468070;723704;6155810C;T-MOBILE POLSKA S.A.;światłowodowe;-;Nie;Nie;-;-;-;podziemny;0.8;Nie
6024734;467776;723868;6024734C;6024728;467735;723876;6024728C;Orange Polska S.A.;światłowodowe;-;Tak;Nie;-;-;-;podziemny w kanalizacji;0.1;Nie
6057274;467993;723925;6057274C;6024734;467776;723868;6024734C;Orange Polska S.A.;światłowodowe;-;Tak;Nie;-;-;-;podziemny;0.3;Nie
6057274;467993;723925;6057274C;5785286;467858;723851;5785286C;Orange Polska S.A.;światłowodowe;-;Tak;Nie;-;-;-;podziemny w kanalizacji;0.3;Nie
6057274;467993;723925;6057274C;6568688;467863;723976;6568688C;Orange Polska S.A.;światłowodowe;-;Tak;Nie;-;-;-;podziemny w kanalizacji;0.4;Nie
5785286;467858;723851;5785286C;5944224;467817;723859;5944224C;Orange Polska S.A.;światłowodowe;-;Tak;Nie;-;-;-;podziemny w kanalizacji;0.2;Nie
6280578;466853;722445;6280578C;6298435;466864;722585;6298435C;Orange Polska S.A.;światłowodowe;-;Tak;Nie;-;-;-;podziemny w kanalizacji;0.2;Tak
7133060;467798;722872;7133060N;6141146;467747;722950;6141146C;T-MOBILE POLSKA S.A.;światłowodowe;-;Nie;Nie;-;-;-;podziemny;0.3;Nie
6141146;467747;722950;6141146C;7133381;467798;722872;7133381N;T-MOBILE POLSKA S.A.;światłowodowe;-;Nie;Nie;-;-;-;podziemny;0.1;Nie
5658085;468613;723278;5658085C;5973738;468841;722442;5973738C;Orange Polska S.A.;światłowodowe;-;Tak;Nie;-;-;-;podziemny w rurociągu;0.9;Nie
6540979;466974;722708;6540979C;5997021;467008;722662;5997021C;Orange Polska S.A.;światłowodowe;-;Tak;Nie;-;-;-;podziemny w kanalizacji;0.1;Tak
6540979;466974;722708;6540979C;6272975;466911;722664;6272975C;Orange Polska S.A.;światłowodowe;-;Tak;Nie;-;-;-;podziemny w kanalizacji;0.2;Tak
5914125;468051;723749;5914125C;5687359;467025;722601;5687359C;Orange Polska S.A.;światłowodowe;-;Tak;Nie;-;-;-;podziemny w kanalizacji;1.9;Nie
6298435;466864;722585;6298435C;6540979;466974;722708;6540979C;Orange Polska S.A.;światłowodowe;-;Tak;Nie;-;-;-;podziemny w kanalizacji;0.3;Tak
7048464;468077;723782;7048464N;5720403;466655;724048;5720403C;Orange Polska S.A.;światłowodowe;-;Tak;Nie;-;-;-;podziemny w kanalizacji;0.8;Nie
6447679;466728;724003;6447679C;6829604;466716;724037;6829604N;Orange Polska S.A.;światłowodowe;-;Tak;Nie;-;-;-;podziemny w kanalizacji;0.1;Nie
5937921;466729;724025;5937921C;6829604;466716;724037;6829604N;Orange Polska S.A.;światłowodowe;-;Tak;Nie;-;-;-;podziemny w kanalizacji;0.1;Nie
6447679;466728;724003;6447679C;7048464;468077;723782;7048464N;Orange Polska S.A.;światłowodowe;-;Tak;Nie;-;-;-;podziemny w kanalizacji;1.7;Nie
7048464;468077;723782;7048464N;5937921;466729;724025;5937921C;Orange Polska S.A.;światłowodowe;-;Tak;Nie;-;-;-;podziemny w kanalizacji;1.6;Nie
6466056;467695;723874;6466056C;6526025;467975;723827;6526025C;Orange Polska S.A.;światłowodowe;-;Tak;Nie;-;-;-;podziemny w kanalizacji;0.4;Nie
5720403;466655;724048;5720403C;6772441;468688;723756;6772441N;Orange Polska S.A.;światłowodowe;-;Tak;Nie;-;-;-;podziemny w kanalizacji;0.1;Nie
6130429;466512;722837;6130429C;7133389;466323;722738;7133389N;T-MOBILE POLSKA S.A.;światłowodowe;-;Nie;Nie;-;-;-;podziemny;0.6;Nie
6130429;466512;722837;6130429C;7133206;466472;722748;7133206N;T-MOBILE POLSKA S.A.;światłowodowe;-;Nie;Nie;-;-;-;podziemny;0.1;Nie
6130429;466512;722837;6130429C;7133945;466350;722916;7133945N;T-MOBILE POLSKA S.A.;światłowodowe;-;Nie;Nie;-;-;-;podziemny;0.2;Nie
6023283;466508;723171;6023283C;6437287;466283;722879;6437287C;Orange Polska S.A.;światłowodowe;-;Tak;Nie;-;-;-;podziemny w kanalizacji;0.4;Nie
5936931;466334;722951;5936931C;5652514;466363;722904;5652514C;Orange Polska S.A.;światłowodowe;-;Tak;Nie;-;-;-;podziemny;0.2;Nie
5814308;466509;723036;5814308C;5666575;466502;723120;5666575C;Orange Polska S.A.;światłowodowe;-;Tak;Nie;-;-;-;podziemny w kanalizacji;0.1;Tak
6149016;466229;722338;6149016C;5776953;466229;722327;5776953C;T-MOBILE POLSKA S.A.;światłowodowe;-;Nie;Nie;-;-;-;podziemny;0.1;Nie
5668602;466301;722373;5668602C;5668601;466373;722333;5668601C;UPC POLSKA sp. z o.o.;światłowodowe;-;Tak;Nie;-;-;-;podziemny w kanalizacji;0.1;Nie
6280578;466853;722445;6280578C;6284824;466301;722373;6284824C;Orange Polska S.A.;światłowodowe;-;Tak;Nie;-;-;-;podziemny;0.8;Nie
6280578;466853;722445;6280578C;5763674;466268;722374;5763674C;Orange Polska S.A.;światłowodowe;-;Tak;Nie;-;-;-;podziemny w kanalizacji;1.3;Nie
5668601;466373;722333;5668601C;6423898;466279;722325;6423898C;UPC POLSKA sp. z o.o.;światłowodowe;-;Tak;Nie;-;-;-;podziemny w kanalizacji;0.1;Nie
6284824;466301;722373;6284824C;5710065;466296;722410;5710065C;Orange Polska S.A.;światłowodowe;-;Tak;Nie;-;-;-;podziemny w kanalizacji;0.1;Nie
6749932;466266;722419;6749932N;6749931;466264;722399;6749931N;NETIA S.A.;światłowodowe;-;Nie;Nie;-;-;-;podziemny;0.1;Nie
6198479;466649;722072;6198479C;6198493;466565;722084;6198493C;NETIA S.A.;światłowodowe;-;Nie;Nie;-;-;-;podziemny;0.2;Nie
6198512;466931;722203;6198512C;6198479;466649;722072;6198479C;NETIA S.A.;światłowodowe;-;Nie;Nie;-;-;-;podziemny;0.4;Nie
6749293;467053;722199;6749293N;6198512;466931;722203;6198512C;NETIA S.A.;światłowodowe;-;Nie;Nie;-;-;-;podziemny;0.2;Nie
6198512;466931;722203;6198512C;7011907;467105;722329;7011907N;NETIA S.A.;światłowodowe;-;Nie;Nie;-;-;-;podziemny;0.4;Nie
6130429;466512;722837;6130429C;6115083;468342;720766;6115083C;T-MOBILE POLSKA S.A.;światłowodowe;-;Nie;Nie;-;-;-;podziemny;3.3;Nie
6748061;466684;722002;6748061N;6198266;467957;721461;6198266C;NETIA S.A.;światłowodowe;-;Nie;Nie;-;-;-;podziemny;1.4;Nie
6198260;468449;723412;6198260C;6748061;466684;722002;6748061N;NETIA S.A.;światłowodowe;-;Nie;Nie;-;-;-;podziemny;3.5;Nie
6020743;466957;721476;6020743C;5736525;466944;721566;5736525C;Orange Polska S.A.;światłowodowe;-;Tak;Nie;-;-;-;podziemny w rurociągu;0.1;Nie
5930785;466950;721477;5930785C;6459405;467690;720900;6459405C;Orange Polska S.A.;światłowodowe;-;Tak;Nie;-;-;-;podziemny w kanalizacji;1;Nie
6023283;466508;723171;6023283C;5736525;466944;721566;5736525C;Orange Polska S.A.;światłowodowe;-;Tak;Nie;-;-;-;podziemny w kanalizacji;2.2;Nie
5736525;466944;721566;5736525C;6280578;466853;722445;6280578C;Orange Polska S.A.;światłowodowe;-;Tak;Nie;-;-;-;podziemny w kanalizacji;1.1;Nie
6748061;466684;722002;6748061N;6198479;466649;722072;6198479C;NETIA S.A.;światłowodowe;-;Nie;Nie;-;-;-;podziemny;2.6;Nie
6093341;466860;722445;6093341C;6130429;466512;722837;6130429C;T-MOBILE POLSKA S.A.;światłowodowe;-;Nie;Nie;-;-;-;podziemny;0.5;Nie
5670669;466394;721424;5670669C;5662695;466525;721320;5662695C;UPC POLSKA sp. z o.o.;światłowodowe;-;Tak;Nie;-;-;-;podziemny w kanalizacji;0.1;Nie
5820596;467058;721374;5820596C;5909960;467159;721371;5909960C;Orange Polska S.A.;światłowodowe;-;Tak;Nie;-;-;-;podziemny w kanalizacji;0.4;Nie
5930785;466950;721477;5930785C;5820596;467058;721374;5820596C;Orange Polska S.A.;światłowodowe;-;Tak;Nie;-;-;-;podziemny w kanalizacji;0.3;Nie
6020743;466957;721476;6020743C;5736525;466944;721566;5736525C;Orange Polska S.A.;światłowodowe;-;Tak;Nie;-;-;-;podziemny w rurociągu;0.1;Nie
6470698;466946;721524;6470698C;6020743;466957;721476;6020743C;Orange Polska S.A.;światłowodowe;-;Tak;Nie;-;-;-;podziemny w rurociągu;0.1;Nie
5736525;466944;721566;5736525C;6020743;466957;721476;6020743C;Orange Polska S.A.;światłowodowe;-;Tak;Nie;-;-;-;podziemny w kanalizacji;0.1;Nie
6020743;466957;721476;6020743C;5736525;466944;721566;5736525C;Orange Polska S.A.;światłowodowe;-;Tak;Nie;-;-;-;podziemny w rurociągu;0.1;Nie
6198213;466394;721424;6198213C;7144676;466648;721469;7144676N;NETIA S.A.;światłowodowe;-;Nie;Nie;-;-;-;podziemny;0.4;Nie
6198492;466219;722343;6198492C;6921745;466374;722216;6921745N;NETIA S.A.;światłowodowe;-;Nie;Nie;-;-;-;podziemny;0.3;Nie
6198492;466219;722343;6198492C;6749926;466238;722260;6749926N;NETIA S.A.;światłowodowe;-;Nie;Nie;-;-;-;podziemny;0.2;Nie
6198492;466219;722343;6198492C;6749931;466264;722399;6749931N;NETIA S.A.;światłowodowe;-;Nie;Nie;-;-;-;podziemny;0.1;Nie
6888767;466356;721928;6888767N;6198493;466565;722084;6198493C;NETIA S.A.;światłowodowe;-;Nie;Nie;-;-;-;podziemny;0.3;Nie
7008325;466409;721687;7008325N;7010121;466493;721719;7010121N;NETIA S.A.;światłowodowe;-;Nie;Nie;-;-;-;podziemny;0.2;Nie
6198493;466565;722084;6198493C;6748997;466533;721880;6748997N;NETIA S.A.;światłowodowe;-;Nie;Nie;-;-;-;podziemny;0.2;Nie
6198492;466219;722343;6198492C;7010065;466290;722424;7010065N;NETIA S.A.;światłowodowe;-;Nie;Nie;-;-;-;podziemny;0.1;Nie
7008013;466313;722394;7008013N;6198492;466219;722343;6198492C;NETIA S.A.;światłowodowe;-;Nie;Nie;-;-;-;podziemny;0.1;Nie
5736525;466944;721566;5736525C;5725141;466219;722343;5725141C;Orange Polska S.A.;światłowodowe;-;Tak;Nie;-;-;-;podziemny w kanalizacji;1.8;Nie
5770627;466454;721180;5770627C;7088500;466217;721526;7088500N;Orange Polska S.A.;światłowodowe;-;Tak;Nie;-;-;-;podziemny w rurociągu;0.8;Nie
6198213;466394;721424;6198213C;7007657;466351;721596;7007657N;NETIA S.A.;światłowodowe;-;Nie;Nie;-;-;-;podziemny;0.3;Nie
6198213;466394;721424;6198213C;7006679;466518;721311;7006679N;NETIA S.A.;światłowodowe;-;Nie;Nie;-;-;-;podziemny;0.2;Nie
6020743;466957;721476;6020743C;5770627;466454;721180;5770627C;Orange Polska S.A.;światłowodowe;-;Tak;Nie;-;-;-;podziemny w kanalizacji;0.8;Nie
5829145;470874;722603;5829145C;6398097;470898;722635;6398097C;Światłowód Inwestycje Sp. z o. o.;światłowodowe;-;Tak;Nie;-;-;-;podziemny w kanalizacji;0.1;Nie
5973560;470973;722617;5973560C;5843376;470946;722592;5843376C;Światłowód Inwestycje Sp. z o. o.;światłowodowe;-;Tak;Nie;-;-;-;podziemny w kanalizacji;0.1;Nie
5973560;470973;722617;5973560C;5774628;471068;722547;5774628C;Światłowód Inwestycje Sp. z o. o.;światłowodowe;-;Tak;Nie;-;-;-;podziemny w kanalizacji;0.2;Nie
5971174;471173;722594;5971174C;6502579;471107;722602;6502579C;Światłowód Inwestycje Sp. z o. o.;światłowodowe;-;Tak;Nie;-;-;-;podziemny;0.1;Nie
5973560;470973;722617;5973560C;5823258;471050;722551;5823258C;Światłowód Inwestycje Sp. z o. o.;światłowodowe;-;Tak;Nie;-;-;-;podziemny w kanalizacji;0.2;Nie
5973560;470973;722617;5973560C;5827445;471056;722582;5827445C;Światłowód Inwestycje Sp. z o. o.;światłowodowe;-;Tak;Nie;-;-;-;podziemny w kanalizacji;0.2;Nie
5973560;470973;722617;5973560C;6292381;471076;722584;6292381C;Światłowód Inwestycje Sp. z o. o.;światłowodowe;-;Tak;Nie;-;-;-;podziemny;0.2;Nie
6765404;469206;723179;6765404N;6765405;469162;723182;6765405N;UPC POLSKA sp. z o.o.;światłowodowe;-;Tak;Nie;-;-;-;podziemny w kanalizacji;0.1;Nie
5910765;471002;723195;5910765C;6276107;469285;723707;6276107C;Orange Polska S.A.;światłowodowe;-;Tak;Nie;-;-;-;podziemny w rurociągu;2;Nie
5910765;471002;723195;5910765C;6276107;469285;723707;6276107C;Orange Polska S.A.;światłowodowe;-;Tak;Nie;-;-;-;podziemny w rurociągu;1.9;Nie
5910765;471002;723195;5910765C;6276107;469285;723707;6276107C;Orange Polska S.A.;światłowodowe;-;Tak;Nie;-;-;-;podziemny w rurociągu;2;Nie
5657974;469020;723222;5657974C;6269688;469116;723217;6269688C;Orange Polska S.A.;światłowodowe;-;Tak;Nie;-;-;-;podziemny w kanalizacji;0.2;Nie
5657974;469020;723222;5657974C;5716981;469164;723222;5716981C;Orange Polska S.A.;światłowodowe;-;Tak;Nie;-;-;-;podziemny;0.3;Nie
5657974;469020;723222;5657974C;6156849;469068;723227;6156849C;Orange Polska S.A.;światłowodowe;-;Tak;Nie;-;-;-;podziemny w kanalizacji;0.2;Nie
5812963;469142;723836;5812963C;5791861;469139;723769;5791861C;Światłowód Inwestycje Sp. z o. o.;światłowodowe;-;Tak;Nie;-;-;-;podziemny w kanalizacji;0.2;Nie
5824588;469084;723832;5824588C;6325248;469028;723773;6325248C;Światłowód Inwestycje Sp. z o. o.;światłowodowe;-;Tak;Nie;-;-;-;podziemny w kanalizacji;0.2;Nie
5812963;469142;723836;5812963C;5843389;469139;723756;5843389C;Światłowód Inwestycje Sp. z o. o.;światłowodowe;-;Tak;Nie;-;-;-;podziemny w kanalizacji;0.2;Nie
5975826;469181;723834;5975826C;6119582;469122;723818;6119582C;Światłowód Inwestycje Sp. z o. o.;światłowodowe;-;Tak;Nie;-;-;-;podziemny w kanalizacji;0.1;Nie
5812963;469142;723836;5812963C;6335447;469140;723859;6335447C;Światłowód Inwestycje Sp. z o. o.;światłowodowe;-;Tak;Nie;-;-;-;podziemny w kanalizacji;0.1;Nie
5812963;469142;723836;5812963C;6145471;469142;723817;6145471C;Światłowód Inwestycje Sp. z o. o.;światłowodowe;-;Tak;Nie;-;-;-;podziemny w kanalizacji;0.1;Nie
5975826;469181;723834;5975826C;5812963;469142;723836;5812963C;Światłowód Inwestycje Sp. z o. o.;światłowodowe;-;Tak;Nie;-;-;-;podziemny w kanalizacji;0.1;Nie
5812963;469142;723836;5812963C;6002213;469142;723823;6002213C;Światłowód Inwestycje Sp. z o. o.;światłowodowe;-;Tak;Nie;-;-;-;podziemny w kanalizacji;0.1;Nie
5824588;469084;723832;5824588C;6358608;469082;723772;6358608C;Światłowód Inwestycje Sp. z o. o.;światłowodowe;-;Tak;Nie;-;-;-;podziemny w kanalizacji;0.2;Nie
6358608;469082;723772;6358608C;6027802;469083;723790;6027802C;Światłowód Inwestycje Sp. z o. o.;światłowodowe;-;Tak;Nie;-;-;-;podziemny;0.1;Nie
6119582;469122;723818;6119582C;6624430;469122;723807;6624430C;Światłowód Inwestycje Sp. z o. o.;światłowodowe;-;Tak;Nie;-;-;-;podziemny w kanalizacji;0.1;Nie
6119582;469122;723818;6119582C;6120658;469122;723812;6120658C;Światłowód Inwestycje Sp. z o. o.;światłowodowe;-;Tak;Nie;-;-;-;podziemny w kanalizacji;0.1;Nie
6276107;469285;723707;6276107C;5816851;469173;723920;5816851C;Orange Polska S.A.;światłowodowe;-;Tak;Nie;-;-;-;podziemny w kanalizacji;0.7;Nie
6327361;469179;723792;6327361C;6327344;469177;723753;6327344C;Światłowód Inwestycje Sp. z o. o.;światłowodowe;-;Tak;Nie;-;-;-;podziemny w kanalizacji;0.1;Nie
6327361;469179;723792;6327361C;5991300;469179;723804;5991300C;Światłowód Inwestycje Sp. z o. o.;światłowodowe;-;Tak;Nie;-;-;-;podziemny w kanalizacji;0.1;Nie
5975826;469181;723834;5975826C;6327361;469179;723792;6327361C;Światłowód Inwestycje Sp. z o. o.;światłowodowe;-;Tak;Nie;-;-;-;podziemny w kanalizacji;0.1;Nie
6290075;469198;723850;6290075C;5820426;469261;723822;5820426C;Światłowód Inwestycje Sp. z o. o.;światłowodowe;-;Tak;Nie;-;-;-;podziemny w kanalizacji;0.2;Nie
5820426;469261;723822;5820426C;6287593;469259;723872;6287593C;Światłowód Inwestycje Sp. z o. o.;światłowodowe;-;Tak;Nie;-;-;-;podziemny w kanalizacji;0.1;Nie
6290075;469198;723850;6290075C;6329497;469244;723813;6329497C;Światłowód Inwestycje Sp. z o. o.;światłowodowe;-;Tak;Nie;-;-;-;podziemny w kanalizacji;0.1;Nie
6327361;469179;723792;6327361C;6020003;469181;723834;6020003C;Światłowód Inwestycje Sp. z o. o.;światłowodowe;-;Tak;Nie;-;-;-;podziemny w kanalizacji;0.1;Nie
6459413;471831;723377;6459413C;5914125;468051;723749;5914125C;Orange Polska S.A.;światłowodowe;-;Tak;Nie;-;-;-;podziemny w kanalizacji;1.2;Nie
6276107;469285;723707;6276107C;6262688;468622;723645;6262688C;Orange Polska S.A.;światłowodowe;-;Tak;Nie;-;-;-;podziemny w kanalizacji;0.7;Nie
6325248;469028;723773;6325248C;6118993;469063;723814;6118993C;Światłowód Inwestycje Sp. z o. o.;światłowodowe;-;Tak;Nie;-;-;-;podziemny;0.1;Nie
5824588;469084;723832;5824588C;6325248;469028;723773;6325248C;Światłowód Inwestycje Sp. z o. o.;światłowodowe;-;Tak;Nie;-;-;-;podziemny w kanalizacji;0.2;Nie
6325248;469028;723773;6325248C;5792457;469029;723786;5792457C;Światłowód Inwestycje Sp. z o. o.;światłowodowe;-;Tak;Nie;-;-;-;podziemny;0.1;Nie
6358608;469082;723772;6358608C;5820684;469082;723784;5820684C;Światłowód Inwestycje Sp. z o. o.;światłowodowe;-;Tak;Nie;-;-;-;podziemny;0.1;Nie
6556691;468924;723473;6556691C;6270936;469088;723556;6270936C;Orange Polska S.A.;światłowodowe;-;Tak;Nie;-;-;-;podziemny;0.2;Nie
6227220;469008;723359;6227220C;5804786;469050;723356;5804786C;Orange Polska S.A.;światłowodowe;-;Tak;Nie;-;-;-;podziemny w kanalizacji;0.1;Nie
5657974;469020;723222;5657974C;5657997;469014;723065;5657997C;Orange Polska S.A.;światłowodowe;-;Tak;Nie;-;-;-;podziemny w kanalizacji;0.4;Nie
5657974;469020;723222;5657974C;5909104;469183;723067;5909104C;Orange Polska S.A.;światłowodowe;-;Tak;Nie;-;-;-;podziemny w kanalizacji;0.4;Nie
5657974;469020;723222;5657974C;5906574;469203;723092;5906574C;Orange Polska S.A.;światłowodowe;-;Tak;Nie;-;-;-;podziemny w kanalizacji;0.4;Nie
6825545;474814;720659;6825545N;6825513;468022;723856;6825513N;Volta Communications Sp. z o.o.;światłowodowe;-;Tak;Tak;-;-;-;podziemny w kanalizacji;24;Nie
7056186;468688;723756;7056186N;6593263;470877;722820;6593263C;Towerlink Poland Sp. z o. o.;światłowodowe;-;Tak;Tak;-;-;-;podziemny;2.9;Nie
6596100;468694;721776;6596100C;6591748;468998;723181;6591748C;Towerlink Poland Sp. z o. o.;światłowodowe;-;Tak;Tak;-;-;-;podziemny;1.9;Nie
6596097;469023;721420;6596097C;6596130;475024;723303;6596130C;Towerlink Poland Sp. z o. o.;światłowodowe;-;Tak;Tak;-;-;-;podziemny;8;Nie
5673556;469133;723043;5673556C;5669477;469183;723067;5669477C;UPC POLSKA sp. z o.o.;światłowodowe;-;Tak;Nie;-;-;-;podziemny w kanalizacji;0.1;Nie
6593263;470877;722820;6593263C;7058021;470769;722773;7058021N;Towerlink Poland Sp. z o. o.;światłowodowe;-;Tak;Tak;-;-;-;podziemny;0.2;Nie
5973560;470973;722617;5973560C;5994764;471052;722651;5994764C;Światłowód Inwestycje Sp. z o. o.;światłowodowe;-;Tak;Nie;-;-;-;podziemny w kanalizacji;0.2;Nie
5973560;470973;722617;5973560C;6306882;471017;722645;6306882C;Światłowód Inwestycje Sp. z o. o.;światłowodowe;-;Tak;Nie;-;-;-;podziemny w kanalizacji;0.1;Nie
6544992;467703;721282;6544992C;5703278;467660;721391;5703278C;Orange Polska S.A.;światłowodowe;-;Tak;Nie;-;-;-;podziemny w kanalizacji;0.2;Nie
6544992;467703;721282;6544992C;6425972;467684;721405;6425972C;Orange Polska S.A.;światłowodowe;-;Tak;Nie;-;-;-;podziemny w kanalizacji;0.2;Nie
6544992;467703;721282;6544992C;5923102;467723;721371;5923102C;Orange Polska S.A.;światłowodowe;-;Tak;Nie;-;-;-;podziemny w kanalizacji;0.2;Nie
6461884;468317;721283;6461884C;6561255;468287;721372;6561255C;Orange Polska S.A.;światłowodowe;-;Tak;Nie;-;-;-;podziemny;0.4;Nie
5663666;467717;721350;5663666C;5663668;467744;721319;5663668C;UPC POLSKA sp. z o.o.;światłowodowe;-;Tak;Nie;-;-;-;podziemny w kanalizacji;0.1;Nie
5663665;467744;721319;5663665C;6633081;467789;721460;6633081N;UPC POLSKA sp. z o.o.;światłowodowe;-;Tak;Nie;-;-;-;podziemny w kanalizacji;0.1;Nie
5663666;467717;721350;5663666C;5663667;467750;721332;5663667C;UPC POLSKA sp. z o.o.;światłowodowe;-;Tak;Nie;-;-;-;podziemny w kanalizacji;0.1;Nie
6111179;468433;721351;6111179C;5971440;468487;721332;5971440C;Światłowód Inwestycje Sp. z o. o.;światłowodowe;-;Tak;Nie;-;-;-;podziemny;0.1;Nie
6633081;467789;721460;6633081N;6765586;467734;721485;6765586N;UPC POLSKA sp. z o.o.;światłowodowe;-;Tak;Nie;-;-;-;podziemny w kanalizacji;0.1;Nie
6029679;468317;721283;6029679C;6309516;468394;721297;6309516C;Światłowód Inwestycje Sp. z o. o.;światłowodowe;-;Tak;Nie;-;-;-;podziemny w kanalizacji;0.1;Nie
6149586;468317;721283;6149586C;6100239;468553;721307;6100239C;Światłowód Inwestycje Sp. z o. o.;światłowodowe;-;Tak;Nie;-;-;-;podziemny w kanalizacji;0.3;Nie
6461884;468317;721283;6461884C;6560555;468403;721363;6560555C;Orange Polska S.A.;światłowodowe;-;Tak;Nie;-;-;-;podziemny w kanalizacji;0.2;Nie
6309516;468394;721297;6309516C;6354016;468605;721255;6354016C;Światłowód Inwestycje Sp. z o. o.;światłowodowe;-;Tak;Nie;-;-;-;podziemny w kanalizacji;0.3;Nie
5706498;468475;720887;5706498C;6533960;468527;720864;6533960C;Orange Polska S.A.;światłowodowe;-;Tak;Nie;-;-;-;podziemny;0.1;Nie
6110916;468409;720884;6110916C;6369436;468550;720950;6369436C;Światłowód Inwestycje Sp. z o. o.;światłowodowe;-;Tak;Nie;-;-;-;podziemny w kanalizacji;0.4;Nie
6023081;468460;720977;6023081C;6120343;468423;720973;6120343C;Światłowód Inwestycje Sp. z o. o.;światłowodowe;-;Tak;Nie;-;-;-;podziemny w kanalizacji;0.1;Nie
6023081;468460;720977;6023081C;6488200;468466;720975;6488200C;Światłowód Inwestycje Sp. z o. o.;światłowodowe;-;Tak;Nie;-;-;-;podziemny w kanalizacji;0.1;Nie
5706498;468475;720887;5706498C;6476429;468497;720877;6476429C;Orange Polska S.A.;światłowodowe;-;Tak;Nie;-;-;-;podziemny;0.1;Nie
6029679;468317;721283;6029679C;6125385;468341;721173;6125385C;Światłowód Inwestycje Sp. z o. o.;światłowodowe;-;Tak;Nie;-;-;-;podziemny w kanalizacji;0.2;Nie
6125385;468341;721173;6125385C;6388415;468336;721212;6388415C;Światłowód Inwestycje Sp. z o. o.;światłowodowe;-;Tak;Nie;-;-;-;podziemny;0.1;Nie
6125385;468341;721173;6125385C;5816949;468338;721229;5816949C;Światłowód Inwestycje Sp. z o. o.;światłowodowe;-;Tak;Nie;-;-;-;podziemny;0.1;Nie
6125385;468341;721173;6125385C;5816949;468338;721229;5816949C;Światłowód Inwestycje Sp. z o. o.;światłowodowe;-;Tak;Nie;-;-;-;podziemny;0.1;Nie
6125385;468341;721173;6125385C;6329213;468339;721221;6329213C;Światłowód Inwestycje Sp. z o. o.;światłowodowe;-;Tak;Nie;-;-;-;podziemny;0.1;Nie
6125385;468341;721173;6125385C;6286719;468340;721180;6286719C;Światłowód Inwestycje Sp. z o. o.;światłowodowe;-;Tak;Nie;-;-;-;podziemny;0.1;Nie
6125385;468341;721173;6125385C;6328802;468347;721125;6328802C;Światłowód Inwestycje Sp. z o. o.;światłowodowe;-;Tak;Nie;-;-;-;podziemny;0.1;Nie
6125385;468341;721173;6125385C;5844100;468343;721157;5844100C;Światłowód Inwestycje Sp. z o. o.;światłowodowe;-;Tak;Nie;-;-;-;podziemny;0.1;Nie
6125385;468341;721173;6125385C;5983207;468342;721164;5983207C;Światłowód Inwestycje Sp. z o. o.;światłowodowe;-;Tak;Nie;-;-;-;podziemny;0.1;Nie
5930785;466950;721477;5930785C;6254221;469238;720626;6254221C;Orange Polska S.A.;światłowodowe;-;Tak;Nie;-;-;-;podziemny w kanalizacji;3.1;Nie
5671006;468233;720699;5671006C;6634503;468346;721096;6634503N;UPC POLSKA sp. z o.o.;światłowodowe;-;Tak;Nie;-;-;-;podziemny w kanalizacji;0.7;Nie
5723627;467929;720982;5723627C;6566295;467941;721013;6566295C;Orange Polska S.A.;światłowodowe;-;Tak;Nie;-;-;-;podziemny w kanalizacji;0.1;Nie
6461884;468317;721283;6461884C;5729288;468179;721008;5729288C;Orange Polska S.A.;światłowodowe;-;Tak;Nie;-;-;-;podziemny w kanalizacji;0.6;Nie
5806538;468677;721142;5806538C;6285726;468676;721119;6285726C;Światłowód Inwestycje Sp. z o. o.;światłowodowe;-;Tak;Nie;-;-;-;podziemny w rurociągu;0.1;Nie
5931627;468242;721244;5931627C;5940527;468271;721218;5940527C;Orange Polska S.A.;światłowodowe;-;Tak;Nie;-;-;-;podziemny w kanalizacji;0.1;Nie
6825545;474814;720659;6825545N;6825163;466277;721615;6825163N;Volta Communications Sp. z o.o.;światłowodowe;-;Tak;Tak;-;-;-;podziemny w kanalizacji;17;Nie
5676699;468156;721353;5676699C;5931627;468242;721244;5931627C;Orange Polska S.A.;światłowodowe;-;Tak;Nie;-;-;-;podziemny w kanalizacji;0.3;Nie
6138685;468198;721518;6138685C;6330530;468178;721540;6330530C;Światłowód Inwestycje Sp. z o. o.;światłowodowe;-;Tak;Nie;-;-;-;podziemny;0.1;Nie
6277910;468193;721337;6277910C;6038005;468219;721325;6038005C;Orange Polska S.A.;światłowodowe;-;Tak;Nie;-;-;-;podziemny w kanalizacji;0.1;Nie
6560509;468226;721396;6560509C;5922969;468230;721405;5922969C;Orange Polska S.A.;światłowodowe;-;Tak;Nie;-;-;-;podziemny w rurociągu;0.1;Nie
5681952;468156;721353;5681952C;6279547;468184;721428;6279547C;Orange Polska S.A.;światłowodowe;-;Tak;Nie;-;-;-;podziemny w kanalizacji;0.2;Nie
6151107;471536;722026;6151107C;5777435;471533;721992;5777435C;Światłowód Inwestycje Sp. z o. o.;światłowodowe;-;Tak;Nie;-;-;-;podziemny;0.1;Nie
6151107;471536;722026;6151107C;6151120;471533;721992;6151120C;Światłowód Inwestycje Sp. z o. o.;światłowodowe;-;Tak;Nie;-;-;-;podziemny;0.1;Nie
6151107;471536;722026;6151107C;5843975;471533;721992;5843975C;Światłowód Inwestycje Sp. z o. o.;światłowodowe;-;Tak;Nie;-;-;-;podziemny;0.1;Nie
5822929;471541;722089;5822929C;5972417;471501;722071;5972417C;Światłowód Inwestycje Sp. z o. o.;światłowodowe;-;Tak;Nie;-;-;-;podziemny;0.1;Nie
5822929;471541;722089;5822929C;6329512;471509;722101;6329512C;Światłowód Inwestycje Sp. z o. o.;światłowodowe;-;Tak;Nie;-;-;-;podziemny;0.1;Nie
5822929;471541;722089;5822929C;5846174;471527;722103;5846174C;Światłowód Inwestycje Sp. z o. o.;światłowodowe;-;Tak;Nie;-;-;-;podziemny;0.1;Nie
5822929;471541;722089;5822929C;6023745;471551;722137;6023745C;Światłowód Inwestycje Sp. z o. o.;światłowodowe;-;Tak;Nie;-;-;-;podziemny;0.1;Nie
5970752;471483;722114;5970752C;6132372;471509;722101;6132372C;Światłowód Inwestycje Sp. z o. o.;światłowodowe;-;Tak;Nie;-;-;-;podziemny;0.1;Nie
5970752;471483;722114;5970752C;6328168;471526;722124;6328168C;Światłowód Inwestycje Sp. z o. o.;światłowodowe;-;Tak;Nie;-;-;-;podziemny;0.1;Nie
5970752;471483;722114;5970752C;5975149;471495;722144;5975149C;Światłowód Inwestycje Sp. z o. o.;światłowodowe;-;Tak;Nie;-;-;-;podziemny;0.1;Nie
6138665;471413;722058;6138665C;5779815;471429;721902;5779815C;Światłowód Inwestycje Sp. z o. o.;światłowodowe;-;Tak;Nie;-;-;-;podziemny;0.3;Nie
6138665;471413;722058;6138665C;6315463;471416;721968;6315463C;Światłowód Inwestycje Sp. z o. o.;światłowodowe;-;Tak;Nie;-;-;-;podziemny;0.2;Nie
6138665;471413;722058;6138665C;6306094;471416;721987;6306094C;Światłowód Inwestycje Sp. z o. o.;światłowodowe;-;Tak;Nie;-;-;-;podziemny;0.1;Nie
6138665;471413;722058;6138665C;6398002;471418;722024;6398002C;Światłowód Inwestycje Sp. z o. o.;światłowodowe;-;Tak;Nie;-;-;-;podziemny;0.1;Nie
6138665;471413;722058;6138665C;5972976;471411;721904;5972976C;Światłowód Inwestycje Sp. z o. o.;światłowodowe;-;Tak;Nie;-;-;-;podziemny;0.2;Nie
6138665;471413;722058;6138665C;6610125;471418;721945;6610125C;Światłowód Inwestycje Sp. z o. o.;światłowodowe;-;Tak;Nie;-;-;-;podziemny;0.2;Nie
6138665;471413;722058;6138665C;5773146;471418;721945;5773146C;Światłowód Inwestycje Sp. z o. o.;światłowodowe;-;Tak;Nie;-;-;-;podziemny;0.2;Nie
6133593;471229;722028;6133593C;5972668;471254;722051;5972668C;Światłowód Inwestycje Sp. z o. o.;światłowodowe;-;Tak;Nie;-;-;-;podziemny w kanalizacji;0.1;Nie
6133593;471229;722028;6133593C;6138665;471413;722058;6138665C;Światłowód Inwestycje Sp. z o. o.;światłowodowe;-;Tak;Nie;-;-;-;podziemny w kanalizacji;0.2;Nie
6138665;471413;722058;6138665C;5847553;471416;722049;5847553C;Światłowód Inwestycje Sp. z o. o.;światłowodowe;-;Tak;Nie;-;-;-;podziemny;0.1;Nie
6151107;471536;722026;6151107C;5774616;471485;721953;5774616C;Światłowód Inwestycje Sp. z o. o.;światłowodowe;-;Tak;Nie;-;-;-;podziemny;0.1;Nie
6133593;471229;722028;6133593C;5777406;471181;721984;5777406C;Światłowód Inwestycje Sp. z o. o.;światłowodowe;-;Tak;Nie;-;-;-;podziemny w kanalizacji;0.1;Nie
6133593;471229;722028;6133593C;5774042;471219;721992;5774042C;Światłowód Inwestycje Sp. z o. o.;światłowodowe;-;Tak;Nie;-;-;-;podziemny;0.1;Nie
6133593;471229;722028;6133593C;6324364;471250;721961;6324364C;Światłowód Inwestycje Sp. z o. o.;światłowodowe;-;Tak;Nie;-;-;-;podziemny w kanalizacji;0.1;Nie
6133593;471229;722028;6133593C;5795890;471246;721989;5795890C;Światłowód Inwestycje Sp. z o. o.;światłowodowe;-;Tak;Nie;-;-;-;podziemny w kanalizacji;0.1;Nie
6133593;471229;722028;6133593C;6379885;471267;722007;6379885C;Światłowód Inwestycje Sp. z o. o.;światłowodowe;-;Tak;Nie;-;-;-;podziemny w kanalizacji;0.1;Nie
6133593;471229;722028;6133593C;6125908;471271;722039;6125908C;Światłowód Inwestycje Sp. z o. o.;światłowodowe;-;Tak;Nie;-;-;-;podziemny w kanalizacji;0.1;Nie
6133593;471229;722028;6133593C;6593536;471243;721963;6593536C;Światłowód Inwestycje Sp. z o. o.;światłowodowe;-;Tak;Nie;-;-;-;podziemny w kanalizacji;0.1;Nie
6307581;471346;722196;6307581C;6309171;471154;722112;6309171C;Światłowód Inwestycje Sp. z o. o.;światłowodowe;-;Tak;Nie;-;-;-;podziemny w kanalizacji;0.3;Nie
6222931;471247;722334;6222931C;5831062;471166;722360;5831062C;Światłowód Inwestycje Sp. z o. o.;światłowodowe;-;Tak;Nie;-;-;-;podziemny;0.1;Nie
6222931;471247;722334;6222931C;5825166;471234;722371;5825166C;Światłowód Inwestycje Sp. z o. o.;światłowodowe;-;Tak;Nie;-;-;-;podziemny;0.1;Nie
5834909;471247;722334;5834909C;5858224;471284;722363;5858224C;Orange Polska S.A.;światłowodowe;-;Tak;Nie;-;-;-;podziemny;0.1;Nie
6127905;471152;722260;6127905C;5832324;471186;722240;5832324C;Światłowód Inwestycje Sp. z o. o.;światłowodowe;-;Tak;Nie;-;-;-;podziemny;0.1;Nie
6556669;470951;722322;6556669C;6290292;470998;722337;6290292C;Orange Polska S.A.;światłowodowe;-;Tak;Nie;-;-;-;podziemny;0.1;Nie
5834909;471247;722334;5834909C;6295839;471326;722361;6295839C;Orange Polska S.A.;światłowodowe;-;Tak;Nie;-;-;-;podziemny;0.1;Nie
5763760;470914;722411;5763760C;6299410;470900;722418;6299410C;Orange Polska S.A.;światłowodowe;-;Tak;Nie;-;-;-;podziemny;0.1;Nie
5774018;470892;722354;5774018C;6600674;470858;722379;6600674C;Światłowód Inwestycje Sp. z o. o.;światłowodowe;-;Tak;Nie;-;-;-;podziemny w kanalizacji;0.1;Nie
5763760;470914;722411;5763760C;6446722;470865;722448;6446722C;Orange Polska S.A.;światłowodowe;-;Tak;Nie;-;-;-;podziemny;0.1;Nie
5803361;470993;722412;5803361C;6030352;471046;722471;6030352C;Światłowód Inwestycje Sp. z o. o.;światłowodowe;-;Tak;Nie;-;-;-;podziemny;0.2;Nie
5803361;470993;722412;5803361C;5971159;471028;722502;5971159C;Światłowód Inwestycje Sp. z o. o.;światłowodowe;-;Tak;Nie;-;-;-;podziemny;0.2;Nie
6669106;472923;721415;6669106N;6838937;470819;722547;6838937N;Orange Polska S.A.;światłowodowe;-;Tak;Nie;-;-;-;podziemny w kanalizacji;3.6;Nie
6309171;471154;722112;6309171C;6133593;471229;722028;6133593C;Światłowód Inwestycje Sp. z o. o.;światłowodowe;-;Tak;Nie;-;-;-;podziemny w kanalizacji;0.2;Nie
6309171;471154;722112;6309171C;5799340;471050;722103;5799340C;Światłowód Inwestycje Sp. z o. o.;światłowodowe;-;Tak;Nie;-;-;-;podziemny;0.2;Nie
5970752;471483;722114;5970752C;6013589;471504;722145;6013589C;Światłowód Inwestycje Sp. z o. o.;światłowodowe;-;Tak;Nie;-;-;-;podziemny;0.1;Nie
5747634;471346;722196;5747634C;6292456;471453;722408;6292456C;Orange Polska S.A.;światłowodowe;-;Tak;Nie;-;-;-;podziemny w kanalizacji;0.2;Nie
6127905;471152;722260;6127905C;6000601;471203;722212;6000601C;Światłowód Inwestycje Sp. z o. o.;światłowodowe;-;Tak;Nie;-;-;-;podziemny;0.1;Nie
6222931;471247;722334;6222931C;6303306;471193;722341;6303306C;Światłowód Inwestycje Sp. z o. o.;światłowodowe;-;Tak;Nie;-;-;-;podziemny;0.2;Nie
5774018;470892;722354;5774018C;5833547;470801;722456;5833547C;Światłowód Inwestycje Sp. z o. o.;światłowodowe;-;Tak;Nie;-;-;-;podziemny w kanalizacji;0.3;Nie
5774018;470892;722354;5774018C;6379240;470811;722485;6379240C;Światłowód Inwestycje Sp. z o. o.;światłowodowe;-;Tak;Nie;-;-;-;podziemny w kanalizacji;0.2;Nie
5945918;470993;722412;5945918C;6576805;470972;722462;6576805C;Orange Polska S.A.;światłowodowe;-;Tak;Nie;-;-;-;podziemny;0.1;Nie
5684292;471980;721720;5684292C;5968018;471951;721739;5968018C;Orange Polska S.A.;światłowodowe;-;Tak;Nie;-;-;-;podziemny w rurociągu;0.1;Nie
5689912;472251;721897;5689912C;5689910;472247;721864;5689910C;Orange Polska S.A.;światłowodowe;-;Tak;Nie;-;-;-;podziemny w kanalizacji;0.1;Nie
5872463;472366;721668;5872463C;6403290;472844;721660;6403290C;Orange Polska S.A.;światłowodowe;-;Tak;Nie;-;-;-;podziemny w kanalizacji;0.4;Nie
5872463;472366;721668;5872463C;6262879;472471;721730;6262879C;Orange Polska S.A.;światłowodowe;-;Tak;Nie;-;-;-;podziemny w kanalizacji;0.3;Nie
6564932;472494;721839;6564932C;5994792;472439;721813;5994792C;Orange Polska S.A.;światłowodowe;-;Tak;Nie;-;-;-;podziemny w kanalizacji;0.1;Nie
6153490;472597;721967;6153490C;5922485;472681;722005;5922485C;Orange Polska S.A.;światłowodowe;-;Tak;Nie;-;-;-;podziemny w kanalizacji;0.2;Nie
6019414;472700;721859;6019414C;5750280;472643;721808;5750280C;Orange Polska S.A.;światłowodowe;-;Tak;Nie;-;-;-;podziemny w kanalizacji;0.1;Nie
6403290;472844;721660;6403290C;6254627;472824;721766;6254627C;Orange Polska S.A.;światłowodowe;-;Tak;Nie;-;-;-;podziemny w rurociągu;0.1;Nie
6020471;472874;721823;6020471C;6533049;472917;721658;6533049C;Orange Polska S.A.;światłowodowe;-;Tak;Nie;-;-;-;podziemny w kanalizacji;0.3;Nie
5836934;473098;721737;5836934C;5976500;473040;721794;5976500C;Orange Polska S.A.;światłowodowe;-;Tak;Nie;-;-;-;podziemny w kanalizacji;0.2;Nie
5907276;472838;721353;5907276C;6222400;472761;721456;6222400C;Orange Polska S.A.;światłowodowe;-;Tak;Nie;-;-;-;podziemny w kanalizacji;0.2;Nie
6564543;472662;721517;6564543C;6271143;472580;721516;6271143C;Orange Polska S.A.;światłowodowe;-;Tak;Nie;-;-;-;podziemny w kanalizacji;0.2;Nie
5943097;472401;721547;5943097C;5749678;472296;721537;5749678C;Orange Polska S.A.;światłowodowe;-;Tak;Nie;-;-;-;podziemny w kanalizacji;0.2;Nie
5943097;472401;721547;5943097C;6558073;472364;721586;6558073C;Orange Polska S.A.;światłowodowe;-;Tak;Nie;-;-;-;podziemny w kanalizacji;0.1;Nie
5811509;473062;721459;5811509C;6460716;473038;721473;6460716C;Orange Polska S.A.;światłowodowe;-;Tak;Nie;-;-;-;podziemny w kanalizacji;0.1;Nie
6507401;472090;721077;6507401C;6507400;472061;721123;6507400C;LOGITUS Sp. z o.o.;światłowodowe;-;Nie;Nie;-;-;-;podziemny w kanalizacji;0.1;Nie
6536355;472057;721498;6536355C;5948688;472072;721441;5948688C;Orange Polska S.A.;światłowodowe;-;Tak;Nie;-;-;-;podziemny w kanalizacji;0.2;Nie
6536355;472057;721498;6536355C;5854495;472066;721540;5854495C;Orange Polska S.A.;światłowodowe;-;Tak;Nie;-;-;-;podziemny;0.1;Nie
5943097;472401;721547;5943097C;5700490;472262;721562;5700490C;Orange Polska S.A.;światłowodowe;-;Tak;Nie;-;-;-;podziemny w kanalizacji;0.3;Nie
5844876;471383;721183;5844876C;6370921;471406;721185;6370921C;Światłowód Inwestycje Sp. z o. o.;światłowodowe;-;Tak;Nie;-;-;-;podziemny;0.1;Nie
5844876;471383;721183;5844876C;6012322;471438;721295;6012322C;Światłowód Inwestycje Sp. z o. o.;światłowodowe;-;Tak;Nie;-;-;-;podziemny;0.2;Nie
5844876;471383;721183;5844876C;6322545;471433;721323;6322545C;Światłowód Inwestycje Sp. z o. o.;światłowodowe;-;Tak;Nie;-;-;-;podziemny;0.2;Nie
5844876;471383;721183;5844876C;6122252;471402;721277;6122252C;Światłowód Inwestycje Sp. z o. o.;światłowodowe;-;Tak;Nie;-;-;-;podziemny;0.2;Nie
5844876;471383;721183;5844876C;6399000;471416;721299;6399000C;Światłowód Inwestycje Sp. z o. o.;światłowodowe;-;Tak;Nie;-;-;-;podziemny;0.2;Nie
6144913;471464;721252;6144913C;5981304;471461;721309;5981304C;Światłowód Inwestycje Sp. z o. o.;światłowodowe;-;Tak;Nie;-;-;-;podziemny;0.1;Nie
6298594;471479;720878;6298594C;6321899;471448;720968;6321899C;Światłowód Inwestycje Sp. z o. o.;światłowodowe;-;Tak;Nie;-;-;-;podziemny w kanalizacji;0.2;Nie
6298594;471479;720878;6298594C;6127507;471449;721045;6127507C;Światłowód Inwestycje Sp. z o. o.;światłowodowe;-;Tak;Nie;-;-;-;podziemny w kanalizacji;0.2;Nie
6298594;471479;720878;6298594C;6366015;471451;720953;6366015C;Światłowód Inwestycje Sp. z o. o.;światłowodowe;-;Tak;Nie;-;-;-;podziemny w kanalizacji;0.2;Nie
6298594;471479;720878;6298594C;5794900;471453;721032;5794900C;Światłowód Inwestycje Sp. z o. o.;światłowodowe;-;Tak;Nie;-;-;-;podziemny w kanalizacji;0.2;Nie
6298594;471479;720878;6298594C;6033837;471453;720940;6033837C;Światłowód Inwestycje Sp. z o. o.;światłowodowe;-;Tak;Nie;-;-;-;podziemny w kanalizacji;0.2;Nie
6298594;471479;720878;6298594C;5838639;471460;721030;5838639C;Światłowód Inwestycje Sp. z o. o.;światłowodowe;-;Tak;Nie;-;-;-;podziemny w kanalizacji;0.2;Nie
6298594;471479;720878;6298594C;5831064;471472;720993;5831064C;Światłowód Inwestycje Sp. z o. o.;światłowodowe;-;Tak;Nie;-;-;-;podziemny w kanalizacji;0.2;Nie
6298594;471479;720878;6298594C;6124082;471484;720958;6124082C;Światłowód Inwestycje Sp. z o. o.;światłowodowe;-;Tak;Nie;-;-;-;podziemny w kanalizacji;0.2;Nie
6298594;471479;720878;6298594C;6290709;471480;720975;6290709C;Światłowód Inwestycje Sp. z o. o.;światłowodowe;-;Tak;Nie;-;-;-;podziemny w kanalizacji;0.2;Nie
6298594;471479;720878;6298594C;5808955;471463;721021;5808955C;Światłowód Inwestycje Sp. z o. o.;światłowodowe;-;Tak;Nie;-;-;-;podziemny w kanalizacji;0.2;Nie
6298594;471479;720878;6298594C;6392631;471467;721013;6392631C;Światłowód Inwestycje Sp. z o. o.;światłowodowe;-;Tak;Nie;-;-;-;podziemny w kanalizacji;0.2;Nie
6298594;471479;720878;6298594C;5996868;471471;720906;5996868C;Światłowód Inwestycje Sp. z o. o.;światłowodowe;-;Tak;Nie;-;-;-;podziemny;0.1;Nie
5844876;471383;721183;5844876C;6393735;471379;721283;6393735C;Światłowód Inwestycje Sp. z o. o.;światłowodowe;-;Tak;Nie;-;-;-;podziemny;0.2;Nie
5844876;471383;721183;5844876C;6147090;471383;721306;6147090C;Światłowód Inwestycje Sp. z o. o.;światłowodowe;-;Tak;Nie;-;-;-;podziemny;0.2;Nie
5844876;471383;721183;5844876C;6003028;471396;721233;6003028C;Światłowód Inwestycje Sp. z o. o.;światłowodowe;-;Tak;Nie;-;-;-;podziemny;0.1;Nie
5844876;471383;721183;5844876C;6377765;471392;721262;6377765C;Światłowód Inwestycje Sp. z o. o.;światłowodowe;-;Tak;Nie;-;-;-;podziemny;0.1;Nie
5844876;471383;721183;5844876C;6005283;471373;721228;6005283C;Światłowód Inwestycje Sp. z o. o.;światłowodowe;-;Tak;Nie;-;-;-;podziemny;0.1;Nie
5844876;471383;721183;5844876C;6019266;471374;721251;6019266C;Światłowód Inwestycje Sp. z o. o.;światłowodowe;-;Tak;Nie;-;-;-;podziemny;0.1;Nie
5844876;471383;721183;5844876C;6333461;471376;721267;6333461C;Światłowód Inwestycje Sp. z o. o.;światłowodowe;-;Tak;Nie;-;-;-;podziemny;0.2;Nie
5844876;471383;721183;5844876C;6117079;471407;721173;6117079C;Światłowód Inwestycje Sp. z o. o.;światłowodowe;-;Tak;Nie;-;-;-;podziemny;0.1;Nie
6144913;471464;721252;6144913C;6002832;471444;721217;6002832C;Światłowód Inwestycje Sp. z o. o.;światłowodowe;-;Tak;Nie;-;-;-;podziemny;0.2;Nie
6144913;471464;721252;6144913C;5800854;471445;721169;5800854C;Światłowód Inwestycje Sp. z o. o.;światłowodowe;-;Tak;Nie;-;-;-;podziemny;0.2;Nie
6144913;471464;721252;6144913C;5990351;471449;721199;5990351C;Światłowód Inwestycje Sp. z o. o.;światłowodowe;-;Tak;Nie;-;-;-;podziemny;0.2;Nie
6144913;471464;721252;6144913C;6307234;471480;721180;6307234C;Światłowód Inwestycje Sp. z o. o.;światłowodowe;-;Tak;Nie;-;-;-;podziemny;0.1;Nie
6144913;471464;721252;6144913C;6383343;471529;721184;6383343C;Światłowód Inwestycje Sp. z o. o.;światłowodowe;-;Tak;Nie;-;-;-;podziemny;0.2;Nie
6144913;471464;721252;6144913C;6398859;471529;721184;6398859C;Światłowód Inwestycje Sp. z o. o.;światłowodowe;-;Tak;Nie;-;-;-;podziemny;0.2;Nie
6298594;471479;720878;6298594C;5809294;471412;721049;5809294C;Światłowód Inwestycje Sp. z o. o.;światłowodowe;-;Tak;Nie;-;-;-;podziemny w kanalizacji;0.3;Nie
6298594;471479;720878;6298594C;5843136;471427;721038;5843136C;Światłowód Inwestycje Sp. z o. o.;światłowodowe;-;Tak;Nie;-;-;-;podziemny w kanalizacji;0.2;Nie
6298594;471479;720878;6298594C;6003717;471438;721009;6003717C;Światłowód Inwestycje Sp. z o. o.;światłowodowe;-;Tak;Nie;-;-;-;podziemny w kanalizacji;0.2;Nie
6298594;471479;720878;6298594C;6117074;471442;720995;6117074C;Światłowód Inwestycje Sp. z o. o.;światłowodowe;-;Tak;Nie;-;-;-;podziemny w kanalizacji;0.2;Nie
6298594;471479;720878;6298594C;5779142;471443;721054;5779142C;Światłowód Inwestycje Sp. z o. o.;światłowodowe;-;Tak;Nie;-;-;-;podziemny w kanalizacji;0.3;Nie
6298594;471479;720878;6298594C;6126519;471443;720985;6126519C;Światłowód Inwestycje Sp. z o. o.;światłowodowe;-;Tak;Nie;-;-;-;podziemny w kanalizacji;0.2;Nie
6295062;471570;720842;6295062C;5804378;471541;720846;5804378C;Światłowód Inwestycje Sp. z o. o.;światłowodowe;-;Tak;Nie;-;-;-;podziemny w kanalizacji;0.1;Nie
5804378;471541;720846;5804378C;6304241;471741;720841;6304241C;Światłowód Inwestycje Sp. z o. o.;światłowodowe;-;Tak;Nie;-;-;-;podziemny;0.3;Nie
5804378;471541;720846;5804378C;6386501;471778;720841;6386501C;Światłowód Inwestycje Sp. z o. o.;światłowodowe;-;Tak;Nie;-;-;-;podziemny;0.3;Nie
5804378;471541;720846;5804378C;5980687;471700;720843;5980687C;Światłowód Inwestycje Sp. z o. o.;światłowodowe;-;Tak;Nie;-;-;-;podziemny;0.2;Nie
5804378;471541;720846;5804378C;5846177;471666;720838;5846177C;Światłowód Inwestycje Sp. z o. o.;światłowodowe;-;Tak;Nie;-;-;-;podziemny;0.2;Nie
5804378;471541;720846;5804378C;6122199;471762;720840;6122199C;Światłowód Inwestycje Sp. z o. o.;światłowodowe;-;Tak;Nie;-;-;-;podziemny;0.3;Nie
5857459;471723;720756;5857459C;5685469;471687;720770;5685469C;Orange Polska S.A.;światłowodowe;-;Tak;Nie;-;-;-;podziemny w kanalizacji;0.2;Nie
6563274;471839;720821;6563274C;6584511;471691;720680;6584511C;Orange Polska S.A.;światłowodowe;-;Tak;Nie;-;-;-;podziemny w kanalizacji;0.3;Nie
6298594;471479;720878;6298594C;6112225;471487;720951;6112225C;Światłowód Inwestycje Sp. z o. o.;światłowodowe;-;Tak;Nie;-;-;-;podziemny w kanalizacji;0.2;Nie
5804378;471541;720846;5804378C;5994011;471501;720883;5994011C;Światłowód Inwestycje Sp. z o. o.;światłowodowe;-;Tak;Nie;-;-;-;podziemny w kanalizacji;0.2;Nie
5804378;471541;720846;5804378C;5778528;471641;720856;5778528C;Światłowód Inwestycje Sp. z o. o.;światłowodowe;-;Tak;Nie;-;-;-;podziemny;0.2;Nie
5804378;471541;720846;5804378C;5790507;471671;720859;5790507C;Światłowód Inwestycje Sp. z o. o.;światłowodowe;-;Tak;Nie;-;-;-;podziemny;0.2;Nie
5804378;471541;720846;5804378C;6013598;471500;720919;6013598C;Światłowód Inwestycje Sp. z o. o.;światłowodowe;-;Tak;Nie;-;-;-;podziemny w kanalizacji;0.2;Nie
5804378;471541;720846;5804378C;5987782;471500;720919;5987782C;Światłowód Inwestycje Sp. z o. o.;światłowodowe;-;Tak;Nie;-;-;-;podziemny w kanalizacji;0.2;Nie
6298594;471479;720878;6298594C;5977971;471434;721025;5977971C;Światłowód Inwestycje Sp. z o. o.;światłowodowe;-;Tak;Nie;-;-;-;podziemny w kanalizacji;0.3;Nie
6298594;471479;720878;6298594C;5806852;471482;720964;5806852C;Światłowód Inwestycje Sp. z o. o.;światłowodowe;-;Tak;Nie;-;-;-;podziemny w kanalizacji;0.2;Nie
6298594;471479;720878;6298594C;5810463;471499;720930;5810463C;Światłowód Inwestycje Sp. z o. o.;światłowodowe;-;Tak;Nie;-;-;-;podziemny w kanalizacji;0.1;Nie
6645657;471276;720898;6645657N;6647074;471859;720810;6647074N;UPC POLSKA sp. z o.o.;światłowodowe;-;Tak;Nie;-;-;-;podziemny w kanalizacji;0.6;Nie
5785726;471379;720834;5785726C;6293639;471453;721032;6293639C;Światłowód Inwestycje Sp. z o. o.;światłowodowe;-;Tak;Nie;-;-;-;podziemny w kanalizacji;0.5;Nie
6295062;471570;720842;6295062C;6298594;471479;720878;6298594C;Światłowód Inwestycje Sp. z o. o.;światłowodowe;-;Tak;Nie;-;-;-;podziemny w kanalizacji;0.1;Nie
6298594;471479;720878;6298594C;6121835;471490;720843;6121835C;Światłowód Inwestycje Sp. z o. o.;światłowodowe;-;Tak;Nie;-;-;-;podziemny;0.1;Nie
6298594;471479;720878;6298594C;6007999;471490;720850;6007999C;Światłowód Inwestycje Sp. z o. o.;światłowodowe;-;Tak;Nie;-;-;-;podziemny;0.1;Nie
5804378;471541;720846;5804378C;6131766;471494;720901;6131766C;Światłowód Inwestycje Sp. z o. o.;światłowodowe;-;Tak;Nie;-;-;-;podziemny w kanalizacji;0.2;Nie
6765344;470769;720732;6765344N;5668784;470803;720800;5668784C;UPC POLSKA sp. z o.o.;światłowodowe;-;Tak;Nie;-;-;-;podziemny w kanalizacji;0.2;Nie
6632437;470862;720821;6632437N;5668784;470803;720800;5668784C;UPC POLSKA sp. z o.o.;światłowodowe;-;Tak;Nie;-;-;-;podziemny w kanalizacji;0.1;Nie
5663576;471253;720952;5663576C;6645657;471276;720898;6645657N;UPC POLSKA sp. z o.o.;światłowodowe;-;Tak;Nie;-;-;-;podziemny w kanalizacji;0.1;Nie
6645657;471276;720898;6645657N;6766256;471356;720761;6766256N;UPC POLSKA sp. z o.o.;światłowodowe;-;Nie;Nie;-;-;-;podziemny w kanalizacji;0.3;Nie
6526761;471281;720773;6526761C;5746694;471281;720718;5746694C;Orange Polska S.A.;światłowodowe;-;Tak;Nie;-;-;-;podziemny w kanalizacji;0.2;Nie
6526761;471281;720773;6526761C;5766597;471306;720800;5766597C;Orange Polska S.A.;światłowodowe;-;Tak;Nie;-;-;-;podziemny w kanalizacji;0.2;Nie
6545915;471379;720834;6545915C;5923635;471364;720794;5923635C;Orange Polska S.A.;światłowodowe;-;Tak;Nie;-;-;-;podziemny w kanalizacji;0.1;Nie
6563274;471839;720821;6563274C;6545915;471379;720834;6545915C;Orange Polska S.A.;światłowodowe;-;Tak;Nie;-;-;-;podziemny w kanalizacji;0.5;Nie
6838936;471839;720821;6838936N;6301559;471166;720837;6301559C;Orange Polska S.A.;światłowodowe;-;Tak;Nie;-;-;-;podziemny;0.9;Nie
5804378;471541;720846;5804378C;6610088;471390;720766;6610088C;Światłowód Inwestycje Sp. z o. o.;światłowodowe;-;Tak;Nie;-;-;-;podziemny w kanalizacji;0.3;Nie
5804378;471541;720846;5804378C;5781066;471396;720735;5781066C;Światłowód Inwestycje Sp. z o. o.;światłowodowe;-;Tak;Nie;-;-;-;podziemny w kanalizacji;0.3;Nie
5804378;471541;720846;5804378C;5987790;471423;720792;5987790C;Światłowód Inwestycje Sp. z o. o.;światłowodowe;-;Tak;Nie;-;-;-;podziemny w kanalizacji;0.3;Nie
5804378;471541;720846;5804378C;5798606;471432;720793;5798606C;Światłowód Inwestycje Sp. z o. o.;światłowodowe;-;Tak;Nie;-;-;-;podziemny w kanalizacji;0.2;Nie
5804378;471541;720846;5804378C;5802134;471438;720768;5802134C;Światłowód Inwestycje Sp. z o. o.;światłowodowe;-;Tak;Nie;-;-;-;podziemny w kanalizacji;0.3;Nie
5804378;471541;720846;5804378C;6025821;471447;720742;6025821C;Światłowód Inwestycje Sp. z o. o.;światłowodowe;-;Tak;Nie;-;-;-;podziemny w kanalizacji;0.3;Nie
5804378;471541;720846;5804378C;6371368;471389;720794;6371368C;Światłowód Inwestycje Sp. z o. o.;światłowodowe;-;Tak;Nie;-;-;-;podziemny w kanalizacji;0.3;Nie
5804378;471541;720846;5804378C;5847149;471494;720781;5847149C;Światłowód Inwestycje Sp. z o. o.;światłowodowe;-;Tak;Nie;-;-;-;podziemny w kanalizacji;0.1;Nie
6746732;472127;720636;6746732N;6746731;472160;720650;6746731N;LOGITUS Sp. z o.o.;światłowodowe;-;Nie;Tak;-;-;-;podziemny w rurociągu;0.3;Nie
6746730;472150;720603;6746730N;6746731;472160;720650;6746731N;LOGITUS Sp. z o.o.;światłowodowe;-;Nie;Tak;-;-;-;podziemny w rurociągu;0.2;Nie
6430264;473099;720825;6430264C;6766449;472857;720702;6766449N;UPC POLSKA sp. z o.o.;światłowodowe;-;Tak;Nie;-;-;-;podziemny w kanalizacji;0.6;Nie
6430264;473099;720825;6430264C;6632964;473169;720817;6632964N;UPC POLSKA sp. z o.o.;światłowodowe;-;Tak;Nie;-;-;-;podziemny w kanalizacji;0.5;Nie
6507195;472763;721787;6507195C;6507192;471926;720819;6507192C;LOGITUS Sp. z o.o.;światłowodowe;-;Nie;Nie;-;-;-;podziemny w kanalizacji;1.7;Nie
6507192;471926;720819;6507192C;6507406;472101;720962;6507406C;LOGITUS Sp. z o.o.;światłowodowe;-;Nie;Nie;-;-;-;podziemny w kanalizacji;0.4;Nie
6536355;472057;721498;6536355C;5692821;472024;721712;5692821C;Orange Polska S.A.;światłowodowe;-;Tak;Nie;-;-;-;podziemny w kanalizacji;0.5;Nie
5920432;472214;721041;5920432C;6536355;472057;721498;6536355C;Orange Polska S.A.;światłowodowe;-;Tak;Nie;-;-;-;podziemny w kanalizacji;0.7;Nie
6647073;473038;721473;6647073N;6766451;472545;721365;6766451N;UPC POLSKA sp. z o.o.;światłowodowe;-;Tak;Nie;-;-;-;podziemny w kanalizacji;0.7;Nie
6402441;472766;720863;6402441C;5854688;472792;720881;5854688C;Orange Polska S.A.;światłowodowe;-;Tak;Nie;-;-;-;podziemny w kanalizacji;0.1;Nie
5920432;472214;721041;5920432C;5679101;472162;721353;5679101C;Orange Polska S.A.;światłowodowe;-;Tak;Nie;-;-;-;podziemny w kanalizacji;0.5;Nie
6225739;472804;721175;6225739C;5697815;472770;721132;5697815C;Orange Polska S.A.;światłowodowe;-;Tak;Nie;-;-;-;podziemny w kanalizacji;0.2;Nie
5941476;472335;721207;5941476C;5727069;472468;721247;5727069C;Orange Polska S.A.;światłowodowe;-;Tak;Nie;-;-;-;podziemny w kanalizacji;0.2;Nie
6555945;472468;721247;6555945C;5755488;472396;721330;5755488C;Orange Polska S.A.;światłowodowe;-;Tak;Nie;-;-;-;podziemny w kanalizacji;0.2;Nie
6017530;472609;721172;6017530C;6599086;472609;721260;6599086C;Orange Polska S.A.;światłowodowe;-;Tak;Nie;-;-;-;podziemny w kanalizacji;0.2;Nie
6125610;472101;720962;6125610C;5807702;472093;720998;5807702C;Światłowód Inwestycje Sp. z o. o.;światłowodowe;-;Tak;Nie;-;-;-;podziemny w kanalizacji;0.1;Nie
6507406;472101;720962;6507406C;6507403;472093;720998;6507403C;LOGITUS Sp. z o.o.;światłowodowe;-;Nie;Nie;-;-;-;podziemny w kanalizacji;0.1;Nie
6507403;472093;720998;6507403C;6507402;472098;721028;6507402C;LOGITUS Sp. z o.o.;światłowodowe;-;Nie;Nie;-;-;-;podziemny w kanalizacji;0.1;Nie
6123723;472328;720987;6123723C;6331534;472280;720989;6331534C;Światłowód Inwestycje Sp. z o. o.;światłowodowe;-;Tak;Nie;-;-;-;podziemny w kanalizacji;0.1;Nie
6328225;472280;720989;6328225C;6123723;472328;720987;6123723C;Światłowód Inwestycje Sp. z o. o.;światłowodowe;-;Tak;Nie;-;-;-;podziemny w kanalizacji;0.1;Nie
6125610;472101;720962;6125610C;6367893;472090;721077;6367893C;Światłowód Inwestycje Sp. z o. o.;światłowodowe;-;Tak;Nie;-;-;-;podziemny w kanalizacji;0.2;Nie
6507402;472098;721028;6507402C;6507401;472090;721077;6507401C;LOGITUS Sp. z o.o.;światłowodowe;-;Nie;Nie;-;-;-;podziemny w kanalizacji;0.1;Nie
5977981;472214;721041;5977981C;6125610;472101;720962;6125610C;Światłowód Inwestycje Sp. z o. o.;światłowodowe;-;Tak;Nie;-;-;-;podziemny w kanalizacji;0.2;Nie
6430272;472132;721055;6430272C;6632545;472103;721004;6632545N;UPC POLSKA sp. z o.o.;światłowodowe;-;Tak;Nie;-;-;-;podziemny w kanalizacji;0.1;Nie
5941476;472335;721207;5941476C;6416703;472213;721378;6416703C;Orange Polska S.A.;światłowodowe;-;Tak;Nie;-;-;-;podziemny w kanalizacji;0.5;Nie
6563274;471839;720821;6563274C;5905055;471794;721030;5905055C;Orange Polska S.A.;światłowodowe;-;Tak;Nie;-;-;-;podziemny w kanalizacji;0.4;Nie
6669106;472923;721415;6669106N;6563274;471839;720821;6563274C;Orange Polska S.A.;światłowodowe;-;Tak;Nie;-;-;-;podziemny w kanalizacji;1.8;Nie
5919861;471899;720876;5919861C;6223301;471874;720939;6223301C;Orange Polska S.A.;światłowodowe;-;Tak;Nie;-;-;-;podziemny w kanalizacji;0.1;Nie
5919861;471899;720876;5919861C;6472286;471910;720935;6472286C;Orange Polska S.A.;światłowodowe;-;Tak;Nie;-;-;-;podziemny w kanalizacji;0.1;Nie
6430272;472132;721055;6430272C;6632544;472104;721048;6632544N;UPC POLSKA sp. z o.o.;światłowodowe;-;Tak;Nie;-;-;-;podziemny w kanalizacji;0.1;Nie
6647083;472838;721353;6647083N;6766451;472545;721365;6766451N;UPC POLSKA sp. z o.o.;światłowodowe;-;Nie;Nie;-;-;-;podziemny w kanalizacji;0.1;Nie
5685378;472510;721052;5685378C;5864598;472579;720973;5864598C;Orange Polska S.A.;światłowodowe;-;Tak;Nie;-;-;-;podziemny w kanalizacji;0.2;Nie
6123723;472328;720987;6123723C;6310686;472345;720969;6310686C;Światłowód Inwestycje Sp. z o. o.;światłowodowe;-;Tak;Nie;-;-;-;podziemny w kanalizacji;0.1;Nie
6634219;472185;720939;6634219N;6430272;472132;721055;6430272C;UPC POLSKA sp. z o.o.;światłowodowe;-;Tak;Nie;-;-;-;podziemny w kanalizacji;0.2;Nie
5669469;471984;720769;5669469C;6634294;472054;720745;6634294N;UPC POLSKA sp. z o.o.;światłowodowe;-;Tak;Nie;-;-;-;podziemny w kanalizacji;0.1;Nie
6235672;471926;720819;6235672C;5653539;471984;720769;5653539C;Orange Polska S.A.;światłowodowe;-;Tak;Nie;-;-;-;podziemny w kanalizacji;0.2;Nie
6235672;471926;720819;6235672C;5919861;471899;720876;5919861C;Orange Polska S.A.;światłowodowe;-;Tak;Nie;-;-;-;podziemny;0.2;Nie
5919861;471899;720876;5919861C;5962318;471923;720912;5962318C;Orange Polska S.A.;światłowodowe;-;Tak;Nie;-;-;-;podziemny w kanalizacji;0.1;Nie
5669472;471968;720862;5669472C;5669469;471984;720769;5669469C;UPC POLSKA sp. z o.o.;światłowodowe;-;Tak;Nie;-;-;-;podziemny w kanalizacji;0.1;Nie
6235672;471926;720819;6235672C;6541960;471984;720769;6541960C;Orange Polska S.A.;światłowodowe;-;Tak;Nie;-;-;-;podziemny w kanalizacji;0.2;Nie
6838936;471839;720821;6838936N;7080336;471845;720810;7080336N;Orange Polska S.A.;światłowodowe;-;Tak;Nie;-;-;-;podziemny w kanalizacji;0.1;Nie
5671908;471882;720652;5671908C;6632754;471853;720639;6632754N;UPC POLSKA sp. z o.o.;światłowodowe;-;Tak;Nie;-;-;-;podziemny w kanalizacji;0.1;Nie
5671908;471882;720652;5671908C;6632753;471924;720632;6632753N;UPC POLSKA sp. z o.o.;światłowodowe;-;Tak;Nie;-;-;-;podziemny w kanalizacji;0.1;Nie
6235672;471926;720819;6235672C;5933621;472091;720632;5933621C;Orange Polska S.A.;światłowodowe;-;Tak;Nie;-;-;-;podziemny w kanalizacji;0.4;Nie
6507192;471926;720819;6507192C;6746731;472160;720650;6746731N;LOGITUS Sp. z o.o.;światłowodowe;-;Nie;Nie;-;-;-;podziemny w rurociągu;0.8;Nie
6541960;471984;720769;6541960C;5828847;472127;720636;5828847C;Orange Polska S.A.;światłowodowe;-;Tak;Nie;-;-;-;podziemny w kanalizacji;0.4;Nie
6541960;471984;720769;6541960C;6275793;471985;720658;6275793C;Orange Polska S.A.;światłowodowe;-;Tak;Nie;-;-;-;podziemny w kanalizacji;0.2;Nie
5814690;472361;730535;5814690C;5697065;472399;730410;5697065C;Orange Polska S.A.;światłowodowe;-;Tak;Nie;-;-;-;podziemny w kanalizacji;0.3;Nie
6421437;472175;730429;6421437C;6633467;472373;730617;6633467N;UPC POLSKA sp. z o.o.;światłowodowe;-;Tak;Nie;-;-;-;podziemny w kanalizacji;0.1;Nie
6173202;472224;730492;6173202C;5941352;472237;730446;5941352C;Orange Polska S.A.;światłowodowe;-;Tak;Nie;-;-;-;podziemny w kanalizacji;0.5;Nie
6633467;472373;730617;6633467N;6438141;472452;730465;6438141C;UPC POLSKA sp. z o.o.;światłowodowe;-;Tak;Nie;-;-;-;podziemny w kanalizacji;0.1;Nie
6467860;472282;730378;6467860C;5824005;472298;730359;5824005C;Orange Polska S.A.;światłowodowe;-;Tak;Nie;-;-;-;podziemny w kanalizacji;0.1;Nie
6173202;472224;730492;6173202C;6467860;472282;730378;6467860C;Orange Polska S.A.;światłowodowe;-;Tak;Nie;-;-;-;podziemny w kanalizacji;0.2;Nie
6173202;472224;730492;6173202C;6439931;472342;730422;6439931C;Orange Polska S.A.;światłowodowe;-;Tak;Nie;-;-;-;podziemny w kanalizacji;0.3;Nie
5941352;472237;730446;5941352C;5822506;472259;730425;5822506C;Orange Polska S.A.;światłowodowe;-;Tak;Nie;-;-;-;podziemny w kanalizacji;0.1;Nie
5940247;472325;730750;5940247C;5707080;472455;730531;5707080C;Orange Polska S.A.;światłowodowe;-;Tak;Nie;-;-;-;podziemny w kanalizacji;0.4;Nie
6633467;472373;730617;6633467N;6633922;472415;730605;6633922N;UPC POLSKA sp. z o.o.;światłowodowe;-;Tak;Nie;-;-;-;podziemny w kanalizacji;0.5;Nie
6633467;472373;730617;6633467N;6633463;472293;730607;6633463N;UPC POLSKA sp. z o.o.;światłowodowe;-;Tak;Nie;-;-;-;podziemny w kanalizacji;0.1;Nie
6444645;472569;730677;6444645C;6438146;472528;730680;6438146C;UPC POLSKA sp. z o.o.;światłowodowe;-;Tak;Nie;-;-;-;podziemny w kanalizacji;0.1;Nie
5940247;472325;730750;5940247C;6259976;472461;730739;6259976C;Orange Polska S.A.;światłowodowe;-;Tak;Nie;-;-;-;podziemny w kanalizacji;0.3;Nie
6444645;472569;730677;6444645C;6765906;472557;730702;6765906N;UPC POLSKA sp. z o.o.;światłowodowe;-;Tak;Nie;-;-;-;podziemny w kanalizacji;0.1;Nie
6200095;472373;730617;6200095C;7039611;472439;730545;7039611N;NETIA S.A.;światłowodowe;-;Nie;Nie;-;-;-;podziemny;0.1;Nie
5824005;472298;730359;5824005C;5714818;472311;730368;5714818C;Orange Polska S.A.;światłowodowe;-;Tak;Nie;-;-;-;podziemny w rurociągu;0.1;Nie
5940247;472325;730750;5940247C;5699544;472314;730627;5699544C;Orange Polska S.A.;światłowodowe;-;Tak;Nie;-;-;-;podziemny w kanalizacji;0.3;Nie
5940247;472325;730750;5940247C;5933342;472294;730689;5933342C;Orange Polska S.A.;światłowodowe;-;Tak;Nie;-;-;-;podziemny w kanalizacji;0.2;Nie
5940247;472325;730750;5940247C;6027906;472187;730723;6027906C;Orange Polska S.A.;światłowodowe;-;Tak;Nie;-;-;-;podziemny w kanalizacji;0.2;Nie
5699544;472314;730627;5699544C;6468170;472293;730607;6468170C;Orange Polska S.A.;światłowodowe;-;Tak;Nie;-;-;-;podziemny w kanalizacji;0.1;Nie
5822506;472259;730425;5822506C;6262463;472249;730436;6262463C;Orange Polska S.A.;światłowodowe;-;Tak;Nie;-;-;-;podziemny w rurociągu;0.1;Nie
6173202;472224;730492;6173202C;6297783;472469;730304;6297783C;Orange Polska S.A.;światłowodowe;-;Tak;Nie;-;-;-;podziemny w kanalizacji;0.5;Nie
6550693;472516;730339;6550693C;6236743;472483;730313;6236743C;Orange Polska S.A.;światłowodowe;-;Tak;Nie;-;-;-;podziemny w kanalizacji;0.1;Nie
5814690;472361;730535;5814690C;6550693;472516;730339;6550693C;Orange Polska S.A.;światłowodowe;-;Tak;Nie;-;-;-;podziemny w kanalizacji;0.4;Nie
6173202;472224;730492;6173202C;5840116;472391;730367;5840116C;Orange Polska S.A.;światłowodowe;-;Tak;Nie;-;-;-;podziemny w kanalizacji;0.3;Nie
5689736;472414;730378;5689736C;5940052;472304;730413;5940052C;Orange Polska S.A.;światłowodowe;-;Tak;Nie;-;-;-;podziemny w kanalizacji;0.1;Nie
5975618;472468;730400;5975618C;5930475;472501;730393;5930475C;Orange Polska S.A.;światłowodowe;-;Tak;Nie;-;-;-;podziemny w kanalizacji;0.1;Nie
6610083;472224;730492;6610083C;5812069;472327;730267;5812069C;Światłowód Inwestycje Sp. z o. o.;światłowodowe;-;Tak;Nie;-;-;-;podziemny w kanalizacji;0.4;Nie
6421436;472299;730299;6421436C;6634029;472358;730267;6634029N;UPC POLSKA sp. z o.o.;światłowodowe;-;Tak;Nie;-;-;-;podziemny w kanalizacji;0.1;Nie
6421437;472175;730429;6421437C;6421436;472299;730299;6421436C;UPC POLSKA sp. z o.o.;światłowodowe;-;Tak;Nie;-;-;-;podziemny w kanalizacji;0.2;Nie
6230582;472302;730327;6230582C;7079165;472299;730299;7079165N;Orange Polska S.A.;światłowodowe;-;Tak;Nie;-;-;-;podziemny w rurociągu;0.1;Nie
6173202;472224;730492;6173202C;5820252;472334;730334;5820252C;Orange Polska S.A.;światłowodowe;-;Tak;Nie;-;-;-;podziemny w kanalizacji;0.5;Nie
6173202;472224;730492;6173202C;5665405;472266;730337;5665405C;Orange Polska S.A.;światłowodowe;-;Tak;Nie;-;-;-;podziemny w kanalizacji;0.3;Nie
6173202;472224;730492;6173202C;6563501;472302;730327;6563501C;Orange Polska S.A.;światłowodowe;-;Tak;Nie;-;-;-;podziemny w kanalizacji;0.3;Nie
6223730;472358;730267;6223730C;5919826;472398;730313;5919826C;Orange Polska S.A.;światłowodowe;-;Tak;Nie;-;-;-;podziemny w rurociągu;0.1;Nie
5683237;471445;730720;5683237C;5683106;471419;730716;5683106C;Orange Polska S.A.;światłowodowe;-;Tak;Nie;-;-;-;podziemny w kanalizacji;0.1;Nie
7049527;471403;730794;7049527N;5940247;472325;730750;5940247C;Orange Polska S.A.;światłowodowe;-;Tak;Nie;-;-;-;podziemny w kanalizacji;1.7;Nie
5940247;472325;730750;5940247C;6575786;472291;730773;6575786C;Orange Polska S.A.;światłowodowe;-;Tak;Nie;-;-;-;podziemny w kanalizacji;0.1;Nie
7049527;471403;730794;7049527N;6257753;471433;730778;6257753C;Orange Polska S.A.;światłowodowe;-;Tak;Nie;-;-;-;podziemny w kanalizacji;0.1;Nie
5922648;472007;730742;5922648C;6562347;472058;730724;6562347C;Orange Polska S.A.;światłowodowe;-;Tak;Nie;-;-;-;podziemny w kanalizacji;0.2;Nie
7049527;471403;730794;7049527N;5718961;471548;730515;5718961C;Orange Polska S.A.;światłowodowe;-;Tak;Nie;-;-;-;podziemny w kanalizacji;0.6;Nie
5687178;471532;730626;5687178C;6076397;471548;730515;6076397C;Orange Polska S.A.;światłowodowe;-;Tak;Nie;-;-;-;podziemny w kanalizacji;0.2;Nie
7049527;471403;730794;7049527N;5687178;471532;730626;5687178C;Orange Polska S.A.;światłowodowe;-;Tak;Nie;-;-;-;podziemny w kanalizacji;0.4;Nie
7049527;471403;730794;7049527N;5687178;471532;730626;5687178C;Orange Polska S.A.;światłowodowe;-;Tak;Nie;-;-;-;podziemny w kanalizacji;0.4;Tak
5687178;471532;730626;5687178C;5732647;471559;730720;5732647C;Orange Polska S.A.;światłowodowe;-;Tak;Nie;-;-;-;podziemny w kanalizacji;0.2;Nie
5687178;471532;730626;5687178C;5908904;471548;730515;5908904C;Orange Polska S.A.;światłowodowe;-;Tak;Nie;-;-;-;podziemny w kanalizacji;0.2;Tak
6037694;472448;730066;6037694C;5944932;472468;730043;5944932C;Orange Polska S.A.;światłowodowe;-;Tak;Nie;-;-;-;podziemny w rurociągu;0.1;Nie
5653225;472118;730102;5653225C;6545474;472403;730060;6545474C;Orange Polska S.A.;światłowodowe;-;Tak;Nie;-;-;-;podziemny w kanalizacji;0.5;Nie
6469940;472408;730150;6469940C;6694947;472203;730068;6694947N;MULTIMEDIA  POLSKA  Sp. z o. o.;światłowodowe;-;Nie;Nie;-;-;-;podziemny;1.7;Nie
5925444;472606;730271;5925444C;5925434;472437;730098;5925434C;Orange Polska S.A.;światłowodowe;-;Tak;Nie;-;-;-;podziemny w kanalizacji;0.3;Nie
6217606;471891;730248;6217606C;5925444;472606;730271;5925444C;Orange Polska S.A.;światłowodowe;-;Tak;Nie;-;-;-;podziemny w kanalizacji;1.1;Nie
5677295;472675;730194;5677295C;6574790;472420;730439;6574790C;Orange Polska S.A.;światłowodowe;-;Tak;Nie;-;-;-;podziemny w kanalizacji;0.4;Tak
6217606;471891;730248;6217606C;6230582;472302;730327;6230582C;Orange Polska S.A.;światłowodowe;-;Tak;Nie;-;-;-;podziemny w kanalizacji;0.6;Nie
5812069;472327;730267;5812069C;6024592;472352;730240;6024592C;Światłowód Inwestycje Sp. z o. o.;światłowodowe;-;Tak;Nie;-;-;-;podziemny w kanalizacji;0.1;Nie
5677295;472675;730194;5677295C;5754958;472573;730272;5754958C;Orange Polska S.A.;światłowodowe;-;Tak;Nie;-;-;-;podziemny w kanalizacji;0.2;Nie
6438147;472072;730184;6438147C;6444351;472168;730011;6444351C;UPC POLSKA sp. z o.o.;światłowodowe;-;Tak;Nie;-;-;-;podziemny w kanalizacji;0.1;Nie
5653225;472118;730102;5653225C;6053462;472232;729979;6053462C;Orange Polska S.A.;światłowodowe;-;Tak;Nie;-;-;-;podziemny w kanalizacji;0.3;Nie
6124648;472296;730245;6124648C;5817069;472322;730215;5817069C;Światłowód Inwestycje Sp. z o. o.;światłowodowe;-;Tak;Nie;-;-;-;podziemny w kanalizacji;0.1;Nie
5812069;472327;730267;5812069C;6124648;472296;730245;6124648C;Światłowód Inwestycje Sp. z o. o.;światłowodowe;-;Tak;Nie;-;-;-;podziemny w kanalizacji;0.1;Nie
5692342;471949;730262;5692342C;5741626;471883;730221;5741626C;Orange Polska S.A.;światłowodowe;-;Tak;Nie;-;-;-;podziemny w kanalizacji;0.2;Nie
6217606;471891;730248;6217606C;6597836;472028;730266;6597836C;Orange Polska S.A.;światłowodowe;-;Tak;Nie;-;-;-;podziemny w kanalizacji;0.3;Nie
5653225;472118;730102;5653225C;6037655;471946;730156;6037655C;Orange Polska S.A.;światłowodowe;-;Tak;Nie;-;-;-;podziemny w kanalizacji;0.4;Nie
5692342;471949;730262;5692342C;5933058;471984;730066;5933058C;Orange Polska S.A.;światłowodowe;-;Tak;Nie;-;-;-;podziemny w kanalizacji;0.4;Nie
5692342;471949;730262;5692342C;6155910;472028;730266;6155910C;Orange Polska S.A.;światłowodowe;-;Tak;Nie;-;-;-;podziemny w kanalizacji;0.2;Nie
6633469;472034;730327;6633469N;6444352;471985;730332;6444352C;UPC POLSKA sp. z o.o.;światłowodowe;-;Tak;Nie;-;-;-;podziemny w kanalizacji;0.1;Nie
5692342;471949;730262;5692342C;5653225;472118;730102;5653225C;Orange Polska S.A.;światłowodowe;-;Tak;Nie;-;-;-;podziemny w kanalizacji;0.4;Nie
6574790;472420;730439;6574790C;6046518;472688;730456;6046518C;Orange Polska S.A.;światłowodowe;-;Tak;Nie;-;-;-;podziemny w kanalizacji;0.5;Tak
5814690;472361;730535;5814690C;5906820;472420;730475;5906820C;Orange Polska S.A.;światłowodowe;-;Tak;Nie;-;-;-;podziemny w kanalizacji;0.2;Nie
5814690;472361;730535;5814690C;5840027;472350;730509;5840027C;Orange Polska S.A.;światłowodowe;-;Tak;Nie;-;-;-;podziemny w kanalizacji;0.2;Nie
5814690;472361;730535;5814690C;5670002;472325;730543;5670002C;Orange Polska S.A.;światłowodowe;-;Tak;Nie;-;-;-;podziemny w kanalizacji;0.1;Nie
5692605;471746;730440;5692605C;5692629;471777;730481;5692629C;Orange Polska S.A.;światłowodowe;-;Tak;Nie;-;-;-;podziemny w kanalizacji;0.2;Nie
5707080;472455;730531;5707080C;6054942;472640;730494;6054942C;Orange Polska S.A.;światłowodowe;-;Tak;Nie;-;-;-;podziemny w kanalizacji;0.3;Nie
6173202;472224;730492;6173202C;5814690;472361;730535;5814690C;Orange Polska S.A.;światłowodowe;-;Tak;Nie;-;-;-;podziemny w kanalizacji;0.2;Nie
5915191;471784;730257;5915191C;5996766;471775;730284;5996766C;Orange Polska S.A.;światłowodowe;-;Tak;Nie;-;-;-;podziemny w kanalizacji;0.1;Nie
5996766;471775;730284;5996766C;6586370;471739;730277;6586370C;Orange Polska S.A.;światłowodowe;-;Tak;Nie;-;-;-;podziemny w kanalizacji;0.1;Nie
6633457;471449;730779;6633457N;6633469;472034;730327;6633469N;UPC POLSKA sp. z o.o.;światłowodowe;-;Tak;Nie;-;-;-;podziemny w kanalizacji;1.2;Nie
5695114;471722;730630;5695114C;6549826;471780;730552;6549826C;Orange Polska S.A.;światłowodowe;-;Tak;Nie;-;-;-;podziemny w kanalizacji;0.8;Nie
7049527;471403;730794;7049527N;5695114;471722;730630;5695114C;Orange Polska S.A.;światłowodowe;-;Tak;Nie;-;-;-;podziemny;0.7;Nie
6439272;471687;730693;6439272C;5709247;471722;730704;5709247C;Orange Polska S.A.;światłowodowe;-;Tak;Nie;-;-;-;podziemny w kanalizacji;0.1;Nie
5692605;471746;730440;5692605C;5692342;471949;730262;5692342C;Orange Polska S.A.;światłowodowe;-;Tak;Nie;-;-;-;podziemny w kanalizacji;0.4;Nie
5695114;471722;730630;5695114C;5692605;471746;730440;5692605C;Orange Polska S.A.;światłowodowe;-;Tak;Nie;-;-;-;podziemny w kanalizacji;0.2;Nie
7049527;471403;730794;7049527N;5822729;471586;730045;5822729C;Orange Polska S.A.;światłowodowe;-;Tak;Nie;-;-;-;podziemny w kanalizacji;0.9;Nie
6421434;471566;730288;6421434C;6444346;471580;730176;6444346C;UPC POLSKA sp. z o.o.;światłowodowe;-;Tak;Nie;-;-;-;podziemny w kanalizacji;0.2;Nie
5909863;471540;730189;5909863C;5977458;471420;730331;5977458C;Orange Polska S.A.;światłowodowe;-;Tak;Nie;-;-;-;podziemny w kanalizacji;0.6;Nie
6076397;471548;730515;6076397C;6580902;471575;730228;6580902C;Orange Polska S.A.;światłowodowe;-;Tak;Nie;-;-;-;podziemny w kanalizacji;0.4;Nie
5908904;471548;730515;5908904C;5936935;471594;730486;5936935C;Orange Polska S.A.;światłowodowe;-;Tak;Nie;-;-;-;podziemny w kanalizacji;0.2;Tak
5908904;471548;730515;5908904C;5730823;471580;730176;5730823C;Orange Polska S.A.;światłowodowe;-;Tak;Nie;-;-;-;podziemny w kanalizacji;0.4;Tak
6200090;471410;730177;6200090C;7039439;471641;730235;7039439N;NETIA S.A.;światłowodowe;-;Nie;Nie;-;-;-;podziemny;0.4;Nie
7039476;472061;731482;7039476N;6942207;472028;730266;6942207N;NETIA S.A.;światłowodowe;-;Nie;Nie;-;-;-;podziemny;1.2;Nie
7079165;472299;730299;7079165N;5688383;471913;730309;5688383C;Orange Polska S.A.;światłowodowe;-;Tak;Nie;-;-;-;podziemny w kanalizacji;0.8;Nie
6173202;472224;730492;6173202C;5689736;472414;730378;5689736C;Orange Polska S.A.;światłowodowe;-;Tak;Nie;-;-;-;podziemny w kanalizacji;0.2;Nie
5814690;472361;730535;5814690C;5975618;472468;730400;5975618C;Orange Polska S.A.;światłowodowe;-;Tak;Nie;-;-;-;podziemny w kanalizacji;0.3;Nie
7039472;471777;730481;7039472N;7039476;472061;731482;7039476N;NETIA S.A.;światłowodowe;-;Nie;Nie;-;-;-;podziemny;1;Nie
5814690;472361;730535;5814690C;6405876;472188;730651;6405876C;Orange Polska S.A.;światłowodowe;-;Tak;Nie;-;-;-;podziemny w kanalizacji;0.3;Nie
6537350;471285;730867;6537350C;5909863;471540;730189;5909863C;Orange Polska S.A.;światłowodowe;-;Tak;Nie;-;-;-;podziemny w kanalizacji;0.4;Nie
5909863;471540;730189;5909863C;6559068;471366;730653;6559068C;Orange Polska S.A.;światłowodowe;-;Tak;Nie;-;-;-;podziemny w kanalizacji;0.3;Nie
5687178;471532;730626;5687178C;5752410;471399;730423;5752410C;Orange Polska S.A.;światłowodowe;-;Tak;Nie;-;-;-;podziemny w kanalizacji;0.5;Nie
6537350;471285;730867;6537350C;5683237;471445;730720;5683237C;Orange Polska S.A.;światłowodowe;-;Tak;Nie;-;-;-;podziemny w kanalizacji;0.5;Nie
7049527;471403;730794;7049527N;6537573;471479;730835;6537573C;Orange Polska S.A.;światłowodowe;-;Tak;Nie;-;-;-;podziemny w kanalizacji;0.1;Nie
7049527;471403;730794;7049527N;6263167;472118;730102;6263167C;Orange Polska S.A.;światłowodowe;-;Tak;Nie;-;-;-;podziemny w kanalizacji;1.6;Nie
5653225;472118;730102;5653225C;5734558;472019;730152;5734558C;Orange Polska S.A.;światłowodowe;-;Tak;Nie;-;-;-;podziemny w kanalizacji;0.3;Nie
6290518;471823;730198;6290518C;6270072;471601;731047;6270072C;Orange Polska S.A.;światłowodowe;-;Tak;Nie;-;-;-;podziemny w kanalizacji;1.1;Nie
7049527;471403;730794;7049527N;6411676;471583;730415;6411676C;Orange Polska S.A.;światłowodowe;-;Tak;Nie;-;-;-;podziemny w kanalizacji;0.9;Nie
7039514;471606;730512;7039514N;6200094;471448;730847;6200094C;NETIA S.A.;światłowodowe;-;Nie;Nie;-;-;-;podziemny;0.6;Nie
6645369;471653;730855;6645369N;7039494;471685;730167;7039494N;NETIA S.A.;światłowodowe;-;Nie;Nie;-;-;-;podziemny;0.8;Nie
7039476;472061;731482;7039476N;6749296;472786;729171;6749296N;NETIA S.A.;światłowodowe;-;Nie;Nie;-;-;-;podziemny;2.4;Nie
6942210;472768;729273;6942210N;6942209;472061;731482;6942209N;NETIA S.A.;światłowodowe;-;Nie;Nie;-;-;-;podziemny;2.3;Nie
7039476;472061;731482;7039476N;7039487;472885;730242;7039487N;NETIA S.A.;światłowodowe;-;Nie;Nie;-;-;-;podziemny;1.5;Nie
7039476;472061;731482;7039476N;7039487;472885;730242;7039487N;NETIA S.A.;światłowodowe;-;Nie;Nie;-;-;-;podziemny;1.5;Nie
7049527;471403;730794;7049527N;5980936;472280;729821;5980936C;Orange Polska S.A.;światłowodowe;-;Tak;Nie;-;-;-;podziemny w kanalizacji;1.9;Nie
5653225;472118;730102;5653225C;5930270;472296;729938;5930270C;Orange Polska S.A.;światłowodowe;-;Tak;Nie;-;-;-;podziemny w kanalizacji;0.5;Nie
6421438;472913;729935;6421438C;6421447;472788;729979;6421447C;UPC POLSKA sp. z o.o.;światłowodowe;-;Tak;Nie;-;-;-;podziemny w kanalizacji;0.1;Nie
5653225;472118;730102;5653225C;5665546;472370;730105;5665546C;Orange Polska S.A.;światłowodowe;-;Tak;Nie;-;-;-;podziemny w kanalizacji;0.4;Nie
6942221;471273;729651;6942221N;6200080;471338;731236;6200080C;NETIA S.A.;światłowodowe;-;Nie;Nie;-;-;-;podziemny;2;Nie
5692911;471331;729786;5692911C;6221020;471318;729822;6221020C;Orange Polska S.A.;światłowodowe;-;Tak;Nie;-;-;-;podziemny w kanalizacji;0.2;Nie
6544606;471543;729899;6544606C;5692911;471331;729786;5692911C;Orange Polska S.A.;światłowodowe;-;Tak;Nie;-;-;-;podziemny w kanalizacji;0.4;Nie
6544606;471543;729899;6544606C;5915416;471525;729857;5915416C;Orange Polska S.A.;światłowodowe;-;Tak;Nie;-;-;-;podziemny w kanalizacji;0.2;Nie
5694843;471543;729899;5694843C;5940041;471481;729941;5940041C;Orange Polska S.A.;światłowodowe;-;Tak;Nie;-;-;-;podziemny w kanalizacji;0.4;Nie
7039427;471349;729390;7039427N;6200075;471551;731038;6200075C;NETIA S.A.;światłowodowe;-;Nie;Nie;-;-;-;podziemny;1;Nie
6086082;471608;729655;6086082C;6954663;471949;730262;6954663N;T-MOBILE POLSKA S.A.;światłowodowe;-;Nie;Nie;-;-;-;podziemny;0.9;Nie
7049527;471403;730794;7049527N;6568947;471607;729711;6568947C;Orange Polska S.A.;światłowodowe;-;Tak;Nie;-;-;-;podziemny w kanalizacji;1.3;Nie
5995181;471607;729711;5995181C;6546033;471720;729792;6546033C;Orange Polska S.A.;światłowodowe;-;Tak;Nie;-;-;-;podziemny w kanalizacji;0.3;Nie
5694843;471543;729899;5694843C;5803823;471607;730225;5803823C;Orange Polska S.A.;światłowodowe;-;Tak;Nie;-;-;-;podziemny w kanalizacji;0.2;Nie
7049527;471403;730794;7049527N;5941891;471626;729981;5941891C;Orange Polska S.A.;światłowodowe;-;Tak;Nie;-;-;-;podziemny w kanalizacji;1.1;Nie
6214126;471573;730214;6214126C;6214378;471620;730045;6214378C;NAUKOWA I AKADEMICKA SIEĆ KOMPUTEROWA - PAŃSTWOWY INSTYTUT BADAWCZY;światłowodowe;-;Nie;Nie;-;-;-;podziemny w kanalizacji;0.5;Nie
6200099;471782;729650;6200099C;6645369;471653;730855;6645369N;NETIA S.A.;światłowodowe;-;Nie;Nie;-;-;-;podziemny;1.3;Nie
6200090;471410;730177;6200090C;6200100;471553;729942;6200100C;NETIA S.A.;światłowodowe;-;Nie;Nie;-;-;-;podziemny;0.3;Nie
6557328;471507;728505;6557328C;5702509;471355;728155;5702509C;Orange Polska S.A.;światłowodowe;-;Tak;Nie;-;-;-;podziemny w kanalizacji;0.4;Nie
6837861;473107;727632;6837861N;5691104;471403;730794;5691104C;Orange Polska S.A.;światłowodowe;-;Tak;Nie;-;-;-;podziemny w kanalizacji;4.9;Nie
7049527;471403;730794;7049527N;5688597;471630;729250;5688597C;Orange Polska S.A.;światłowodowe;-;Tak;Nie;-;-;-;podziemny w kanalizacji;1.8;Nie
7049527;471403;730794;7049527N;5731057;473093;729768;5731057C;Orange Polska S.A.;światłowodowe;-;Tak;Nie;-;-;-;podziemny w kanalizacji;2.8;Nie
6591969;471878;728034;6591969C;6591964;471465;727980;6591964C;Emitel S.A.;światłowodowe;-;Nie;Nie;-;-;-;podziemny w kanalizacji;0.8;Nie
7101658;472975;730050;7101658N;6200095;472373;730617;6200095C;NETIA S.A.;światłowodowe;-;Nie;Nie;-;-;-;podziemny;1.3;Nie
5663687;471677;727856;5663687C;5663317;471397;728034;5663317C;UPC POLSKA sp. z o.o.;światłowodowe;-;Tak;Nie;-;-;-;podziemny w kanalizacji;0.4;Nie
7117052;471485;729587;7117052N;6627810;471459;729579;6627810N;INETSERVICE;światłowodowe;-;Nie;Nie;-;-;-;podziemny w kanalizacji;0.1;Nie
7108551;471550;729404;7108551N;7117052;471485;729587;7117052N;INETSERVICE;światłowodowe;-;Nie;Nie;-;-;-;podziemny w kanalizacji;0.5;Nie
5688597;471630;729250;5688597C;5760536;471522;729563;5760536C;Orange Polska S.A.;światłowodowe;-;Tak;Nie;-;-;-;podziemny w kanalizacji;0.7;Nie
6530732;471659;729349;6530732C;6465707;471591;729497;6465707C;Orange Polska S.A.;światłowodowe;-;Tak;Nie;-;-;-;podziemny w kanalizacji;0.5;Nie
6012286;470642;727703;6012286C;5788364;470564;727794;5788364C;Światłowód Inwestycje Sp. z o. o.;światłowodowe;-;Tak;Nie;-;-;-;podziemny w kanalizacji;0.2;Nie
6591964;471465;727980;6591964C;6592724;471467;727940;6592724C;Emitel S.A.;światłowodowe;-;Nie;Nie;-;-;-;podziemny w kanalizacji;0.1;Nie
6593043;471657;727749;6593043C;6592723;471634;727739;6592723C;Emitel S.A.;światłowodowe;-;Nie;Nie;-;-;-;podziemny w kanalizacji;0.1;Nie
5973419;471407;728367;5973419C;6569198;471305;728405;6569198C;Orange Polska S.A.;światłowodowe;-;Tak;Nie;-;-;-;podziemny w kanalizacji;0.2;Nie
6632767;471638;728007;6632767N;6632557;471664;727949;6632557N;UPC POLSKA sp. z o.o.;światłowodowe;-;Tak;Nie;-;-;-;podziemny w kanalizacji;0.2;Nie
6431353;471786;727915;6431353C;6765402;471736;727718;6765402N;UPC POLSKA sp. z o.o.;światłowodowe;-;Tak;Nie;-;-;-;podziemny w kanalizacji;0.2;Nie
6633466;472285;729879;6633466N;6632547;472436;729821;6632547N;UPC POLSKA sp. z o.o.;światłowodowe;-;Tak;Nie;-;-;-;podziemny w kanalizacji;0.3;Nie
6054942;472640;730494;6054942C;5745774;472714;730409;5745774C;Orange Polska S.A.;światłowodowe;-;Tak;Nie;-;-;-;podziemny w kanalizacji;0.2;Nie
5715427;471759;727885;5715427C;6549722;471645;728030;6549722C;Orange Polska S.A.;światłowodowe;-;Tak;Nie;-;-;-;podziemny w kanalizacji;0.4;Nie
5715427;471759;727885;5715427C;6588026;471737;727965;6588026C;Orange Polska S.A.;światłowodowe;-;Tak;Nie;-;-;-;podziemny w kanalizacji;0.2;Nie
6591969;471878;728034;6591969C;6591966;471698;727875;6591966C;Emitel S.A.;światłowodowe;-;Nie;Nie;-;-;-;podziemny w kanalizacji;0.3;Nie
6591966;471698;727875;6591966C;6593043;471657;727749;6593043C;Emitel S.A.;światłowodowe;-;Nie;Nie;-;-;-;podziemny w kanalizacji;0.2;Nie
6591725;472480;729204;6591725C;6594276;472034;730327;6594276C;Towerlink Poland Sp. z o. o.;światłowodowe;-;Tak;Tak;-;-;-;podziemny;1.4;Nie
5814690;472361;730535;5814690C;5677295;472675;730194;5677295C;Orange Polska S.A.;światłowodowe;-;Tak;Nie;-;-;-;podziemny w kanalizacji;0.6;Nie
5677295;472675;730194;5677295C;6037694;472448;730066;6037694C;Orange Polska S.A.;światłowodowe;-;Tak;Nie;-;-;-;podziemny;0.4;Nie
6028478;472600;730179;6028478C;6352436;472583;730164;6352436C;Światłowód Inwestycje Sp. z o. o.;światłowodowe;-;Tak;Nie;-;-;-;podziemny w kanalizacji;0.1;Nie
5677295;472675;730194;5677295C;5731057;473093;729768;5731057C;Orange Polska S.A.;światłowodowe;-;Tak;Nie;-;-;-;podziemny w kanalizacji;0.7;Nie
5980936;472280;729821;5980936C;5926579;472347;729660;5926579C;Orange Polska S.A.;światłowodowe;-;Tak;Nie;-;-;-;podziemny w kanalizacji;0.3;Nie
5979683;472322;729735;5979683C;5684133;472466;729780;5684133C;Orange Polska S.A.;światłowodowe;-;Tak;Nie;-;-;-;podziemny w kanalizacji;0.2;Nie
5979683;472322;729735;5979683C;5700620;472422;729628;5700620C;Orange Polska S.A.;światłowodowe;-;Tak;Nie;-;-;-;podziemny w kanalizacji;0.3;Nie
5925444;472606;730271;5925444C;5731057;473093;729768;5731057C;Orange Polska S.A.;światłowodowe;-;Tak;Nie;-;-;-;podziemny w kanalizacji;0.8;Nie
6574790;472420;730439;6574790C;6276758;473053;729832;6276758C;Orange Polska S.A.;światłowodowe;-;Tak;Nie;-;-;-;podziemny w kanalizacji;1;Tak
6580902;471575;730228;6580902C;5995181;471607;729711;5995181C;Orange Polska S.A.;światłowodowe;-;Tak;Nie;-;-;-;podziemny w kanalizacji;0.6;Nie
6158928;471614;729677;6158928C;6158929;471589;729822;6158929C;T-MOBILE POLSKA S.A.;światłowodowe;-;Nie;Nie;-;-;-;podziemny;0.1;Nie
6214117;471590;729547;6214117C;6216031;471591;729497;6216031C;NAUKOWA I AKADEMICKA SIEĆ KOMPUTEROWA - PAŃSTWOWY INSTYTUT BADAWCZY;światłowodowe;-;Nie;Nie;-;-;-;podziemny w kanalizacji;0.1;Nie
6214127;471624;729539;6214127C;6214117;471590;729547;6214117C;NAUKOWA I AKADEMICKA SIEĆ KOMPUTEROWA - PAŃSTWOWY INSTYTUT BADAWCZY;światłowodowe;-;Nie;Nie;-;-;-;podziemny w kanalizacji;0.2;Nie
6137273;471601;729699;6137273C;7133170;471611;730144;7133170N;T-MOBILE POLSKA S.A.;światłowodowe;-;Nie;Nie;-;-;-;podziemny;0.6;Nie
5822729;471586;730045;5822729C;5940114;471590;729518;5940114C;Orange Polska S.A.;światłowodowe;-;Tak;Nie;-;-;-;podziemny w kanalizacji;0.6;Nie
6544606;471543;729899;6544606C;6023562;471613;729663;6023562C;Orange Polska S.A.;światłowodowe;-;Tak;Nie;-;-;-;podziemny w kanalizacji;0.3;Nie
6214117;471590;729547;6214117C;6215859;471564;729515;6215859C;NAUKOWA I AKADEMICKA SIEĆ KOMPUTEROWA - PAŃSTWOWY INSTYTUT BADAWCZY;światłowodowe;-;Nie;Nie;-;-;-;podziemny w kanalizacji;0.1;Nie
6214127;471624;729539;6214127C;6214126;471573;730214;6214126C;NAUKOWA I AKADEMICKA SIEĆ KOMPUTEROWA - PAŃSTWOWY INSTYTUT BADAWCZY;światłowodowe;-;Nie;Nie;-;-;-;podziemny w kanalizacji;1;Nie
6023562;471613;729663;6023562C;5708119;471591;729497;5708119C;Orange Polska S.A.;światłowodowe;-;Tak;Nie;-;-;-;podziemny w kanalizacji;0.3;Nie
5730823;471580;730176;5730823C;6580814;471613;729663;6580814C;Orange Polska S.A.;światłowodowe;-;Tak;Nie;-;-;-;podziemny w kanalizacji;0.6;Tak
5694843;471543;729899;5694843C;6156290;471618;730171;6156290C;Orange Polska S.A.;światłowodowe;-;Tak;Nie;-;-;-;podziemny w kanalizacji;0.2;Nie
5871889;471658;729292;5871889C;5871606;471496;730858;5871606C;EXATEL S.A.;światłowodowe;-;Nie;Nie;-;-;-;podziemny;1.8;Nie
5694843;471543;729899;5694843C;5694828;471498;730002;5694828C;Orange Polska S.A.;światłowodowe;-;Tak;Nie;-;-;-;podziemny w kanalizacji;0.3;Nie
6075562;471613;729663;6075562C;6082028;471519;730672;6082028C;Atman sp. z o.o.;światłowodowe;-;Nie;Nie;-;-;-;podziemny;2.3;Nie
6154834;471523;730645;6154834C;7133170;471611;730144;7133170N;T-MOBILE POLSKA S.A.;światłowodowe;-;Nie;Nie;-;-;-;podziemny;0.6;Nie
6154834;471523;730645;6154834C;5776744;471572;730189;5776744C;T-MOBILE POLSKA S.A.;światłowodowe;-;Nie;Nie;-;-;-;podziemny;0.5;Nie
5746060;471519;729458;5746060C;5708456;471524;729406;5708456C;Orange Polska S.A.;światłowodowe;-;Tak;Nie;-;-;-;podziemny w kanalizacji;0.1;Nie
6437312;471562;729474;6437312C;6555350;471543;729464;6555350C;Orange Polska S.A.;światłowodowe;-;Tak;Nie;-;-;-;podziemny w kanalizacji;0.1;Nie
6555350;471543;729464;6555350C;6555363;471546;729433;6555363C;Orange Polska S.A.;światłowodowe;-;Tak;Nie;-;-;-;podziemny w kanalizacji;0.1;Nie
5688597;471630;729250;5688597C;7003496;471819;729186;7003496N;Orange Polska S.A.;światłowodowe;-;Tak;Nie;-;-;-;podziemny w kanalizacji;0.4;Nie
6158931;471632;729465;6158931C;7133181;471750;729520;7133181N;T-MOBILE POLSKA S.A.;światłowodowe;-;Nie;Nie;-;-;-;podziemny;0.1;Nie
6958017;471781;729353;6958017N;5732498;471742;729298;5732498C;T-MOBILE POLSKA S.A.;światłowodowe;-;Nie;Nie;-;-;-;podziemny;0.1;Nie
6278088;471955;729964;6278088C;6278085;471857;729885;6278085C;Orange Polska S.A.;światłowodowe;-;Tak;Nie;-;-;-;podziemny w kanalizacji;0.2;Nie
6217606;471891;730248;6217606C;6239713;472004;729060;6239713C;Orange Polska S.A.;światłowodowe;-;Tak;Nie;-;-;-;podziemny w kanalizacji;1.6;Nie
5990144;471640;729503;5990144C;5688597;471630;729250;5688597C;Orange Polska S.A.;światłowodowe;-;Tak;Nie;-;-;-;podziemny w kanalizacji;0.3;Nie
5688597;471630;729250;5688597C;6261402;471780;729155;6261402C;Orange Polska S.A.;światłowodowe;-;Tak;Nie;-;-;-;podziemny w kanalizacji;0.3;Nie
6467253;471298;727993;6467253C;6282702;471215;728043;6282702C;Orange Polska S.A.;światłowodowe;-;Tak;Nie;-;-;-;podziemny;0.2;Nie
7049527;471403;730794;7049527N;5831531;471273;729651;5831531C;Orange Polska S.A.;światłowodowe;-;Tak;Nie;-;-;-;podziemny w kanalizacji;1.8;Nie
6594276;472034;730327;6594276C;6591723;471273;729651;6591723C;Towerlink Poland Sp. z o. o.;światłowodowe;-;Tak;Tak;-;-;-;podziemny;1.5;Nie
5702509;471355;728155;5702509C;6467253;471298;727993;6467253C;Orange Polska S.A.;światłowodowe;-;Tak;Nie;-;-;-;podziemny w kanalizacji;0.2;Nie
5676579;471310;728091;5676579C;5751190;471300;728057;5751190C;Orange Polska S.A.;światłowodowe;-;Tak;Nie;-;-;-;podziemny w kanalizacji;0.1;Nie
5673546;471305;728014;5673546C;6430806;471693;728927;6430806C;UPC POLSKA sp. z o.o.;światłowodowe;-;Tak;Nie;-;-;-;podziemny w kanalizacji;0.1;Nie
5973419;471407;728367;5973419C;6159646;471347;728389;6159646C;Orange Polska S.A.;światłowodowe;-;Tak;Nie;-;-;-;podziemny w kanalizacji;0.2;Nie
6591723;471273;729651;6591723C;6593276;471738;730766;6593276C;Towerlink Poland Sp. z o. o.;światłowodowe;-;Tak;Tak;-;-;-;podziemny;2;Nie
6942221;471273;729651;6942221N;6200090;471410;730177;6200090C;NETIA S.A.;światłowodowe;-;Nie;Nie;-;-;-;podziemny;0.7;Nie
6461884;468317;721283;6461884C;5681952;468156;721353;5681952C;Orange Polska S.A.;światłowodowe;-;Tak;Nie;-;-;-;podziemny w kanalizacji;0.2;Nie
6461884;468317;721283;6461884C;5676699;468156;721353;5676699C;Orange Polska S.A.;światłowodowe;-;Tak;Nie;-;-;-;podziemny w kanalizacji;0.3;Nie
5681952;468156;721353;5681952C;6277910;468193;721337;6277910C;Orange Polska S.A.;światłowodowe;-;Tak;Nie;-;-;-;podziemny w kanalizacji;0.1;Nie
5681952;468156;721353;5681952C;5835937;468164;721403;5835937C;Orange Polska S.A.;światłowodowe;-;Tak;Nie;-;-;-;podziemny;0.2;Nie
6461884;468317;721283;6461884C;5948602;468366;721345;5948602C;Orange Polska S.A.;światłowodowe;-;Tak;Nie;-;-;-;podziemny w kanalizacji;0.1;Nie
6111179;468433;721351;6111179C;6382429;468454;721378;6382429C;Światłowód Inwestycje Sp. z o. o.;światłowodowe;-;Tak;Nie;-;-;-;podziemny;0.1;Nie
6461884;468317;721283;6461884C;5875913;468226;721396;5875913C;Orange Polska S.A.;światłowodowe;-;Tak;Nie;-;-;-;podziemny w kanalizacji;0.3;Nie
5931627;468242;721244;5931627C;6568845;468300;721212;6568845C;Orange Polska S.A.;światłowodowe;-;Tak;Nie;-;-;-;podziemny w kanalizacji;0.1;Nie
5931627;468242;721244;5931627C;6548260;468264;721221;6548260C;Orange Polska S.A.;światłowodowe;-;Tak;Nie;-;-;-;podziemny w kanalizacji;0.1;Nie
5931627;468242;721244;5931627C;6285783;468232;721222;6285783C;Orange Polska S.A.;światłowodowe;-;Tak;Nie;-;-;-;podziemny;0.1;Nie
5931627;468242;721244;5931627C;5992706;468300;721225;5992706C;Orange Polska S.A.;światłowodowe;-;Tak;Nie;-;-;-;podziemny w kanalizacji;0.1;Nie
5931627;468242;721244;5931627C;6574167;468257;721230;6574167C;Orange Polska S.A.;światłowodowe;-;Tak;Nie;-;-;-;podziemny w kanalizacji;0.1;Nie
6309516;468394;721297;6309516C;6138685;468198;721518;6138685C;Światłowód Inwestycje Sp. z o. o.;światłowodowe;-;Tak;Nie;-;-;-;podziemny w kanalizacji;0.4;Nie
6888573;468376;721422;6888573N;6198263;468370;721380;6198263C;NETIA S.A.;światłowodowe;-;Nie;Nie;-;-;-;podziemny;0.2;Nie
5931627;468242;721244;5931627C;6573870;468245;721201;6573870C;Orange Polska S.A.;światłowodowe;-;Tak;Nie;-;-;-;podziemny;0.1;Nie
5931627;468242;721244;5931627C;5992979;468223;721202;5992979C;Orange Polska S.A.;światłowodowe;-;Tak;Nie;-;-;-;podziemny;0.1;Nie
5931627;468242;721244;5931627C;5873018;468278;721212;5873018C;Orange Polska S.A.;światłowodowe;-;Tak;Nie;-;-;-;podziemny w kanalizacji;0.1;Nie
5931627;468242;721244;5931627C;5815003;468287;721212;5815003C;Orange Polska S.A.;światłowodowe;-;Tak;Nie;-;-;-;podziemny w kanalizacji;0.1;Nie
6544992;467703;721282;6544992C;5810924;467716;721315;5810924C;Orange Polska S.A.;światłowodowe;-;Tak;Nie;-;-;-;podziemny w kanalizacji;0.1;Nie
5919827;467823;721137;5919827C;6224027;467938;721471;6224027C;Orange Polska S.A.;światłowodowe;-;Tak;Nie;-;-;-;podziemny w kanalizacji;0.4;Nie
6198266;467957;721461;6198266C;6198263;468370;721380;6198263C;NETIA S.A.;światłowodowe;-;Nie;Nie;-;-;-;podziemny;0.8;Nie
5681952;468156;721353;5681952C;5681981;468056;721365;5681981C;Orange Polska S.A.;światłowodowe;-;Tak;Nie;-;-;-;podziemny;0.2;Nie
5685820;469502;720752;5685820C;6262812;469453;720760;6262812C;Orange Polska S.A.;światłowodowe;-;Tak;Nie;-;-;-;podziemny w kanalizacji;0.1;Nie
6634106;469621;720658;6634106N;6633846;469726;720616;6633846N;UPC POLSKA sp. z o.o.;światłowodowe;-;Tak;Nie;-;-;-;podziemny w kanalizacji;0.1;Nie
6556947;469668;720769;6556947C;6556941;469647;720673;6556941C;Orange Polska S.A.;światłowodowe;-;Tak;Nie;-;-;-;podziemny w kanalizacji;0.2;Nie
6556947;469668;720769;6556947C;6284537;469650;720615;6284537C;Orange Polska S.A.;światłowodowe;-;Tak;Nie;-;-;-;podziemny w kanalizacji;0.3;Nie
6542157;469702;720139;6542157C;5770359;469787;720123;5770359C;Orange Polska S.A.;światłowodowe;-;Tak;Nie;-;-;-;podziemny w kanalizacji;0.2;Nie
6632951;469540;720220;6632951N;6632912;469668;720170;6632912N;UPC POLSKA sp. z o.o.;światłowodowe;-;Tak;Nie;-;-;-;podziemny w kanalizacji;0.2;Nie
6537299;469430;720900;6537299C;5685820;469502;720752;5685820C;Orange Polska S.A.;światłowodowe;-;Tak;Nie;-;-;-;podziemny w kanalizacji;0.2;Nie
6537299;469430;720900;6537299C;6556947;469668;720769;6556947C;Orange Polska S.A.;światłowodowe;-;Tak;Nie;-;-;-;podziemny w kanalizacji;0.3;Nie
6537299;469430;720900;6537299C;6546121;469550;720781;6546121C;Orange Polska S.A.;światłowodowe;-;Tak;Nie;-;-;-;podziemny w kanalizacji;0.3;Nie
6537299;469430;720900;6537299C;6586530;469591;720828;6586530C;Orange Polska S.A.;światłowodowe;-;Tak;Nie;-;-;-;podziemny w kanalizacji;0.2;Nie
6198904;469689;720272;6198904C;6199069;469783;720229;6199069C;NETIA S.A.;światłowodowe;-;Nie;Nie;-;-;-;podziemny;0.2;Tak
6198795;469239;720625;6198795C;7144636;469735;720360;7144636N;NETIA S.A.;światłowodowe;-;Nie;Nie;-;-;-;podziemny;0.7;Nie
6749659;469348;720712;6749659N;6198795;469239;720625;6198795C;NETIA S.A.;światłowodowe;-;Nie;Nie;-;-;-;podziemny;0.2;Nie
5664167;469412;720440;5664167C;6632974;469367;720318;6632974N;UPC POLSKA sp. z o.o.;światłowodowe;-;Tak;Nie;-;-;-;podziemny w kanalizacji;0.2;Nie
5668604;469734;720287;5668604C;5664167;469412;720440;5664167C;UPC POLSKA sp. z o.o.;światłowodowe;-;Tak;Nie;-;-;-;podziemny w kanalizacji;0.1;Nie
6455041;469734;720287;6455041C;5785281;469412;720440;5785281C;Orange Polska S.A.;światłowodowe;-;Tak;Nie;-;-;-;podziemny w kanalizacji;0.5;Nie
5947702;469549;720898;5947702C;6280065;469756;720724;6280065C;Orange Polska S.A.;światłowodowe;-;Tak;Nie;-;-;-;podziemny w kanalizacji;0.4;Nie
5675155;469292;720929;5675155C;6765692;469716;720809;6765692N;UPC POLSKA sp. z o.o.;światłowodowe;-;Tak;Nie;-;-;-;podziemny w kanalizacji;0.2;Nie
6765692;469716;720809;6765692N;6765690;469768;720862;6765690N;UPC POLSKA sp. z o.o.;światłowodowe;-;Tak;Nie;-;-;-;podziemny w kanalizacji;0.1;Nie
5947702;469549;720898;5947702C;6828036;469552;720947;6828036N;Orange Polska S.A.;światłowodowe;-;Tak;Nie;-;-;-;podziemny w kanalizacji;0.1;Nie
5957383;469384;720908;5957383C;5733050;469212;720934;5733050C;Orange Polska S.A.;światłowodowe;-;Tak;Nie;-;-;-;podziemny w kanalizacji;0.4;Nie
5957383;469384;720908;5957383C;6222018;469486;720911;6222018C;Orange Polska S.A.;światłowodowe;-;Tak;Nie;-;-;-;podziemny w kanalizacji;0.2;Nie
6280065;469756;720724;6280065C;6280095;469724;720778;6280095C;Orange Polska S.A.;światłowodowe;-;Tak;Nie;-;-;-;podziemny w kanalizacji;0.1;Nie
5957383;469384;720908;5957383C;6537299;469430;720900;6537299C;Orange Polska S.A.;światłowodowe;-;Tak;Nie;-;-;-;podziemny w kanalizacji;0.2;Nie
6563274;471839;720821;6563274C;6578016;471812;720632;6578016C;Orange Polska S.A.;światłowodowe;-;Tak;Nie;-;-;-;podziemny w kanalizacji;0.3;Nie
6563274;471839;720821;6563274C;6538806;471794;720681;6538806C;Orange Polska S.A.;światłowodowe;-;Tak;Nie;-;-;-;podziemny w kanalizacji;0.3;Nie
6563274;471839;720821;6563274C;6001620;471722;720697;6001620C;Orange Polska S.A.;światłowodowe;-;Tak;Nie;-;-;-;podziemny w kanalizacji;0.3;Nie
6256638;471767;720755;6256638C;6465099;471803;720779;6465099C;Orange Polska S.A.;światłowodowe;-;Tak;Nie;-;-;-;podziemny w kanalizacji;0.2;Nie
5857459;471723;720756;5857459C;5685469;471687;720770;5685469C;Orange Polska S.A.;światłowodowe;-;Tak;Nie;-;-;-;podziemny w kanalizacji;0.1;Nie
5857459;471723;720756;5857459C;5685469;471687;720770;5685469C;Orange Polska S.A.;światłowodowe;-;Tak;Nie;-;-;-;podziemny w kanalizacji;0.1;Nie
6634222;471553;720444;6634222N;6766258;471621;720705;6766258N;UPC POLSKA sp. z o.o.;światłowodowe;-;Tak;Nie;-;-;-;podziemny w kanalizacji;0.3;Nie
6580470;471699;720494;6580470C;5923543;471882;720494;5923543C;Orange Polska S.A.;światłowodowe;-;Tak;Nie;-;-;-;podziemny w kanalizacji;0.1;Nie
5677212;471767;720523;5677212C;5782792;471698;720555;5782792C;Orange Polska S.A.;światłowodowe;-;Tak;Nie;-;-;-;podziemny w kanalizacji;0.1;Nie
5677212;471767;720523;5677212C;5677219;471772;720560;5677219C;Orange Polska S.A.;światłowodowe;-;Tak;Nie;-;-;-;podziemny w kanalizacji;0.1;Nie
6578016;471812;720632;6578016C;6580470;471699;720494;6580470C;Orange Polska S.A.;światłowodowe;-;Tak;Nie;-;-;-;podziemny w kanalizacji;0.2;Nie
6580470;471699;720494;6580470C;6473613;471815;720511;6473613C;Orange Polska S.A.;światłowodowe;-;Tak;Nie;-;-;-;podziemny w kanalizacji;0.1;Nie
5677212;471767;720523;5677212C;6561638;471699;720494;6561638C;Orange Polska S.A.;światłowodowe;-;Tak;Nie;-;-;-;podziemny w kanalizacji;0.2;Nie
5804378;471541;720846;5804378C;6145513;471620;720835;6145513C;Światłowód Inwestycje Sp. z o. o.;światłowodowe;-;Tak;Nie;-;-;-;podziemny;0.1;Nie
5804378;471541;720846;5804378C;5845293;471570;720842;5845293C;Światłowód Inwestycje Sp. z o. o.;światłowodowe;-;Tak;Nie;-;-;-;podziemny;0.1;Nie
5804378;471541;720846;5804378C;6364543;471586;720845;6364543C;Światłowód Inwestycje Sp. z o. o.;światłowodowe;-;Tak;Nie;-;-;-;podziemny;0.1;Nie
5804378;471541;720846;5804378C;6365776;471523;720863;6365776C;Światłowód Inwestycje Sp. z o. o.;światłowodowe;-;Tak;Nie;-;-;-;podziemny w kanalizacji;0.1;Nie
6298594;471479;720878;6298594C;6127527;471474;720897;6127527C;Światłowód Inwestycje Sp. z o. o.;światłowodowe;-;Tak;Nie;-;-;-;podziemny;0.1;Nie
5905055;471794;721030;5905055C;6599047;471759;720998;6599047C;Orange Polska S.A.;światłowodowe;-;Tak;Nie;-;-;-;podziemny w kanalizacji;0.2;Nie
5804378;471541;720846;5804378C;5833226;471535;720853;5833226C;Światłowód Inwestycje Sp. z o. o.;światłowodowe;-;Tak;Nie;-;-;-;podziemny w kanalizacji;0.1;Nie
6298594;471479;720878;6298594C;6130244;471481;720872;6130244C;Światłowód Inwestycje Sp. z o. o.;światłowodowe;-;Tak;Nie;-;-;-;podziemny;0.1;Nie
5804378;471541;720846;5804378C;6120600;471529;720857;6120600C;Światłowód Inwestycje Sp. z o. o.;światłowodowe;-;Tak;Nie;-;-;-;podziemny w kanalizacji;0.1;Nie
5947655;471336;720668;5947655C;6450537;471342;720709;6450537C;Orange Polska S.A.;światłowodowe;-;Tak;Nie;-;-;-;podziemny w kanalizacji;0.2;Nie
6507192;471926;720819;6507192C;6507191;471450;720613;6507191C;LOGITUS Sp. z o.o.;światłowodowe;-;Nie;Nie;-;-;-;podziemny w kanalizacji;0.5;Nie
6463211;471569;720776;6463211C;6256638;471767;720755;6256638C;Orange Polska S.A.;światłowodowe;-;Tak;Nie;-;-;-;podziemny w kanalizacji;0.1;Nie
5857459;471723;720756;5857459C;5685469;471687;720770;5685469C;Orange Polska S.A.;światłowodowe;-;Tak;Nie;-;-;-;podziemny w kanalizacji;0.1;Nie
5785726;471379;720834;5785726C;6295062;471570;720842;6295062C;Światłowód Inwestycje Sp. z o. o.;światłowodowe;-;Tak;Nie;-;-;-;podziemny w kanalizacji;0.2;Nie
6235672;471926;720819;6235672C;5692415;471802;720873;5692415C;Orange Polska S.A.;światłowodowe;-;Tak;Nie;-;-;-;podziemny w kanalizacji;0.4;Nie
5692415;471802;720873;5692415C;5692406;471797;720842;5692406C;Orange Polska S.A.;światłowodowe;-;Tak;Nie;-;-;-;podziemny w kanalizacji;0.1;Nie
6235672;471926;720819;6235672C;5699018;471836;720912;5699018C;Orange Polska S.A.;światłowodowe;-;Tak;Nie;-;-;-;podziemny w kanalizacji;0.3;Nie
6463211;471569;720776;6463211C;6585886;471763;720797;6585886C;Orange Polska S.A.;światłowodowe;-;Tak;Nie;-;-;-;podziemny w kanalizacji;0.3;Nie
6533286;471498;720499;6533286C;5800465;471463;720390;5800465C;Orange Polska S.A.;światłowodowe;-;Tak;Nie;-;-;-;podziemny w kanalizacji;0.2;Nie
6300662;471342;720459;6300662C;6154951;471390;720413;6154951C;Orange Polska S.A.;światłowodowe;-;Tak;Nie;-;-;-;podziemny w kanalizacji;0.1;Nie
6300662;471342;720459;6300662C;6154951;471390;720413;6154951C;Orange Polska S.A.;światłowodowe;-;Tak;Nie;-;-;-;podziemny w kanalizacji;0.1;Nie
6634100;471341;720512;6634100N;6634097;471496;720470;6634097N;UPC POLSKA sp. z o.o.;światłowodowe;-;Tak;Nie;-;-;-;podziemny w kanalizacji;0.2;Nie
6533286;471498;720499;6533286C;5967237;471504;720567;5967237C;Orange Polska S.A.;światłowodowe;-;Tak;Nie;-;-;-;podziemny w kanalizacji;0.2;Nie
6300638;471320;720591;6300638C;6268730;471326;720537;6268730C;Orange Polska S.A.;światłowodowe;-;Tak;Nie;-;-;-;podziemny w kanalizacji;0.1;Nie
6267493;471450;720613;6267493C;6223721;471510;720599;6223721C;Orange Polska S.A.;światłowodowe;-;Tak;Nie;-;-;-;podziemny w kanalizacji;0.1;Nie
6300638;471320;720591;6300638C;6300662;471342;720459;6300662C;Orange Polska S.A.;światłowodowe;-;Tak;Nie;-;-;-;podziemny w kanalizacji;0.2;Nie
6507720;471281;720773;6507720C;6507718;471281;720718;6507718C;LOGITUS Sp. z o.o.;światłowodowe;-;Nie;Nie;-;-;-;podziemny w rurociągu;0.1;Nie
6526761;471281;720773;6526761C;5746694;471281;720718;5746694C;Orange Polska S.A.;światłowodowe;-;Tak;Nie;-;-;-;podziemny w kanalizacji;0.2;Nie
6507719;471306;720800;6507719C;6507720;471281;720773;6507720C;LOGITUS Sp. z o.o.;światłowodowe;-;Nie;Nie;-;-;-;podziemny w rurociągu;0.1;Nie
6526761;471281;720773;6526761C;5766597;471306;720800;5766597C;Orange Polska S.A.;światłowodowe;-;Tak;Nie;-;-;-;podziemny w kanalizacji;0.2;Nie
6545915;471379;720834;6545915C;6300638;471320;720591;6300638C;Orange Polska S.A.;światłowodowe;-;Tak;Nie;-;-;-;podziemny w kanalizacji;0.4;Nie
6300638;471320;720591;6300638C;5947655;471336;720668;5947655C;Orange Polska S.A.;światłowodowe;-;Tak;Nie;-;-;-;podziemny w kanalizacji;0.2;Nie
6507191;471450;720613;6507191C;6507720;471281;720773;6507720C;LOGITUS Sp. z o.o.;światłowodowe;-;Nie;Nie;-;-;-;podziemny w kanalizacji;0.4;Nie
6766308;471282;720710;6766308N;5669476;471342;720709;5669476C;UPC POLSKA sp. z o.o.;światłowodowe;-;Tak;Nie;-;-;-;podziemny w kanalizacji;0.1;Nie
6144913;471464;721252;6144913C;6337765;471439;721252;6337765C;Światłowód Inwestycje Sp. z o. o.;światłowodowe;-;Tak;Nie;-;-;-;podziemny;0.1;Nie
6144913;471464;721252;6144913C;6282595;471441;721270;6282595C;Światłowód Inwestycje Sp. z o. o.;światłowodowe;-;Tak;Nie;-;-;-;podziemny;0.1;Nie
6293639;471453;721032;6293639C;6144913;471464;721252;6144913C;Światłowód Inwestycje Sp. z o. o.;światłowodowe;-;Tak;Nie;-;-;-;podziemny w kanalizacji;0.3;Nie
6144913;471464;721252;6144913C;6373086;471479;721211;6373086C;Światłowód Inwestycje Sp. z o. o.;światłowodowe;-;Tak;Nie;-;-;-;podziemny;0.1;Nie
6144913;471464;721252;6144913C;5812954;471467;721276;5812954C;Światłowód Inwestycje Sp. z o. o.;światłowodowe;-;Tak;Nie;-;-;-;podziemny;0.1;Nie
6332485;471346;722196;6332485C;6127905;471152;722260;6127905C;Światłowód Inwestycje Sp. z o. o.;światłowodowe;-;Tak;Nie;-;-;-;podziemny w kanalizacji;0.2;Nie
5701244;470892;722354;5701244C;5834909;471247;722334;5834909C;Orange Polska S.A.;światłowodowe;-;Tak;Nie;-;-;-;podziemny w kanalizacji;0.7;Nie
6133593;471229;722028;6133593C;5980759;471132;721966;5980759C;Światłowód Inwestycje Sp. z o. o.;światłowodowe;-;Tak;Nie;-;-;-;podziemny w kanalizacji;0.1;Nie
5703417;471724;722240;5703417C;5703422;471777;722128;5703422C;Orange Polska S.A.;światłowodowe;-;Tak;Nie;-;-;-;podziemny w kanalizacji;0.2;Nie
6415210;470832;722289;6415210C;5919697;470791;722350;5919697C;Orange Polska S.A.;światłowodowe;-;Tak;Nie;-;-;-;podziemny;0.1;Nie
5701244;470892;722354;5701244C;6415210;470832;722289;6415210C;Orange Polska S.A.;światłowodowe;-;Tak;Nie;-;-;-;podziemny w kanalizacji;0.2;Nie
5774018;470892;722354;5774018C;6382772;470836;722411;6382772C;Światłowód Inwestycje Sp. z o. o.;światłowodowe;-;Tak;Nie;-;-;-;podziemny w kanalizacji;0.1;Nie
5774018;470892;722354;5774018C;5774646;470853;722380;5774646C;Światłowód Inwestycje Sp. z o. o.;światłowodowe;-;Tak;Nie;-;-;-;podziemny w kanalizacji;0.1;Nie
5689867;470806;720390;5689867C;6562912;470787;720445;6562912C;Orange Polska S.A.;światłowodowe;-;Tak;Nie;-;-;-;podziemny w kanalizacji;0.1;Nie
5689867;470806;720390;5689867C;6258050;470799;720416;6258050C;Orange Polska S.A.;światłowodowe;-;Tak;Nie;-;-;-;podziemny w kanalizacji;0.1;Nie
6304584;470758;720514;6304584C;6241656;470796;720601;6241656C;Orange Polska S.A.;światłowodowe;-;Tak;Nie;-;-;-;podziemny w kanalizacji;0.2;Nie
6430260;470903;720580;6430260C;6632437;470862;720821;6632437N;UPC POLSKA sp. z o.o.;światłowodowe;-;Tak;Nie;-;-;-;podziemny w kanalizacji;0.6;Nie
6632441;470845;720929;6632441N;6632437;470862;720821;6632437N;UPC POLSKA sp. z o.o.;światłowodowe;-;Tak;Nie;-;-;-;podziemny w kanalizacji;0.1;Nie
6632440;470862;720868;6632440N;6632437;470862;720821;6632437N;UPC POLSKA sp. z o.o.;światłowodowe;-;Tak;Nie;-;-;-;podziemny w kanalizacji;0.1;Nie
6304584;470758;720514;6304584C;6304581;470806;720542;6304581C;Orange Polska S.A.;światłowodowe;-;Tak;Nie;-;-;-;podziemny w kanalizacji;0.1;Nie
5689867;470806;720390;5689867C;5913880;470814;720364;5913880C;Orange Polska S.A.;światłowodowe;-;Tak;Nie;-;-;-;podziemny w kanalizacji;0.1;Nie
6259401;470934;720276;6259401C;5936785;470826;720445;5936785C;Orange Polska S.A.;światłowodowe;-;Tak;Nie;-;-;-;podziemny;0.3;Nie
5701175;473267;720124;5701175C;5930332;473343;720181;5930332C;Orange Polska S.A.;światłowodowe;-;Tak;Nie;-;-;-;podziemny w kanalizacji;0.2;Nie
6444123;473579;720286;6444123C;5701175;473267;720124;5701175C;Orange Polska S.A.;światłowodowe;-;Tak;Nie;-;-;-;podziemny w kanalizacji;0.4;Nie
6634099;471297;720473;6634099N;6430260;470903;720580;6430260C;UPC POLSKA sp. z o.o.;światłowodowe;-;Tak;Nie;-;-;-;podziemny w kanalizacji;0.6;Nie
6430260;470903;720580;6430260C;6633904;470971;720645;6633904N;UPC POLSKA sp. z o.o.;światłowodowe;-;Tak;Nie;-;-;-;podziemny w kanalizacji;0.1;Nie
6634100;471341;720512;6634100N;6634099;471297;720473;6634099N;UPC POLSKA sp. z o.o.;światłowodowe;-;Tak;Nie;-;-;-;podziemny w kanalizacji;0.2;Nie
6533286;471498;720499;6533286C;6267493;471450;720613;6267493C;Orange Polska S.A.;światłowodowe;-;Tak;Nie;-;-;-;podziemny w kanalizacji;0.2;Nie
6766242;471745;720539;6766242N;6766241;471672;720502;6766241N;UPC POLSKA sp. z o.o.;światłowodowe;-;Tak;Nie;-;-;-;podziemny w kanalizacji;0.2;Nie
6556947;469668;720769;6556947C;5733927;469636;720746;5733927C;Orange Polska S.A.;światłowodowe;-;Tak;Nie;-;-;-;podziemny w kanalizacji;0.1;Nie
6565914;470717;720534;6565914C;6030585;470696;720489;6030585C;Orange Polska S.A.;światłowodowe;-;Tak;Nie;-;-;-;podziemny w kanalizacji;0.1;Nie
5672489;470779;720515;5672489C;6634479;470762;720565;6634479N;UPC POLSKA sp. z o.o.;światłowodowe;-;Tak;Nie;-;-;-;podziemny w kanalizacji;0.1;Nie
5672489;470779;720515;5672489C;6430260;470903;720580;6430260C;UPC POLSKA sp. z o.o.;światłowodowe;-;Tak;Nie;-;-;-;podziemny w kanalizacji;0.2;Nie
5672489;470779;720515;5672489C;6766303;470814;720587;6766303N;UPC POLSKA sp. z o.o.;światłowodowe;-;Tak;Nie;-;-;-;podziemny w kanalizacji;0.1;Nie
6304584;470758;720514;6304584C;6418792;470755;720569;6418792C;Orange Polska S.A.;światłowodowe;-;Tak;Nie;-;-;-;podziemny w kanalizacji;0.1;Nie
5932252;470758;720514;5932252C;6565914;470717;720534;6565914C;Orange Polska S.A.;światłowodowe;-;Tak;Nie;-;-;-;podziemny w kanalizacji;0.1;Nie
6565914;470717;720534;6565914C;6001923;470674;720427;6001923C;Orange Polska S.A.;światłowodowe;-;Tak;Nie;-;-;-;podziemny w kanalizacji;0.2;Nie
6500739;474178;720409;6500739C;6480297;469571;720353;6480297C;3s Spółka Akcyjna;światłowodowe;-;Tak;Nie;-;-;-;podziemny w kanalizacji;5;Nie
6632912;469668;720170;6632912N;6632911;469711;720153;6632911N;UPC POLSKA sp. z o.o.;światłowodowe;-;Tak;Nie;-;-;-;podziemny w kanalizacji;0.1;Nie
5663679;469732;720207;5663679C;5668609;469807;720228;5668609C;UPC POLSKA sp. z o.o.;światłowodowe;-;Tak;Nie;-;-;-;podziemny w kanalizacji;0.3;Nie
5668609;469807;720228;5668609C;6764057;469773;720195;6764057N;UPC POLSKA sp. z o.o.;światłowodowe;-;Tak;Nie;-;-;-;podziemny w kanalizacji;0.1;Nie
5921829;470806;720317;5921829C;6442944;470764;720307;6442944C;Orange Polska S.A.;światłowodowe;-;Tak;Nie;-;-;-;podziemny w kanalizacji;0.2;Nie
6766292;470792;720292;6766292N;6634492;470771;720351;6634492N;UPC POLSKA sp. z o.o.;światłowodowe;-;Tak;Nie;-;-;-;podziemny w kanalizacji;0.1;Nie
5921829;470806;720317;5921829C;5689867;470806;720390;5689867C;Orange Polska S.A.;światłowodowe;-;Tak;Nie;-;-;-;podziemny w kanalizacji;0.2;Nie
6259401;470934;720276;6259401C;5921829;470806;720317;5921829C;Orange Polska S.A.;światłowodowe;-;Tak;Nie;-;-;-;podziemny w kanalizacji;0.4;Nie
5820336;469756;720950;5820336C;5930856;469733;720910;5930856C;Orange Polska S.A.;światłowodowe;-;Tak;Nie;-;-;-;podziemny w kanalizacji;0.2;Nie
6598126;469621;721064;6598126C;5727410;469670;720958;5727410C;Orange Polska S.A.;światłowodowe;-;Tak;Nie;-;-;-;podziemny w kanalizacji;0.3;Nie
6554575;469495;721031;6554575C;6598126;469621;721064;6598126C;Orange Polska S.A.;światłowodowe;-;Tak;Nie;-;-;-;podziemny w kanalizacji;0.2;Nie
6274234;469526;721079;6274234C;6565877;469553;721061;6565877C;Orange Polska S.A.;światłowodowe;-;Tak;Nie;-;-;-;podziemny w kanalizacji;0.1;Nie
5668603;469818;720839;5668603C;6632926;469789;720815;6632926N;UPC POLSKA sp. z o.o.;światłowodowe;-;Tak;Nie;-;-;-;podziemny w kanalizacji;0.1;Nie
5806538;468677;721142;5806538C;6010427;468677;721149;6010427C;Światłowód Inwestycje Sp. z o. o.;światłowodowe;-;Tak;Nie;-;-;-;podziemny w rurociągu;0.1;Nie
5806538;468677;721142;5806538C;5797260;468678;721195;5797260C;Światłowód Inwestycje Sp. z o. o.;światłowodowe;-;Tak;Nie;-;-;-;podziemny w rurociągu;0.1;Nie
5806538;468677;721142;5806538C;6337413;468678;721187;6337413C;Światłowód Inwestycje Sp. z o. o.;światłowodowe;-;Tak;Nie;-;-;-;podziemny w rurociągu;0.1;Nie
5806538;468677;721142;5806538C;5838981;468678;721180;5838981C;Światłowód Inwestycje Sp. z o. o.;światłowodowe;-;Tak;Nie;-;-;-;podziemny w rurociągu;0.1;Nie
6537299;469430;720900;6537299C;5916088;469556;720830;5916088C;Orange Polska S.A.;światłowodowe;-;Tak;Nie;-;-;-;podziemny w kanalizacji;0.2;Nie
6537299;469430;720900;6537299C;5759079;469628;720838;5759079C;Orange Polska S.A.;światłowodowe;-;Tak;Nie;-;-;-;podziemny w kanalizacji;0.3;Nie
6554575;469495;721031;6554575C;5865538;469678;721050;5865538C;Orange Polska S.A.;światłowodowe;-;Tak;Nie;-;-;-;podziemny w kanalizacji;0.4;Nie
6598126;469621;721064;6598126C;6274234;469526;721079;6274234C;Orange Polska S.A.;światłowodowe;-;Tak;Nie;-;-;-;podziemny w kanalizacji;0.2;Nie
6598126;469621;721064;6598126C;6401879;469676;720986;6401879C;Orange Polska S.A.;światłowodowe;-;Tak;Nie;-;-;-;podziemny w kanalizacji;0.3;Nie
5905552;469276;721150;5905552C;6703608;469143;720972;6703608N;Orange Polska S.A.;światłowodowe;-;Tak;Nie;-;-;-;podziemny w kanalizacji;0.2;Nie
6274234;469526;721079;6274234C;6235293;469500;721095;6235293C;Orange Polska S.A.;światłowodowe;-;Tak;Nie;-;-;-;podziemny w kanalizacji;0.1;Nie
6596123;468557;721337;6596123C;6596129;468667;721620;6596129C;Towerlink Poland Sp. z o. o.;światłowodowe;-;Tak;Tak;-;-;-;podziemny;0.1;Nie
6283988;468614;721014;6283988C;5968627;468572;720989;5968627C;Orange Polska S.A.;światłowodowe;-;Tak;Nie;-;-;-;podziemny w kanalizacji;0.1;Nie
6283988;468614;721014;6283988C;5922327;468574;721083;5922327C;Orange Polska S.A.;światłowodowe;-;Tak;Nie;-;-;-;podziemny w kanalizacji;0.3;Nie
6022051;468614;721014;6022051C;6221468;468580;721145;6221468C;Orange Polska S.A.;światłowodowe;-;Tak;Nie;-;-;-;podziemny w kanalizacji;0.4;Nie
6390481;468614;721014;6390481C;5806538;468677;721142;5806538C;Światłowód Inwestycje Sp. z o. o.;światłowodowe;-;Tak;Nie;-;-;-;podziemny w kanalizacji;0.2;Nie
5973738;468841;722442;5973738C;6534944;469076;720672;6534944C;Orange Polska S.A.;światłowodowe;-;Tak;Nie;-;-;-;podziemny w kanalizacji;1.8;Nie
6596123;468557;721337;6596123C;6596100;468694;721776;6596100C;Towerlink Poland Sp. z o. o.;światłowodowe;-;Tak;Tak;-;-;-;podziemny;0.2;Nie
6354016;468605;721255;6354016C;5993769;468622;721280;5993769C;Światłowód Inwestycje Sp. z o. o.;światłowodowe;-;Tak;Nie;-;-;-;podziemny;0.1;Nie
6596097;469023;721420;6596097C;6596129;468667;721620;6596129C;Towerlink Poland Sp. z o. o.;światłowodowe;-;Tak;Tak;-;-;-;podziemny;0.2;Nie
6427634;468541;720910;6427634C;6455041;469734;720287;6455041C;Orange Polska S.A.;światłowodowe;-;Tak;Nie;-;-;-;podziemny w kanalizacji;3.9;Nie
6534944;469076;720672;6534944C;6534964;468839;720251;6534964C;Orange Polska S.A.;światłowodowe;-;Tak;Nie;-;-;-;podziemny w rurociągu;0.5;Nie
6645513;469120;721111;6645513N;6198208;468862;721094;6198208C;NETIA S.A.;światłowodowe;-;Nie;Nie;-;-;-;podziemny;0.4;Nie
6645513;469120;721111;6645513N;6198904;469689;720272;6198904C;NETIA S.A.;światłowodowe;-;Nie;Nie;-;-;-;podziemny;1.7;Tak
6645513;469120;721111;6645513N;6198795;469239;720625;6198795C;NETIA S.A.;światłowodowe;-;Nie;Nie;-;-;-;podziemny;0.7;Nie
5935003;468466;720935;5935003C;5957725;468444;720931;5957725C;Orange Polska S.A.;światłowodowe;-;Tak;Nie;-;-;-;podziemny;0.1;Nie
6369436;468550;720950;6369436C;6023081;468460;720977;6023081C;Światłowód Inwestycje Sp. z o. o.;światłowodowe;-;Tak;Nie;-;-;-;podziemny w kanalizacji;0.2;Nie
6023081;468460;720977;6023081C;6379247;468482;720967;6379247C;Światłowód Inwestycje Sp. z o. o.;światłowodowe;-;Tak;Nie;-;-;-;podziemny w kanalizacji;0.1;Nie
6369436;468550;720950;6369436C;6020522;468565;720950;6020522C;Światłowód Inwestycje Sp. z o. o.;światłowodowe;-;Tak;Nie;-;-;-;podziemny w kanalizacji;0.1;Nie
6309516;468394;721297;6309516C;6302629;468421;721309;6302629C;Światłowód Inwestycje Sp. z o. o.;światłowodowe;-;Tak;Nie;-;-;-;podziemny w kanalizacji;0.1;Nie
6309516;468394;721297;6309516C;6111179;468433;721351;6111179C;Światłowód Inwestycje Sp. z o. o.;światłowodowe;-;Tak;Nie;-;-;-;podziemny w kanalizacji;0.1;Nie
6111179;468433;721351;6111179C;5838082;468436;721356;5838082C;Światłowód Inwestycje Sp. z o. o.;światłowodowe;-;Tak;Nie;-;-;-;podziemny;0.1;Nie
6111179;468433;721351;6111179C;6119322;468449;721373;6119322C;Światłowód Inwestycje Sp. z o. o.;światłowodowe;-;Tak;Nie;-;-;-;podziemny;0.1;Nie
6765875;469023;721336;6765875N;5664138;469019;721322;5664138C;UPC POLSKA sp. z o.o.;światłowodowe;-;Tak;Nie;-;-;-;podziemny w kanalizacji;0.1;Nie
6111179;468433;721351;6111179C;5971440;468487;721332;5971440C;Światłowód Inwestycje Sp. z o. o.;światłowodowe;-;Tak;Nie;-;-;-;podziemny;0.1;Nie
6111179;468433;721351;6111179C;5786340;468440;721362;5786340C;Światłowód Inwestycje Sp. z o. o.;światłowodowe;-;Tak;Nie;-;-;-;podziemny;0.1;Nie
6198263;468370;721380;6198263C;6198208;468862;721094;6198208C;NETIA S.A.;światłowodowe;-;Nie;Nie;-;-;-;podziemny;0.8;Nie
6198208;468862;721094;6198208C;7008214;468838;721192;7008214N;NETIA S.A.;światłowodowe;-;Nie;Nie;-;-;-;podziemny;0.1;Nie
6125385;468341;721173;6125385C;6379910;468348;721116;6379910C;Światłowód Inwestycje Sp. z o. o.;światłowodowe;-;Tak;Nie;-;-;-;podziemny;0.1;Nie
6125385;468341;721173;6125385C;6379910;468348;721116;6379910C;Światłowód Inwestycje Sp. z o. o.;światłowodowe;-;Tak;Nie;-;-;-;podziemny;0.1;Nie
5806538;468677;721142;5806538C;5800835;468677;721164;5800835C;Światłowód Inwestycje Sp. z o. o.;światłowodowe;-;Tak;Nie;-;-;-;podziemny w rurociągu;0.1;Nie
5806538;468677;721142;5806538C;6025631;468677;721157;6025631C;Światłowód Inwestycje Sp. z o. o.;światłowodowe;-;Tak;Nie;-;-;-;podziemny w rurociągu;0.1;Nie
6125385;468341;721173;6125385C;5834387;468349;721108;5834387C;Światłowód Inwestycje Sp. z o. o.;światłowodowe;-;Tak;Nie;-;-;-;podziemny;0.1;Nie
6125385;468341;721173;6125385C;6397441;468346;721132;6397441C;Światłowód Inwestycje Sp. z o. o.;światłowodowe;-;Tak;Nie;-;-;-;podziemny;0.1;Nie
6125385;468341;721173;6125385C;5844100;468343;721157;5844100C;Światłowód Inwestycje Sp. z o. o.;światłowodowe;-;Tak;Nie;-;-;-;podziemny;0.1;Nie
6125385;468341;721173;6125385C;5983207;468342;721164;5983207C;Światłowód Inwestycje Sp. z o. o.;światłowodowe;-;Tak;Nie;-;-;-;podziemny;0.1;Nie
5833948;467420;721099;5833948C;6427634;468541;720910;6427634C;Orange Polska S.A.;światłowodowe;-;Tak;Nie;-;-;-;podziemny w kanalizacji;1.4;Nie
6222459;468031;720936;6222459C;5723627;467929;720982;5723627C;Orange Polska S.A.;światłowodowe;-;Tak;Nie;-;-;-;podziemny w kanalizacji;0.2;Nie
6222459;468031;720936;6222459C;5758454;468001;720977;5758454C;Orange Polska S.A.;światłowodowe;-;Tak;Nie;-;-;-;podziemny w kanalizacji;0.1;Nie
6023081;468460;720977;6023081C;5774002;468409;720971;5774002C;Światłowód Inwestycje Sp. z o. o.;światłowodowe;-;Tak;Nie;-;-;-;podziemny w kanalizacji;0.1;Nie
5833948;467420;721099;5833948C;7056758;467435;721061;7056758N;Orange Polska S.A.;światłowodowe;-;Tak;Nie;-;-;-;podziemny w rurociągu;0.1;Nie
6023081;468460;720977;6023081C;5830370;468431;720971;5830370C;Światłowód Inwestycje Sp. z o. o.;światłowodowe;-;Tak;Nie;-;-;-;podziemny w kanalizacji;0.1;Nie
6544967;467957;720804;6544967C;6563409;468409;720884;6563409C;Orange Polska S.A.;światłowodowe;-;Tak;Nie;-;-;-;podziemny w kanalizacji;0.7;Nie
6429638;467440;720760;6429638C;6429639;467385;720771;6429639C;UPC POLSKA sp. z o.o.;światłowodowe;-;Tak;Nie;-;-;-;podziemny w kanalizacji;0.1;Nie
6544967;467957;720804;6544967C;6222459;468031;720936;6222459C;Orange Polska S.A.;światłowodowe;-;Tak;Nie;-;-;-;podziemny w kanalizacji;0.2;Nie
5833948;467420;721099;5833948C;6459405;467690;720900;6459405C;Orange Polska S.A.;światłowodowe;-;Tak;Nie;-;-;-;podziemny w kanalizacji;0.4;Nie
6459405;467690;720900;6459405C;5917061;467561;721091;5917061C;Orange Polska S.A.;światłowodowe;-;Tak;Nie;-;-;-;podziemny w kanalizacji;0.4;Nie
6459405;467690;720900;6459405C;5986140;467762;721092;5986140C;Orange Polska S.A.;światłowodowe;-;Tak;Nie;-;-;-;podziemny w kanalizacji;0.2;Nie
5919827;467823;721137;5919827C;6229305;467751;721045;6229305C;Orange Polska S.A.;światłowodowe;-;Tak;Nie;-;-;-;podziemny w kanalizacji;0.3;Nie
5999886;467173;720346;5999886C;6254555;467075;720258;6254555C;Orange Polska S.A.;światłowodowe;-;Tak;Nie;-;-;-;podziemny w kanalizacji;0.2;Tak
5832322;467173;720346;5832322C;5779730;467317;720354;5779730C;Światłowód Inwestycje Sp. z o. o.;światłowodowe;-;Tak;Nie;-;-;-;podziemny w kanalizacji;0.2;Nie
5806648;467865;720653;5806648C;5753903;467407;720450;5753903C;Orange Polska S.A.;światłowodowe;-;Tak;Nie;-;-;-;podziemny w kanalizacji;0.6;Nie
6244830;467564;720413;6244830C;6599046;467615;720280;6599046C;Orange Polska S.A.;światłowodowe;-;Tak;Nie;-;-;-;podziemny w kanalizacji;0.4;Tak
6244830;467564;720413;6244830C;5715400;467649;720478;5715400C;Orange Polska S.A.;światłowodowe;-;Tak;Nie;-;-;-;podziemny w kanalizacji;0.2;Tak
5753903;467407;720450;5753903C;5999886;467173;720346;5999886C;Orange Polska S.A.;światłowodowe;-;Tak;Nie;-;-;-;podziemny w kanalizacji;0.4;Nie
5974343;468185;720617;5974343C;6294662;468217;720131;6294662C;Orange Polska S.A.;światłowodowe;-;Tak;Nie;-;-;-;podziemny w kanalizacji;0.6;Nie
6596101;468242;720362;6596101C;6596123;468557;721337;6596123C;Towerlink Poland Sp. z o. o.;światłowodowe;-;Tak;Tak;-;-;-;podziemny;1.9;Nie
6563409;468409;720884;6563409C;6273606;468384;720827;6273606C;Orange Polska S.A.;światłowodowe;-;Tak;Nie;-;-;-;podziemny w kanalizacji;0.1;Nie
5858543;468106;721123;5858543C;5760846;468158;721101;5760846C;Orange Polska S.A.;światłowodowe;-;Tak;Nie;-;-;-;podziemny w kanalizacji;0.1;Nie
5760846;468158;721101;5760846C;6273806;468220;721123;6273806C;Orange Polska S.A.;światłowodowe;-;Tak;Nie;-;-;-;podziemny w kanalizacji;0.1;Nie
6125385;468341;721173;6125385C;6359283;468350;721100;6359283C;Światłowód Inwestycje Sp. z o. o.;światłowodowe;-;Tak;Nie;-;-;-;podziemny;0.1;Nie
6294662;468217;720131;6294662C;6294686;468229;720163;6294686C;Orange Polska S.A.;światłowodowe;-;Tak;Nie;-;-;-;podziemny w kanalizacji;0.1;Nie
5706498;468475;720887;5706498C;6243369;468519;720867;6243369C;Orange Polska S.A.;światłowodowe;-;Tak;Nie;-;-;-;podziemny;0.1;Nie
6406382;467637;720202;6406382C;6162054;467743;720181;6162054C;Orange Polska S.A.;światłowodowe;-;Tak;Nie;-;-;-;podziemny w kanalizacji;0.2;Tak
5703000;467714;720234;5703000C;6406382;467637;720202;6406382C;Orange Polska S.A.;światłowodowe;-;Tak;Nie;-;-;-;podziemny w kanalizacji;0.2;Tak
5715400;467649;720478;5715400C;5746322;467724;720429;5746322C;Orange Polska S.A.;światłowodowe;-;Tak;Nie;-;-;-;podziemny w kanalizacji;0.2;Tak
5746322;467724;720429;5746322C;5936000;467907;720286;5936000C;Orange Polska S.A.;światłowodowe;-;Tak;Nie;-;-;-;podziemny w kanalizacji;0.3;Tak
6162054;467743;720181;6162054C;5928920;467870;720123;5928920C;Orange Polska S.A.;światłowodowe;-;Tak;Nie;-;-;-;podziemny w kanalizacji;0.2;Tak
5928920;467870;720123;5928920C;5946216;467927;720140;5946216C;Orange Polska S.A.;światłowodowe;-;Tak;Nie;-;-;-;podziemny w kanalizacji;0.1;Tak
6406382;467637;720202;6406382C;6575485;467635;720169;6575485C;Orange Polska S.A.;światłowodowe;-;Tak;Nie;-;-;-;podziemny w kanalizacji;0.1;Tak
5759913;466634;724724;5759913C;5715388;466600;724737;5715388C;Orange Polska S.A.;światłowodowe;-;Tak;Nie;-;-;-;podziemny w rurociągu;0.1;Tak
5759913;466634;724724;5759913C;5829936;466607;724690;5829936C;Orange Polska S.A.;światłowodowe;-;Tak;Nie;-;-;-;podziemny w rurociągu;0.1;Tak
6240368;466615;724631;6240368C;6239484;466898;724534;6239484C;Orange Polska S.A.;światłowodowe;-;Tak;Nie;-;-;-;podziemny w kanalizacji;0.5;Tak
5759913;466634;724724;5759913C;6240368;466615;724631;6240368C;Orange Polska S.A.;światłowodowe;-;Tak;Nie;-;-;-;podziemny w kanalizacji;0.1;Tak
5759913;466634;724724;5759913C;6159427;466641;724685;6159427C;Orange Polska S.A.;światłowodowe;-;Tak;Nie;-;-;-;podziemny w rurociągu;0.1;Tak
5759913;466634;724724;5759913C;6293060;466637;724707;6293060C;Orange Polska S.A.;światłowodowe;-;Tak;Nie;-;-;-;podziemny w rurociągu;0.1;Tak
5759913;466634;724724;5759913C;5914295;466534;724823;5914295C;Orange Polska S.A.;światłowodowe;-;Tak;Nie;-;-;-;podziemny w rurociągu;0.2;Tak
5769432;466585;724965;5769432C;6560547;466740;724906;6560547C;Orange Polska S.A.;światłowodowe;-;Tak;Nie;-;-;-;podziemny w kanalizacji;0.3;Tak
5759913;466634;724724;5759913C;5939027;466605;724707;5939027C;Orange Polska S.A.;światłowodowe;-;Tak;Nie;-;-;-;podziemny w rurociągu;0.1;Tak
7056186;468688;723756;7056186N;6591921;468648;725592;6591921C;Towerlink Poland Sp. z o. o.;światłowodowe;-;Tak;Tak;-;-;-;podziemny;2.2;Nie
5684020;466741;725069;5684020C;5970003;466980;725041;5970003C;Orange Polska S.A.;światłowodowe;-;Tak;Nie;-;-;-;podziemny w kanalizacji;0.4;Tak
6829604;466716;724037;6829604N;5759913;466634;724724;5759913C;Orange Polska S.A.;światłowodowe;-;Tak;Nie;-;-;-;podziemny w kanalizacji;0.8;Tak
6535180;466508;725179;6535180C;6535224;466490;725327;6535224C;Orange Polska S.A.;światłowodowe;-;Tak;Nie;-;-;-;podziemny w kanalizacji;0.2;Tak
6535224;466490;725327;6535224C;6007203;466504;725540;6007203C;Orange Polska S.A.;światłowodowe;-;Tak;Nie;-;-;-;podziemny w kanalizacji;0.2;Tak
6007203;466504;725540;6007203C;5762696;466573;725522;5762696C;Orange Polska S.A.;światłowodowe;-;Tak;Nie;-;-;-;podziemny w kanalizacji;0.1;Tak
6556900;466497;726118;6556900C;5665445;466501;726061;5665445C;Orange Polska S.A.;światłowodowe;-;Tak;Nie;-;-;-;podziemny w rurociągu;0.1;Nie
6556900;466497;726118;6556900C;5998834;466503;725871;5998834C;Orange Polska S.A.;światłowodowe;-;Tak;Nie;-;-;-;podziemny w kanalizacji;0.3;Tak
6276709;466456;724953;6276709C;5977225;466507;724885;5977225C;Orange Polska S.A.;światłowodowe;-;Tak;Nie;-;-;-;podziemny w rurociągu;0.2;Tak
6276709;466456;724953;6276709C;6164876;466498;724908;6164876C;Orange Polska S.A.;światłowodowe;-;Tak;Nie;-;-;-;podziemny w rurociągu;0.2;Tak
6276709;466456;724953;6276709C;6252799;466514;724952;6252799C;Orange Polska S.A.;światłowodowe;-;Tak;Nie;-;-;-;podziemny w rurociągu;0.1;Tak
6276709;466456;724953;6276709C;5887819;466471;724988;5887819C;Orange Polska S.A.;światłowodowe;-;Tak;Nie;-;-;-;podziemny w rurociągu;0.1;Tak
6276709;466456;724953;6276709C;5769432;466585;724965;5769432C;Orange Polska S.A.;światłowodowe;-;Tak;Nie;-;-;-;podziemny w kanalizacji;0.2;Tak
6198895;466516;724095;6198895C;7119434;466462;724241;7119434N;NETIA S.A.;światłowodowe;-;Nie;Nie;-;-;-;podziemny;0.2;Nie
7119434;466462;724241;7119434N;6198475;466516;724095;6198475C;NETIA S.A.;światłowodowe;-;Nie;Nie;-;-;-;podziemny;0.2;Nie
7119434;466462;724241;7119434N;6198896;466516;724095;6198896C;NETIA S.A.;światłowodowe;-;Nie;Nie;-;-;-;podziemny;0.2;Nie
6748978;466515;724330;6748978N;7119434;466462;724241;7119434N;NETIA S.A.;światłowodowe;-;Nie;Nie;-;-;-;podziemny;0.1;Nie
6429635;466547;728099;6429635C;6429636;466528;728041;6429636C;UPC POLSKA sp. z o.o.;światłowodowe;-;Tak;Nie;-;-;-;podziemny w kanalizacji;0.1;Nie
6430784;466533;728399;6430784C;6430785;466602;728454;6430785C;UPC POLSKA sp. z o.o.;światłowodowe;-;Tak;Nie;-;-;-;podziemny w kanalizacji;0.1;Nie
6428681;466609;728389;6428681C;6429635;466547;728099;6429635C;UPC POLSKA sp. z o.o.;światłowodowe;-;Tak;Nie;-;-;-;podziemny w kanalizacji;0.3;Nie
5673543;466674;728647;5673543C;5673544;466638;728307;5673544C;UPC POLSKA sp. z o.o.;światłowodowe;-;Tak;Nie;-;-;-;podziemny w kanalizacji;0.5;Nie
6562682;466472;729481;6562682C;6980616;466960;729085;6980616N;Orange Polska S.A.;światłowodowe;-;Tak;Nie;-;-;-;podziemny w kanalizacji;1.2;Nie
5945357;466495;729912;5945357C;6437948;466623;729917;6437948C;Orange Polska S.A.;światłowodowe;-;Tak;Nie;-;-;-;podziemny w rurociągu;0.2;Nie
6980616;466960;729085;6980616N;6252402;466990;729714;6252402C;Orange Polska S.A.;światłowodowe;-;Tak;Nie;-;-;-;podziemny w kanalizacji;1;Nie
6429953;467049;731092;6429953C;6633540;467057;731092;6633540N;UPC POLSKA sp. z o.o.;światłowodowe;-;Tak;Nie;-;-;-;podziemny;0.1;Nie
6562682;466472;729481;6562682C;5945357;466495;729912;5945357C;Orange Polska S.A.;światłowodowe;-;Tak;Nie;-;-;-;podziemny w kanalizacji;0.5;Nie
6198217;467118;729485;6198217C;6198500;466544;728618;6198500C;NETIA S.A.;światłowodowe;-;Nie;Nie;-;-;-;podziemny;1.2;Nie
6429315;471150;727291;6429315C;6632535;470606;727736;6632535N;UPC POLSKA sp. z o.o.;światłowodowe;-;Tak;Nie;-;-;-;podziemny w kanalizacji;0.8;Nie
6012286;470642;727703;6012286C;6310606;470606;727736;6310606C;Światłowód Inwestycje Sp. z o. o.;światłowodowe;-;Tak;Nie;-;-;-;podziemny w kanalizacji;0.1;Nie
5704051;471215;727586;5704051C;6549793;471062;727459;6549793C;Orange Polska S.A.;światłowodowe;-;Tak;Nie;-;-;-;podziemny w kanalizacji;0.3;Nie
6123380;471298;727993;6123380C;6128153;471068;727400;6128153C;Światłowód Inwestycje Sp. z o. o.;światłowodowe;-;Tak;Nie;-;-;-;podziemny w kanalizacji;0.7;Nie
5694843;471543;729899;5694843C;5691567;471507;730115;5691567C;Orange Polska S.A.;światłowodowe;-;Tak;Nie;-;-;-;podziemny w kanalizacji;0.2;Nie
5694843;471543;729899;5694843C;6474196;471539;730130;6474196C;Orange Polska S.A.;światłowodowe;-;Tak;Nie;-;-;-;podziemny w kanalizacji;0.2;Nie
6444346;471580;730176;6444346C;6633461;471497;730192;6633461N;UPC POLSKA sp. z o.o.;światłowodowe;-;Nie;Nie;-;-;-;podziemny w kanalizacji;0.1;Nie
6439272;471687;730693;6439272C;6979239;471777;730761;6979239N;Orange Polska S.A.;światłowodowe;-;Tak;Nie;-;-;-;podziemny w kanalizacji;0.3;Nie
6257753;471433;730778;6257753C;6260323;472110;727095;6260323C;Orange Polska S.A.;światłowodowe;-;Tak;Nie;-;-;-;podziemny w kanalizacji;2.7;Nie
6568947;471607;729711;6568947C;7061921;471936;727205;7061921N;Orange Polska S.A.;światłowodowe;-;Tak;Nie;-;-;-;podziemny w kanalizacji;2.7;Nie
6158931;471632;729465;6158931C;7133616;468655;729362;7133616N;T-MOBILE POLSKA S.A.;światłowodowe;-;Nie;Nie;-;-;-;podziemny;0.4;Nie
5877386;467106;729555;5877386C;5877679;467073;729437;5877679C;EXATEL S.A.;światłowodowe;-;Nie;Nie;-;-;-;napowietrzny;0.2;Nie
5877386;467106;729555;5877386C;5871640;468749;730175;5871640C;EXATEL S.A.;światłowodowe;-;Nie;Nie;-;-;-;napowietrzny;2;Nie
6158929;471589;729822;6158929C;6950879;471273;729651;6950879N;T-MOBILE POLSKA S.A.;światłowodowe;-;Nie;Nie;-;-;-;podziemny;0.6;Nie
6580814;471613;729663;6580814C;5966263;471681;729711;5966263C;Orange Polska S.A.;światłowodowe;-;Tak;Nie;-;-;-;podziemny w kanalizacji;0.2;Tak
5694843;471543;729899;5694843C;6162151;471485;730074;6162151C;Orange Polska S.A.;światłowodowe;-;Tak;Nie;-;-;-;podziemny w kanalizacji;0.3;Nie
6198217;467118;729485;6198217C;7039427;471349;729390;7039427N;NETIA S.A.;światłowodowe;-;Nie;Nie;-;-;-;podziemny;5.4;Nie
6198217;467118;729485;6198217C;6748070;467129;729404;6748070N;NETIA S.A.;światłowodowe;-;Nie;Nie;-;-;-;podziemny;0.1;Nie
6198217;467118;729485;6198217C;6748070;467129;729404;6748070N;NETIA S.A.;światłowodowe;-;Nie;Nie;-;-;-;podziemny;0.1;Nie
5842025;466214;729578;5842025C;6285254;466218;729353;6285254C;Orange Polska S.A.;światłowodowe;-;Tak;Nie;-;-;-;podziemny w kanalizacji;0.3;Nie
5944909;466820;729464;5944909C;5842025;466214;729578;5842025C;Orange Polska S.A.;światłowodowe;-;Tak;Nie;-;-;-;podziemny w kanalizacji;0.7;Nie
5842025;466214;729578;5842025C;5668119;466292;729527;5668119C;Orange Polska S.A.;światłowodowe;-;Tak;Nie;-;-;-;podziemny w kanalizacji;0.2;Nie
5842025;466214;729578;5842025C;6449560;466262;729746;6449560C;Orange Polska S.A.;światłowodowe;-;Tak;Nie;-;-;-;podziemny w kanalizacji;0.3;Nie
6285254;466218;729353;6285254C;6285266;466260;729238;6285266C;Orange Polska S.A.;światłowodowe;-;Tak;Nie;-;-;-;podziemny w kanalizacji;0.2;Nie
6634415;466226;729432;6634415N;6634627;466240;729301;6634627N;UPC POLSKA sp. z o.o.;światłowodowe;-;Tak;Nie;-;-;-;podziemny w kanalizacji;0.2;Nie
5842025;466214;729578;5842025C;6465353;466309;729746;6465353C;Orange Polska S.A.;światłowodowe;-;Tak;Nie;-;-;-;podziemny w kanalizacji;0.4;Nie
6749110;466289;729244;6749110N;7119435;466289;729251;7119435N;NETIA S.A.;światłowodowe;-;Nie;Nie;-;-;-;podziemny;0.1;Nie
7119435;466289;729251;7119435N;6198254;466217;729235;6198254C;NETIA S.A.;światłowodowe;-;Nie;Nie;-;-;-;podziemny;0.2;Nie
6165265;466221;728922;6165265C;5734618;466206;728586;5734618C;Orange Polska S.A.;światłowodowe;-;Tak;Nie;-;-;-;podziemny w kanalizacji;0.3;Nie
6165265;466221;728922;6165265C;5727465;466494;728752;5727465C;Orange Polska S.A.;światłowodowe;-;Tak;Nie;-;-;-;podziemny w kanalizacji;0.5;Nie
6021932;466220;729023;6021932C;6165265;466221;728922;6165265C;Orange Polska S.A.;światłowodowe;-;Tak;Nie;-;-;-;podziemny w kanalizacji;0.2;Nie
6021932;466220;729023;6021932C;6536606;466236;729046;6536606C;Orange Polska S.A.;światłowodowe;-;Tak;Nie;-;-;-;podziemny w kanalizacji;0.1;Nie
6246629;466594;728857;6246629C;5859829;466564;728909;5859829C;Orange Polska S.A.;światłowodowe;-;Tak;Nie;-;-;-;podziemny;0.2;Nie
5727465;466494;728752;5727465C;5827198;466521;728789;5827198C;Orange Polska S.A.;światłowodowe;-;Tak;Nie;-;-;-;podziemny w kanalizacji;0.2;Nie
6198763;466224;728841;6198763C;6198768;466224;728857;6198768C;NETIA S.A.;światłowodowe;-;Nie;Nie;-;-;-;podziemny;0.1;Tak
5734618;466206;728586;5734618C;6010354;466260;728475;6010354C;Orange Polska S.A.;światłowodowe;-;Tak;Nie;-;-;-;podziemny w kanalizacji;0.2;Nie
6198253;466455;727983;6198253C;6198254;466217;729235;6198254C;NETIA S.A.;światłowodowe;-;Nie;Nie;-;-;-;podziemny;1.7;Nie
6198762;466269;728154;6198762C;6198763;466224;728841;6198763C;NETIA S.A.;światłowodowe;-;Nie;Nie;-;-;-;podziemny;0.8;Tak
6010354;466260;728475;6010354C;5841364;466479;728005;5841364C;Orange Polska S.A.;światłowodowe;-;Tak;Nie;-;-;-;podziemny w kanalizacji;0.9;Nie
5842546;466260;728475;5842546C;5826698;466541;728513;5826698C;Światłowód Inwestycje Sp. z o. o.;światłowodowe;-;Tak;Nie;-;-;-;podziemny w kanalizacji;0.4;Nie
5743717;466359;727632;5743717C;6130418;466372;727632;6130418C;T-MOBILE POLSKA S.A.;światłowodowe;-;Nie;Nie;-;-;-;podziemny;0.1;Nie
6198757;466258;728446;6198757C;6198758;466395;728476;6198758C;NETIA S.A.;światłowodowe;-;Nie;Nie;-;-;-;podziemny;0.3;Tak
6198254;466217;729235;6198254C;6748617;466255;729226;6748617N;NETIA S.A.;światłowodowe;-;Nie;Nie;-;-;-;podziemny;0.1;Nie
6156328;467012;729329;6156328C;5835402;469932;726890;5835402C;Orange Polska S.A.;światłowodowe;-;Tak;Nie;-;-;-;podziemny w kanalizacji;1.6;Nie
7061921;471936;727205;7061921N;6156328;467012;729329;6156328C;Orange Polska S.A.;światłowodowe;-;Tak;Nie;-;-;-;podziemny w kanalizacji;1.7;Nie
6156328;467012;729329;6156328C;5831877;470432;727289;5831877C;Orange Polska S.A.;światłowodowe;-;Tak;Nie;-;-;-;podziemny w kanalizacji;0.9;Nie
5932655;471094;727408;5932655C;5998312;467012;729329;5998312C;Orange Polska S.A.;światłowodowe;-;Tak;Nie;-;-;-;podziemny w kanalizacji;4.2;Nie
7061921;471936;727205;7061921N;6232675;469764;727811;6232675C;Orange Polska S.A.;światłowodowe;-;Tak;Nie;-;-;-;podziemny w kanalizacji;2.7;Nie
6507198;471094;727408;6507198C;6746541;470432;727289;6746541N;LOGITUS Sp. z o.o.;światłowodowe;-;Nie;Nie;-;-;-;podziemny w kanalizacji;1;Nie
6592510;469932;726890;6592510C;6592742;471334;727149;6592742C;Towerlink Poland Sp. z o. o.;światłowodowe;-;Tak;Tak;-;-;-;podziemny;1.9;Nie
6592510;469932;726890;6592510C;7057639;469975;726906;7057639N;Towerlink Poland Sp. z o. o.;światłowodowe;-;Tak;Tak;-;-;-;podziemny;0.2;Nie
6198473;471921;727281;6198473C;6198505;471406;727036;6198505C;NETIA S.A.;światłowodowe;-;Nie;Nie;-;-;-;podziemny;0.8;Nie
6198505;471406;727036;6198505C;6748952;471480;727087;6748952N;NETIA S.A.;światłowodowe;-;Nie;Nie;-;-;-;podziemny;0.8;Nie
5997320;471690;727043;5997320C;6297463;471545;727251;6297463C;Orange Polska S.A.;światłowodowe;-;Tak;Nie;-;-;-;podziemny w kanalizacji;0.4;Nie
6968995;471793;727162;6968995N;6578917;471710;727088;6578917C;GDAŃSK-MIASTO NA PRAWACH POWIATU;światłowodowe;-;Nie;Nie;-;-;-;podziemny w kanalizacji;0.2;Nie
6528040;472058;727248;6528040C;6252410;472171;727415;6252410C;Orange Polska S.A.;światłowodowe;-;Tak;Nie;-;-;-;podziemny w kanalizacji;0.4;Nie
6233248;471921;727281;6233248C;6435997;471927;727254;6435997C;Orange Polska S.A.;światłowodowe;-;Tak;Nie;-;-;-;podziemny w kanalizacji;0.2;Nie
6198505;471406;727036;6198505C;6748439;471366;727267;6748439N;NETIA S.A.;światłowodowe;-;Nie;Nie;-;-;-;podziemny;0.3;Nie
6430806;471693;728927;6430806C;6430803;471985;727294;6430803C;UPC POLSKA sp. z o.o.;światłowodowe;-;Tak;Nie;-;-;-;podziemny w kanalizacji;0.1;Nie
6130424;471768;727306;6130424C;7133219;471697;727274;7133219N;T-MOBILE POLSKA S.A.;światłowodowe;-;Nie;Nie;-;-;-;podziemny;0.1;Nie
6214129;471919;727519;6214129C;6214128;471737;728959;6214128C;NAUKOWA I AKADEMICKA SIEĆ KOMPUTEROWA - PAŃSTWOWY INSTYTUT BADAWCZY;światłowodowe;-;Nie;Nie;-;-;-;podziemny w kanalizacji;1.5;Nie
5776924;471875;727717;5776924C;6130424;471768;727306;6130424C;T-MOBILE POLSKA S.A.;światłowodowe;-;Nie;Nie;-;-;-;podziemny;0.6;Nie
5694999;471840;728311;5694999C;7061921;471936;727205;7061921N;Orange Polska S.A.;światłowodowe;-;Tak;Nie;-;-;-;podziemny w kanalizacji;0.4;Nie
6467253;471298;727993;6467253C;5988016;471108;728052;5988016C;Orange Polska S.A.;światłowodowe;-;Tak;Nie;-;-;-;podziemny;0.4;Nie
6467253;471298;727993;6467253C;5689335;471156;728008;5689335C;Orange Polska S.A.;światłowodowe;-;Tak;Nie;-;-;-;podziemny;0.3;Nie
5689335;471156;728008;5689335C;5689324;471156;728035;5689324C;Orange Polska S.A.;światłowodowe;-;Tak;Nie;-;-;-;podziemny;0.1;Nie
5988016;471108;728052;5988016C;6055636;471108;728080;6055636C;Orange Polska S.A.;światłowodowe;-;Tak;Nie;-;-;-;podziemny;0.1;Nie
7061921;471936;727205;7061921N;6027011;471366;727291;6027011C;Orange Polska S.A.;światłowodowe;-;Tak;Nie;-;-;-;podziemny w kanalizacji;0.8;Nie
6010864;471399;727302;6010864C;6116262;471424;727310;6116262C;Światłowód Inwestycje Sp. z o. o.;światłowodowe;-;Tak;Nie;-;-;-;podziemny w kanalizacji;0.1;Nie
7061921;471936;727205;7061921N;6688516;471594;728531;6688516N;Orange Polska S.A.;światłowodowe;-;Tak;Nie;-;-;-;podziemny w kanalizacji;2.1;Nie
5663688;471634;727739;5663688C;6633900;471644;727625;6633900N;UPC POLSKA sp. z o.o.;światłowodowe;-;Tak;Nie;-;-;-;podziemny w kanalizacji;0.1;Nie
5663688;471634;727739;5663688C;6633895;471690;727697;6633895N;UPC POLSKA sp. z o.o.;światłowodowe;-;Tak;Nie;-;-;-;podziemny w kanalizacji;0.2;Nie
6027011;471366;727291;6027011C;5678582;471363;727159;5678582C;Orange Polska S.A.;światłowodowe;-;Tak;Nie;-;-;-;podziemny w kanalizacji;0.3;Nie
5670458;471419;727189;5670458C;6647103;471382;727342;6647103N;UPC POLSKA sp. z o.o.;światłowodowe;-;Tak;Nie;-;-;-;podziemny w kanalizacji;0.2;Nie
6459129;471399;727302;6459129C;6578935;471398;727271;6578935C;Orange Polska S.A.;światłowodowe;-;Tak;Nie;-;-;-;podziemny w kanalizacji;0.1;Nie
6507198;471094;727408;6507198C;6746542;471634;727739;6746542N;LOGITUS Sp. z o.o.;światłowodowe;-;Nie;Nie;-;-;-;podziemny w kanalizacji;1;Nie
5704051;471215;727586;5704051C;6270688;471467;727940;6270688C;Orange Polska S.A.;światłowodowe;-;Tak;Nie;-;-;-;podziemny w kanalizacji;0.7;Nie
5759020;471181;727800;5759020C;6277086;471203;727756;6277086C;Orange Polska S.A.;światłowodowe;-;Tak;Nie;-;-;-;podziemny w kanalizacji;0.1;Nie
6459129;471399;727302;6459129C;6164258;471175;727243;6164258C;Orange Polska S.A.;światłowodowe;-;Tak;Nie;-;-;-;podziemny w kanalizacji;0.3;Nie
5670458;471419;727189;5670458C;6647099;471137;727131;6647099N;UPC POLSKA sp. z o.o.;światłowodowe;-;Tak;Nie;-;-;-;podziemny w kanalizacji;0.3;Nie
6592742;471334;727149;6592742C;6592741;472381;727381;6592741C;Towerlink Poland Sp. z o. o.;światłowodowe;-;Tak;Tak;-;-;-;podziemny;1.6;Nie
6297463;471545;727251;6297463C;6544529;471581;727261;6544529C;Orange Polska S.A.;światłowodowe;-;Tak;Nie;-;-;-;podziemny w kanalizacji;0.1;Nie
6507199;472338;727433;6507199C;6507198;471094;727408;6507198C;LOGITUS Sp. z o.o.;światłowodowe;-;Nie;Nie;-;-;-;podziemny w kanalizacji;1.8;Nie
7012507;471464;726707;7012507N;6198505;471406;727036;6198505C;NETIA S.A.;światłowodowe;-;Nie;Nie;-;-;-;podziemny;0.5;Nie
6198505;471406;727036;6198505C;6749709;471501;726755;6749709N;NETIA S.A.;światłowodowe;-;Nie;Nie;-;-;-;podziemny;0.4;Nie
6578917;471710;727088;6578917C;6578916;471714;726882;6578916C;GDAŃSK-MIASTO NA PRAWACH POWIATU;światłowodowe;-;Nie;Nie;-;-;-;podziemny w rurociągu;0.2;Nie
6578916;471714;726882;6578916C;6578915;471804;726939;6578915C;GDAŃSK-MIASTO NA PRAWACH POWIATU;światłowodowe;-;Nie;Nie;-;-;-;podziemny w rurociągu;0.2;Nie
6954899;472212;726614;6954899N;6148783;471888;727862;6148783C;T-MOBILE POLSKA S.A.;światłowodowe;-;Nie;Nie;-;-;-;podziemny;1.5;Nie
7061921;471936;727205;7061921N;5698023;472102;726667;5698023C;Orange Polska S.A.;światłowodowe;-;Tak;Nie;-;-;-;podziemny w kanalizacji;1;Nie
7061921;471936;727205;7061921N;6026947;472031;727656;6026947C;Orange Polska S.A.;światłowodowe;-;Tak;Nie;-;-;-;podziemny w kanalizacji;0.9;Nie
5871654;472038;727592;5871654C;5876048;472338;727433;5876048C;EXATEL S.A.;światłowodowe;-;Nie;Nie;-;-;-;podziemny;0.5;Nie
6876010;472165;726754;6876010N;6860408;472192;726698;6860408N;EXATEL S.A.;światłowodowe;-;Nie;Nie;-;-;-;podziemny;0.2;Nie
6401850;472268;727303;6401850C;6401877;471880;729526;6401877C;Orange Polska S.A.;światłowodowe;-;Tak;Nie;-;-;-;podziemny w rurociągu;2.3;Nie
6561090;472596;727335;6561090C;6159167;472485;727323;6159167C;Orange Polska S.A.;światłowodowe;-;Tak;Nie;-;-;-;podziemny w kanalizacji;0.1;Nie
6429625;472617;727279;6429625C;6633877;472645;727284;6633877N;UPC POLSKA sp. z o.o.;światłowodowe;-;Tak;Nie;-;-;-;podziemny w kanalizacji;0.1;Nie
6022871;472774;727782;6022871C;5919967;472629;727827;5919967C;Orange Polska S.A.;światłowodowe;-;Tak;Nie;-;-;-;podziemny w kanalizacji;0.3;Nie
6500747;473010;727481;6500747C;6480304;472906;727506;6480304C;3s Spółka Akcyjna;światłowodowe;-;Tak;Nie;-;-;-;podziemny w kanalizacji;0.3;Nie
6216056;472200;726610;6216056C;6216038;472121;726595;6216038C;NAUKOWA I AKADEMICKA SIEĆ KOMPUTEROWA - PAŃSTWOWY INSTYTUT BADAWCZY;światłowodowe;-;Nie;Nie;-;-;-;podziemny w kanalizacji;0.5;Nie
6954899;472212;726614;6954899N;6092332;472244;726658;6092332C;T-MOBILE POLSKA S.A.;światłowodowe;-;Nie;Nie;-;-;-;podziemny;0.2;Nie
6633896;471938;727251;6633896N;6647104;471959;727318;6647104N;UPC POLSKA sp. z o.o.;światłowodowe;-;Tak;Nie;-;-;-;podziemny w kanalizacji;0.2;Nie
6560906;471950;727444;6560906C;6233248;471921;727281;6233248C;Orange Polska S.A.;światłowodowe;-;Tak;Nie;-;-;-;podziemny w kanalizacji;0.4;Nie
6025661;472955;727231;6025661C;6175677;473013;727292;6175677C;Orange Polska S.A.;światłowodowe;-;Tak;Nie;-;-;-;podziemny w kanalizacji;0.1;Nie
5979388;473153;727814;5979388C;5886132;473190;727823;5886132C;Orange Polska S.A.;światłowodowe;-;Tak;Nie;-;-;-;podziemny w kanalizacji;0.3;Nie
5657805;473172;727883;5657805C;6243434;473175;727929;6243434C;Orange Polska S.A.;światłowodowe;-;Tak;Nie;-;-;-;podziemny w kanalizacji;0.2;Nie
6285562;473229;727026;6285562C;5875278;473324;727059;5875278C;Orange Polska S.A.;światłowodowe;-;Tak;Nie;-;-;-;podziemny w kanalizacji;0.2;Nie
5696279;473003;727533;5696279C;6256195;473041;727724;6256195C;Orange Polska S.A.;światłowodowe;-;Tak;Nie;-;-;-;podziemny w kanalizacji;0.3;Nie
6471718;473493;727598;6471718C;6156210;473546;727298;6156210C;Orange Polska S.A.;światłowodowe;-;Tak;Nie;-;-;-;podziemny w kanalizacji;0.3;Nie
5703913;472872;726078;5703913C;5975546;472886;726087;5975546C;Orange Polska S.A.;światłowodowe;-;Tak;Nie;-;-;-;podziemny w rurociągu;0.1;Nie
5876455;472615;726520;5876455C;5875195;472964;726283;5875195C;EXATEL S.A.;światłowodowe;-;Nie;Nie;-;-;-;podziemny;0.7;Nie
6017594;472340;726413;6017594C;5943174;472405;726390;5943174C;Orange Polska S.A.;światłowodowe;-;Tak;Nie;-;-;-;podziemny w kanalizacji;0.2;Nie
5817236;473413;726785;5817236C;6584640;473346;726858;6584640C;Orange Polska S.A.;światłowodowe;-;Tak;Nie;-;-;-;podziemny w rurociągu;0.1;Nie
6297409;472901;726788;6297409C;5916258;472890;726813;5916258C;Orange Polska S.A.;światłowodowe;-;Tak;Nie;-;-;-;podziemny w rurociągu;0.1;Nie
5922707;473122;725306;5922707C;6401850;472268;727303;6401850C;Orange Polska S.A.;światłowodowe;-;Tak;Nie;-;-;-;podziemny w rurociągu;2.3;Nie
5709391;472811;725536;5709391C;7061921;471936;727205;7061921N;Orange Polska S.A.;światłowodowe;-;Tak;Nie;-;-;-;podziemny w kanalizacji;2.1;Nie
6240979;472727;728314;6240979C;5908972;472715;728250;5908972C;Orange Polska S.A.;światłowodowe;-;Tak;Nie;-;-;-;podziemny w kanalizacji;0.2;Nie
6001439;472921;728425;6001439C;6257530;473085;728466;6257530C;Orange Polska S.A.;światłowodowe;-;Tak;Nie;-;-;-;podziemny w kanalizacji;0.3;Nie
5690058;472178;728562;5690058C;6577769;472164;728670;6577769C;Orange Polska S.A.;światłowodowe;-;Tak;Nie;-;-;-;podziemny w kanalizacji;0.2;Nie
6534669;472624;728706;6534669C;5699532;472891;728748;5699532C;Orange Polska S.A.;światłowodowe;-;Tak;Nie;-;-;-;podziemny w kanalizacji;0.4;Nie
6411057;472206;728712;6411057C;6247276;472162;728753;6247276C;Orange Polska S.A.;światłowodowe;-;Tak;Nie;-;-;-;podziemny w kanalizacji;0.1;Nie
6281261;473044;728835;6281261C;5715765;473132;728878;5715765C;Orange Polska S.A.;światłowodowe;-;Tak;Nie;-;-;-;podziemny w kanalizacji;0.2;Nie
6556951;472345;728241;6556951C;6989592;472215;728216;6989592N;Orange Polska S.A.;światłowodowe;-;Tak;Nie;-;-;-;podziemny w kanalizacji;0.2;Nie
6159716;473455;729043;6159716C;5753606;473431;729009;5753606C;Orange Polska S.A.;światłowodowe;-;Tak;Nie;-;-;-;podziemny w kanalizacji;0.1;Nie
6837856;472149;725008;6837856N;5652580;472106;724998;5652580C;Orange Polska S.A.;światłowodowe;-;Tak;Nie;-;-;-;podziemny w kanalizacji;0.2;Nie
6022631;472259;724757;6022631C;6022628;472185;724695;6022628C;Orange Polska S.A.;światłowodowe;-;Tak;Nie;-;-;-;podziemny w kanalizacji;0.3;Nie
6031142;472281;725060;6031142C;5834921;472318;725100;5834921C;Orange Polska S.A.;światłowodowe;-;Tak;Nie;-;-;-;podziemny w kanalizacji;0.1;Nie
6398262;473217;724249;6398262C;6301699;473238;724265;6301699C;Światłowód Inwestycje Sp. z o. o.;światłowodowe;-;Tak;Nie;-;-;-;podziemny w kanalizacji;0.2;Nie
6533334;473436;725502;6533334C;5914408;473487;725390;5914408C;Orange Polska S.A.;światłowodowe;-;Tak;Nie;-;-;-;podziemny w kanalizacji;0.3;Nie
6022597;473591;724960;6022597C;6022598;473486;724976;6022598C;Orange Polska S.A.;światłowodowe;-;Tak;Nie;-;-;-;podziemny w rurociągu;0.1;Nie
5726416;472149;725008;5726416C;5939800;472067;725125;5939800C;Orange Polska S.A.;światłowodowe;-;Tak;Nie;-;-;-;podziemny w kanalizacji;0.2;Nie
6021099;472556;725425;6021099C;5741632;472119;725509;5741632C;Orange Polska S.A.;światłowodowe;-;Tak;Nie;-;-;-;podziemny w kanalizacji;0.6;Nie
6216045;472093;726621;6216045C;6216038;472121;726595;6216038C;NAUKOWA I AKADEMICKA SIEĆ KOMPUTEROWA - PAŃSTWOWY INSTYTUT BADAWCZY;światłowodowe;-;Nie;Nie;-;-;-;podziemny;0.1;Nie
6216036;472102;726667;6216036C;6216038;472121;726595;6216038C;NAUKOWA I AKADEMICKA SIEĆ KOMPUTEROWA - PAŃSTWOWY INSTYTUT BADAWCZY;światłowodowe;-;Nie;Nie;-;-;-;podziemny;0.3;Nie
6216033;472112;726627;6216033C;6216038;472121;726595;6216038C;NAUKOWA I AKADEMICKA SIEĆ KOMPUTEROWA - PAŃSTWOWY INSTYTUT BADAWCZY;światłowodowe;-;Nie;Nie;-;-;-;podziemny;0.1;Nie
6216037;472071;726665;6216037C;6216036;472102;726667;6216036C;NAUKOWA I AKADEMICKA SIEĆ KOMPUTEROWA - PAŃSTWOWY INSTYTUT BADAWCZY;światłowodowe;-;Nie;Nie;-;-;-;podziemny;0.3;Nie
5978921;472106;726964;5978921C;6376741;472049;726911;6376741C;Światłowód Inwestycje Sp. z o. o.;światłowodowe;-;Tak;Nie;-;-;-;podziemny w kanalizacji;0.3;Nie
6214129;471919;727519;6214129C;6214118;472444;727640;6214118C;NAUKOWA I AKADEMICKA SIEĆ KOMPUTEROWA - PAŃSTWOWY INSTYTUT BADAWCZY;światłowodowe;-;Nie;Nie;-;-;-;podziemny w kanalizacji;1;Nie
6837861;473107;727632;6837861N;7061921;471936;727205;7061921N;Orange Polska S.A.;światłowodowe;-;Tak;Nie;-;-;-;podziemny w kanalizacji;2;Nie
6279263;472297;727566;6279263C;6536895;472432;727985;6536895C;Orange Polska S.A.;światłowodowe;-;Tak;Nie;-;-;-;podziemny;0.8;Nie
6561067;472368;727280;6561067C;5932476;472348;727306;5932476C;Orange Polska S.A.;światłowodowe;-;Tak;Nie;-;-;-;podziemny w kanalizacji;0.2;Nie
5672485;472821;727747;5672485C;5671907;472348;727306;5671907C;UPC POLSKA sp. z o.o.;światłowodowe;-;Tak;Nie;-;-;-;podziemny w kanalizacji;0.9;Nie
6561067;472368;727280;6561067C;6598484;472453;727009;6598484C;Orange Polska S.A.;światłowodowe;-;Tak;Nie;-;-;-;podziemny w kanalizacji;0.4;Nie
6260323;472110;727095;6260323C;6837861;473107;727632;6837861N;Orange Polska S.A.;światłowodowe;-;Tak;Nie;-;-;-;podziemny w kanalizacji;2.4;Nie
7061921;471936;727205;7061921N;6299584;472209;725969;6299584C;Orange Polska S.A.;światłowodowe;-;Tak;Nie;-;-;-;podziemny w kanalizacji;2.1;Nie
6005697;471989;726237;6005697C;6439608;472060;726024;6439608C;Orange Polska S.A.;światłowodowe;-;Tak;Nie;-;-;-;podziemny w kanalizacji;0.4;Nie
7061921;471936;727205;7061921N;5822843;472021;726204;5822843C;Orange Polska S.A.;światłowodowe;-;Tak;Nie;-;-;-;podziemny w kanalizacji;1.5;Nie
6444743;472106;726964;6444743C;6448298;472355;726285;6448298C;Orange Polska S.A.;światłowodowe;-;Tak;Nie;-;-;-;podziemny w kanalizacji;0.8;Nie
6214131;472320;726457;6214131C;6214129;471919;727519;6214129C;NAUKOWA I AKADEMICKA SIEĆ KOMPUTEROWA - PAŃSTWOWY INSTYTUT BADAWCZY;światłowodowe;-;Nie;Nie;-;-;-;podziemny w kanalizacji;1.2;Nie
6214131;472320;726457;6214131C;6216056;472200;726610;6216056C;NAUKOWA I AKADEMICKA SIEĆ KOMPUTEROWA - PAŃSTWOWY INSTYTUT BADAWCZY;światłowodowe;-;Nie;Nie;-;-;-;podziemny w kanalizacji;0.5;Nie
6556670;471485;726787;6556670C;6531678;471539;726583;6531678C;Orange Polska S.A.;światłowodowe;-;Tak;Nie;-;-;-;podziemny w kanalizacji;0.3;Nie
6531678;471539;726583;6531678C;5938514;471503;726584;5938514C;Orange Polska S.A.;światłowodowe;-;Tak;Nie;-;-;-;podziemny w kanalizacji;0.1;Nie
6531678;471539;726583;6531678C;6585214;471645;726871;6585214C;Orange Polska S.A.;światłowodowe;-;Tak;Nie;-;-;-;podziemny w kanalizacji;0.4;Nie
6634698;471515;726594;6634698N;6634697;471438;726825;6634697N;UPC POLSKA sp. z o.o.;światłowodowe;-;Tak;Nie;-;-;-;podziemny w kanalizacji;0.3;Nie
6556670;471485;726787;6556670C;5905828;471540;726967;5905828C;Orange Polska S.A.;światłowodowe;-;Tak;Nie;-;-;-;podziemny;0.2;Nie
5982636;471485;726787;5982636C;6314661;471551;726792;6314661C;Światłowód Inwestycje Sp. z o. o.;światłowodowe;-;Tak;Nie;-;-;-;podziemny w kanalizacji;0.3;Nie
5670458;471419;727189;5670458C;6647101;471685;726124;6647101N;UPC POLSKA sp. z o.o.;światłowodowe;-;Tak;Nie;-;-;-;podziemny w kanalizacji;1.1;Nie
6531678;471539;726583;6531678C;6585856;471635;726315;6585856C;Orange Polska S.A.;światłowodowe;-;Tak;Nie;-;-;-;podziemny w kanalizacji;0.3;Nie
6531678;471539;726583;6531678C;6227749;471602;726522;6227749C;Orange Polska S.A.;światłowodowe;-;Tak;Nie;-;-;-;podziemny w kanalizacji;0.3;Nie
6531678;471539;726583;6531678C;5992322;471658;726573;5992322C;Orange Polska S.A.;światłowodowe;-;Tak;Nie;-;-;-;podziemny w kanalizacji;0.3;Nie
6531678;471539;726583;6531678C;5750946;471574;726489;5750946C;Orange Polska S.A.;światłowodowe;-;Tak;Nie;-;-;-;podziemny w kanalizacji;0.2;Nie
6531678;471539;726583;6531678C;5718550;471638;726508;5718550C;Orange Polska S.A.;światłowodowe;-;Tak;Nie;-;-;-;podziemny w kanalizacji;0.2;Nie
6578916;471714;726882;6578916C;6578978;472373;725966;6578978C;GDAŃSK-MIASTO NA PRAWACH POWIATU;światłowodowe;-;Nie;Nie;-;-;-;podziemny w rurociągu;0.8;Nie
6578975;472387;726452;6578975C;6578976;471225;727398;6578976C;GDAŃSK-MIASTO NA PRAWACH POWIATU;światłowodowe;-;Nie;Nie;-;-;-;podziemny w kanalizacji;0.9;Nie
6459129;471399;727302;6459129C;6573158;471408;727014;6573158C;Orange Polska S.A.;światłowodowe;-;Tak;Nie;-;-;-;podziemny w kanalizacji;0.4;Nie
6573158;471408;727014;6573158C;5716115;471500;727135;5716115C;Orange Polska S.A.;światłowodowe;-;Tak;Nie;-;-;-;podziemny;0.3;Nie
7061921;471936;727205;7061921N;5755208;471254;727096;5755208C;Orange Polska S.A.;światłowodowe;-;Tak;Nie;-;-;-;podziemny w kanalizacji;1.3;Nie
6592742;471334;727149;6592742C;7048616;471261;727098;7048616N;Towerlink Poland Sp. z o. o.;światłowodowe;-;Tak;Tak;-;-;-;podziemny;0.2;Nie
5929043;471244;724133;5929043C;5738117;471258;724130;5738117C;Orange Polska S.A.;światłowodowe;-;Tak;Nie;-;-;-;podziemny w rurociągu;0.1;Nie
5929043;471244;724133;5929043C;6156277;471233;724137;6156277C;Orange Polska S.A.;światłowodowe;-;Tak;Nie;-;-;-;podziemny w rurociągu;0.1;Nie
6585856;471635;726315;6585856C;6471997;471852;725865;6471997C;Orange Polska S.A.;światłowodowe;-;Tak;Nie;-;-;-;podziemny w kanalizacji;0.6;Nie
5663433;471798;726320;5663433C;6647101;471685;726124;6647101N;UPC POLSKA sp. z o.o.;światłowodowe;-;Tak;Nie;-;-;-;podziemny w kanalizacji;0.4;Nie
6632765;471772;726300;6632765N;5663433;471798;726320;5663433C;UPC POLSKA sp. z o.o.;światłowodowe;-;Tak;Nie;-;-;-;podziemny w kanalizacji;0.1;Nie
6471997;471852;725865;6471997C;6491754;471708;725977;6491754C;Orange Polska S.A.;światłowodowe;-;Tak;Nie;-;-;-;podziemny w kanalizacji;0.2;Nie
6559997;471296;724120;6559997C;5929043;471244;724133;5929043C;Orange Polska S.A.;światłowodowe;-;Tak;Nie;-;-;-;podziemny w kanalizacji;0.1;Nie
6198895;466516;724095;6198895C;6748402;466503;724107;6748402N;NETIA S.A.;światłowodowe;-;Nie;Nie;-;-;-;podziemny;0.1;Nie
7119434;466462;724241;7119434N;7144527;466527;724206;7144527N;NETIA S.A.;światłowodowe;-;Nie;Nie;-;-;-;podziemny;0.2;Nie
6198251;466616;727918;6198251C;6198258;466803;725199;6198258C;NETIA S.A.;światłowodowe;-;Nie;Nie;-;-;-;podziemny;2.8;Nie
6198253;466455;727983;6198253C;6198500;466544;728618;6198500C;NETIA S.A.;światłowodowe;-;Nie;Nie;-;-;-;podziemny;1.1;Nie
6198500;466544;728618;6198500C;6198251;466616;727918;6198251C;NETIA S.A.;światłowodowe;-;Nie;Nie;-;-;-;podziemny;0.9;Nie
6198455;466541;728513;6198455C;6198253;466455;727983;6198253C;NETIA S.A.;światłowodowe;-;Nie;Nie;-;-;-;podziemny;1;Nie
6749351;466661;728534;6749351N;6198500;466544;728618;6198500C;NETIA S.A.;światłowodowe;-;Nie;Nie;-;-;-;podziemny;0.1;Nie
6535180;466508;725179;6535180C;5874595;466718;725133;5874595C;Orange Polska S.A.;światłowodowe;-;Tak;Nie;-;-;-;podziemny w kanalizacji;0.3;Tak
6591921;468648;725592;6591921C;6592510;469932;726890;6592510C;Towerlink Poland Sp. z o. o.;światłowodowe;-;Tak;Tak;-;-;-;podziemny;2.3;Nie
6596099;468648;725603;6596099C;6596110;467002;727549;6596110C;Towerlink Poland Sp. z o. o.;światłowodowe;-;Tak;Tak;-;-;-;podziemny;3.7;Nie
6556900;466497;726118;6556900C;6229938;466422;726231;6229938C;Orange Polska S.A.;światłowodowe;-;Tak;Nie;-;-;-;podziemny w kanalizacji;0.2;Tak
7119434;466462;724241;7119434N;6748608;466445;724224;6748608N;NETIA S.A.;światłowodowe;-;Nie;Nie;-;-;-;podziemny;0.1;Nie
5760225;466413;725063;5760225C;6535180;466508;725179;6535180C;Orange Polska S.A.;światłowodowe;-;Tak;Nie;-;-;-;podziemny w kanalizacji;0.3;Tak
6535180;466508;725179;6535180C;5684020;466741;725069;5684020C;Orange Polska S.A.;światłowodowe;-;Tak;Nie;-;-;-;podziemny w kanalizacji;0.4;Tak
6198460;466385;725098;6198460C;6198257;466803;725199;6198257C;NETIA S.A.;światłowodowe;-;Nie;Nie;-;-;-;podziemny;0.8;Nie
7148084;466555;728095;7148084N;6198494;466528;728041;6198494C;NETIA S.A.;światłowodowe;-;Nie;Nie;-;-;-;podziemny;0.1;Nie
6749696;466635;728312;6749696N;6198494;466528;728041;6198494C;NETIA S.A.;światłowodowe;-;Nie;Nie;-;-;-;podziemny;0.5;Nie
6198758;466395;728476;6198758C;6198759;466541;728513;6198759C;NETIA S.A.;światłowodowe;-;Nie;Nie;-;-;-;podziemny;0.2;Tak
5727465;466494;728752;5727465C;6559897;466554;728781;6559897C;Orange Polska S.A.;światłowodowe;-;Tak;Nie;-;-;-;podziemny w kanalizacji;0.2;Nie
6198500;466544;728618;6198500C;7144644;466626;728634;7144644N;NETIA S.A.;światłowodowe;-;Nie;Nie;-;-;-;podziemny;0.2;Nie
6198455;466541;728513;6198455C;6748752;466592;728467;6748752N;NETIA S.A.;światłowodowe;-;Nie;Nie;-;-;-;podziemny;0.1;Nie
6198494;466528;728041;6198494C;6749307;466620;728323;6749307N;NETIA S.A.;światłowodowe;-;Nie;Nie;-;-;-;podziemny;0.5;Nie
6748611;466498;728599;6748611N;6198455;466541;728513;6198455C;NETIA S.A.;światłowodowe;-;Nie;Nie;-;-;-;podziemny;0.1;Nie
6276709;466456;724953;6276709C;5713121;466362;724953;5713121C;Orange Polska S.A.;światłowodowe;-;Tak;Nie;-;-;-;podziemny w rurociągu;0.1;Tak
6276709;466456;724953;6276709C;5908196;466393;724969;5908196C;Orange Polska S.A.;światłowodowe;-;Tak;Nie;-;-;-;podziemny w rurociągu;0.1;Tak
6276709;466456;724953;6276709C;6565993;466412;724939;6565993C;Orange Polska S.A.;światłowodowe;-;Tak;Nie;-;-;-;podziemny w rurociągu;0.1;Tak
6276709;466456;724953;6276709C;6420781;466430;724987;6420781C;Orange Polska S.A.;światłowodowe;-;Tak;Nie;-;-;-;podziemny w rurociągu;0.1;Tak
6276709;466456;724953;6276709C;6410733;466453;724906;6410733C;Orange Polska S.A.;światłowodowe;-;Tak;Nie;-;-;-;podziemny w rurociągu;0.1;Tak
6276709;466456;724953;6276709C;5944902;466376;724929;5944902C;Orange Polska S.A.;światłowodowe;-;Tak;Nie;-;-;-;podziemny w rurociągu;0.2;Tak
6276709;466456;724953;6276709C;6411338;466435;724944;6411338C;Orange Polska S.A.;światłowodowe;-;Tak;Nie;-;-;-;podziemny w rurociągu;0.1;Tak
6596110;467002;727549;6596110C;6591742;466622;728168;6591742C;Towerlink Poland Sp. z o. o.;światłowodowe;-;Tak;Tak;-;-;-;podziemny;0.7;Nie
6749127;466302;727691;6749127N;7006528;466312;727682;7006528N;NETIA S.A.;światłowodowe;-;Nie;Nie;-;-;-;podziemny;0.1;Nie
6198253;466455;727983;6198253C;6198251;466616;727918;6198251C;NETIA S.A.;światłowodowe;-;Nie;Nie;-;-;-;podziemny;0.5;Nie
7006346;466480;728012;7006346N;6198534;466455;727983;6198534C;NETIA S.A.;światłowodowe;-;Nie;Nie;-;-;-;podziemny;0.1;Nie
6198534;466455;727983;6198534C;6198494;466528;728041;6198494C;NETIA S.A.;światłowodowe;-;Nie;Nie;-;-;-;podziemny;0.1;Nie
7048379;466544;728031;7048379N;6591742;466622;728168;6591742C;Towerlink Poland Sp. z o. o.;światłowodowe;-;Tak;Tak;-;-;-;podziemny;0.7;Nie
6749131;466455;727976;6749131N;6198494;466528;728041;6198494C;NETIA S.A.;światłowodowe;-;Nie;Nie;-;-;-;podziemny;0.3;Nie
6198215;466330;727716;6198215C;6198253;466455;727983;6198253C;NETIA S.A.;światłowodowe;-;Nie;Nie;-;-;-;podziemny;0.3;Nie
6198215;466330;727716;6198215C;6749127;466302;727691;6749127N;NETIA S.A.;światłowodowe;-;Nie;Nie;-;-;-;podziemny;0.1;Nie
6198260;468449;723412;6198260C;6198258;466803;725199;6198258C;NETIA S.A.;światłowodowe;-;Nie;Nie;-;-;-;podziemny;2.6;Nie
7011767;466287;729251;7011767N;7011765;469062;723426;7011765N;Air-Net Sp. z o.o.;światłowodowe;-;Nie;Nie;-;-;-;podziemny;10;Nie
6591743;468694;723745;6591743C;6596099;468648;725603;6596099C;Towerlink Poland Sp. z o. o.;światłowodowe;-;Tak;Tak;-;-;-;podziemny;2.2;Nie
5937921;466729;724025;5937921C;6556900;466497;726118;6556900C;Orange Polska S.A.;światłowodowe;-;Tak;Nie;-;-;-;podziemny w kanalizacji;2.3;Nie
6829604;466716;724037;6829604N;6536942;466498;724334;6536942C;Orange Polska S.A.;światłowodowe;-;Tak;Nie;-;-;-;podziemny w kanalizacji;0.8;Nie
6198525;466439;724063;6198525C;7119434;466462;724241;7119434N;NETIA S.A.;światłowodowe;-;Nie;Nie;-;-;-;podziemny;0.2;Nie
6749295;466516;727438;6749295N;6198215;466330;727716;6198215C;NETIA S.A.;światłowodowe;-;Nie;Nie;-;-;-;podziemny;0.5;Nie
6198455;466541;728513;6198455C;7144639;466664;728708;7144639N;NETIA S.A.;światłowodowe;-;Nie;Nie;-;-;-;podziemny;0.3;Nie
6198500;466544;728618;6198500C;6749676;466662;728744;6749676N;NETIA S.A.;światłowodowe;-;Nie;Nie;-;-;-;podziemny;0.2;Nie
